----- Orbital basis set information -----
Your calculation utilizes the basis: aug-cc-pVDZ 
    H, B-Ne : Obtained from the ccRepo (grant-hill.group.shef.ac.uk/ccrepo) Feb. 2017
              R. A. Kendall, T. H. Dunning, Jr., R. J. Harrison, J. Chem. Phys. 96, 6796 (1992)
         He : Obtained from the ccRepo (grant-hill.group.shef.ac.uk/ccrepo) Feb. 2017
              D. E. Woon, T. H. Dunning, Jr., J. Chem. Phys. 100, 2975 (1994)
  Li-Be, Na : Obtained from the ccRepo (grant-hill.group.shef.ac.uk/ccrepo) Feb. 2017
              B. P. Prascher, D. E. Woon, K. A. Peterson, T. H. Dunning, Jr., A. K. Wilson, Theor. Chem. Acc. 128, 69 (2011)
         Mg : Obtained from the Peterson Research Group Website (tyr0.chem.wsu.edu/~kipeters) Feb. 2017
              B. P. Prascher, D. E. Woon, K. A. Peterson, T. H. Dunning, Jr., A. K. Wilson, Theor. Chem. Acc. 128, 69 (2011)
      Al-Ar : Obtained from the ccRepo (grant-hill.group.shef.ac.uk/ccrepo) Feb. 2017
              D. E. Woon, T. H. Dunning, Jr., J. Chem. Phys. 98, 1358 (1993)
      Sc-Zn : Obtained from the ccRepo (grant-hill.group.shef.ac.uk/ccrepo) Feb. 2017
              N. B. Balabanov, K. A. Peterson, J. Chem. Phys. 123, 064107 (2005)
              N. B. Balabanov, K. A. Peterson, J. Chem. Phys. 125, 074110 (2006)
      Ga-Kr : Obtained from the ccRepo (grant-hill.group.shef.ac.uk/ccrepo) Feb. 2017
              A. K. Wilson, D. E. Woon, K. A. Peterson, T. H. Dunning, Jr., J. Chem. Phys. 110, 7667 (1999)

! -------------------------
!  BASIS SET IN INPUT FORMAT
! -------------------------

$DATA

HYDROGEN
 S 3 
   1     13.01000000000     0.01968500000
   2      1.96200000000     0.13797700000
   3      0.44460000000     0.47814800000
 S 1 
   1      0.12200000000     1.00000000000
 S 1 
   1      0.02974000000     1.00000000000
 P 1 
   1      0.72700000000     1.00000000000
 P 1 
   1      0.14100000000     1.00000000000

HELIUM
 S 3 
   1     38.36000000000     0.02380900000
   2      5.77000000000     0.15489100000
   3      1.24000000000     0.46998700000
 S 1 
   1      0.29760000000     1.00000000000
 S 1 
   1      0.07255000000     1.00000000000
 P 1 
   1      1.27500000000     1.00000000000
 P 1 
   1      0.24730000000     1.00000000000

LITHIUM
 S 8 
   1   1469.00000000000     0.00076600000
   2    220.50000000000     0.00589200000
   3     50.26000000000     0.02967100000
   4     14.24000000000     0.10918000000
   5      4.58100000000     0.28278900000
   6      1.58000000000     0.45312300000
   7      0.56400000000     0.27477400000
   8      0.07345000000     0.00975100000
 S 8 
   1   1469.00000000000    -0.00012000000
   2    220.50000000000    -0.00092300000
   3     50.26000000000    -0.00468900000
   4     14.24000000000    -0.01768200000
   5      4.58100000000    -0.04890200000
   6      1.58000000000    -0.09600900000
   7      0.56400000000    -0.13638000000
   8      0.07345000000     0.57510200000
 S 1 
   1      0.02805000000     1.00000000000
 S 1 
   1      0.00860000000     1.00000000000
 P 3 
   1      1.53400000000     0.02278400000
   2      0.27490000000     0.13910700000
   3      0.07362000000     0.50037500000
 P 1 
   1      0.02403000000     1.00000000000
 P 1 
   1      0.00580000000     1.00000000000
 D 1 
   1      0.11440000000     1.00000000000
 D 1 
   1      0.07330000000     1.00000000000

BERYLLIUM
 S 8 
   1   2940.00000000000     0.00068000000
   2    441.20000000000     0.00523600000
   3    100.50000000000     0.02660600000
   4     28.43000000000     0.09999300000
   5      9.16900000000     0.26970200000
   6      3.19600000000     0.45146900000
   7      1.15900000000     0.29507400000
   8      0.18110000000     0.01258700000
 S 8 
   1   2940.00000000000    -0.00012300000
   2    441.20000000000    -0.00096600000
   3    100.50000000000    -0.00483100000
   4     28.43000000000    -0.01931400000
   5      9.16900000000    -0.05328000000
   6      3.19600000000    -0.12072300000
   7      1.15900000000    -0.13343500000
   8      0.18110000000     0.53076700000
 S 1 
   1      0.05890000000     1.00000000000
 S 1 
   1      0.01790000000     1.00000000000
 P 3 
   1      3.61900000000     0.02911100000
   2      0.71100000000     0.16936500000
   3      0.19510000000     0.51345800000
 P 1 
   1      0.06018000000     1.00000000000
 P 1 
   1      0.01110000000     1.00000000000
 D 1 
   1      0.23540000000     1.00000000000
 D 1 
   1      0.07220000000     1.00000000000

BORON
 S 8 
   1   4570.00000000000     0.00069600000
   2    685.90000000000     0.00535300000
   3    156.50000000000     0.02713400000
   4     44.47000000000     0.10138000000
   5     14.48000000000     0.27205500000
   6      5.13100000000     0.44840300000
   7      1.89800000000     0.29012300000
   8      0.33290000000     0.01432200000
 S 8 
   1   4570.00000000000    -0.00013900000
   2    685.90000000000    -0.00109700000
   3    156.50000000000    -0.00544400000
   4     44.47000000000    -0.02191600000
   5     14.48000000000    -0.05975100000
   6      5.13100000000    -0.13873200000
   7      1.89800000000    -0.13148200000
   8      0.33290000000     0.53952600000
 S 1 
   1      0.10430000000     1.00000000000
 S 1 
   1      0.03105000000     1.00000000000
 P 3 
   1      6.00100000000     0.03548100000
   2      1.24100000000     0.19807200000
   3      0.33640000000     0.50523000000
 P 1 
   1      0.09538000000     1.00000000000
 P 1 
   1      0.02378000000     1.00000000000
 D 1 
   1      0.34300000000     1.00000000000
 D 1 
   1      0.09040000000     1.00000000000

CARBON
 S 8 
   1   6665.00000000000     0.00069200000
   2   1000.00000000000     0.00532900000
   3    228.00000000000     0.02707700000
   4     64.71000000000     0.10171800000
   5     21.06000000000     0.27474000000
   6      7.49500000000     0.44856400000
   7      2.79700000000     0.28507400000
   8      0.52150000000     0.01520400000
 S 8 
   1   6665.00000000000    -0.00014600000
   2   1000.00000000000    -0.00115400000
   3    228.00000000000    -0.00572500000
   4     64.71000000000    -0.02331200000
   5     21.06000000000    -0.06395500000
   6      7.49500000000    -0.14998100000
   7      2.79700000000    -0.12726200000
   8      0.52150000000     0.54452900000
 S 1 
   1      0.15960000000     1.00000000000
 S 1 
   1      0.04690000000     1.00000000000
 P 3 
   1      9.43900000000     0.03810900000
   2      2.00200000000     0.20948000000
   3      0.54560000000     0.50855700000
 P 1 
   1      0.15170000000     1.00000000000
 P 1 
   1      0.04041000000     1.00000000000
 D 1 
   1      0.55000000000     1.00000000000
 D 1 
   1      0.15100000000     1.00000000000

NITROGEN
 S 8 
   1   9046.00000000000     0.00070000000
   2   1357.00000000000     0.00538900000
   3    309.30000000000     0.02740600000
   4     87.73000000000     0.10320700000
   5     28.56000000000     0.27872300000
   6     10.21000000000     0.44854000000
   7      3.83800000000     0.27823800000
   8      0.74660000000     0.01544000000
 S 8 
   1   9046.00000000000    -0.00015300000
   2   1357.00000000000    -0.00120800000
   3    309.30000000000    -0.00599200000
   4     87.73000000000    -0.02454400000
   5     28.56000000000    -0.06745900000
   6     10.21000000000    -0.15807800000
   7      3.83800000000    -0.12183100000
   8      0.74660000000     0.54900300000
 S 1 
   1      0.22480000000     1.00000000000
 S 1 
   1      0.06124000000     1.00000000000
 P 3 
   1     13.55000000000     0.03991900000
   2      2.91700000000     0.21716900000
   3      0.79730000000     0.51031900000
 P 1 
   1      0.21850000000     1.00000000000
 P 1 
   1      0.05611000000     1.00000000000
 D 1 
   1      0.81700000000     1.00000000000
 D 1 
   1      0.23000000000     1.00000000000

OXYGEN
 S 8 
   1  11720.00000000000     0.00071000000
   2   1759.00000000000     0.00547000000
   3    400.80000000000     0.02783700000
   4    113.70000000000     0.10480000000
   5     37.03000000000     0.28306200000
   6     13.27000000000     0.44871900000
   7      5.02500000000     0.27095200000
   8      1.01300000000     0.01545800000
 S 8 
   1  11720.00000000000    -0.00016000000
   2   1759.00000000000    -0.00126300000
   3    400.80000000000    -0.00626700000
   4    113.70000000000    -0.02571600000
   5     37.03000000000    -0.07092400000
   6     13.27000000000    -0.16541100000
   7      5.02500000000    -0.11695500000
   8      1.01300000000     0.55736800000
 S 1 
   1      0.30230000000     1.00000000000
 S 1 
   1      0.07896000000     1.00000000000
 P 3 
   1     17.70000000000     0.04301800000
   2      3.85400000000     0.22891300000
   3      1.04600000000     0.50872800000
 P 1 
   1      0.27530000000     1.00000000000
 P 1 
   1      0.06856000000     1.00000000000
 D 1 
   1      1.18500000000     1.00000000000
 D 1 
   1      0.33200000000     1.00000000000

FLUORINE
 S 8 
   1  14710.00000000000     0.00072100000
   2   2207.00000000000     0.00555300000
   3    502.80000000000     0.02826700000
   4    142.60000000000     0.10644400000
   5     46.47000000000     0.28681400000
   6     16.70000000000     0.44864100000
   7      6.35600000000     0.26476100000
   8      1.31600000000     0.01533300000
 S 8 
   1  14710.00000000000    -0.00016500000
   2   2207.00000000000    -0.00130800000
   3    502.80000000000    -0.00649500000
   4    142.60000000000    -0.02669100000
   5     46.47000000000    -0.07369000000
   6     16.70000000000    -0.17077600000
   7      6.35600000000    -0.11232700000
   8      1.31600000000     0.56281400000
 S 1 
   1      0.38970000000     1.00000000000
 S 1 
   1      0.09863000000     1.00000000000
 P 3 
   1     22.67000000000     0.04487800000
   2      4.97700000000     0.23571800000
   3      1.34700000000     0.50852100000
 P 1 
   1      0.34710000000     1.00000000000
 P 1 
   1      0.08502000000     1.00000000000
 D 1 
   1      1.64000000000     1.00000000000
 D 1 
   1      0.46400000000     1.00000000000

NEON
 S 8 
   1  17880.00000000000     0.00073800000
   2   2683.00000000000     0.00567700000
   3    611.50000000000     0.02888300000
   4    173.50000000000     0.10854000000
   5     56.64000000000     0.29090700000
   6     20.42000000000     0.44832400000
   7      7.81000000000     0.25802600000
   8      1.65300000000     0.01506300000
 S 8 
   1  17880.00000000000    -0.00017200000
   2   2683.00000000000    -0.00135700000
   3    611.50000000000    -0.00673700000
   4    173.50000000000    -0.02766300000
   5     56.64000000000    -0.07620800000
   6     20.42000000000    -0.17522700000
   7      7.81000000000    -0.10703800000
   8      1.65300000000     0.56705000000
 S 1 
   1      0.48690000000     1.00000000000
 S 1 
   1      0.12300000000     1.00000000000
 P 3 
   1     28.39000000000     0.04608700000
   2      6.27000000000     0.24018100000
   3      1.69500000000     0.50874400000
 P 1 
   1      0.43170000000     1.00000000000
 P 1 
   1      0.10640000000     1.00000000000
 D 1 
   1      2.20200000000     1.00000000000
 D 1 
   1      0.63100000000     1.00000000000

SODIUM
 S 11 
   1  31700.00000000000     0.00045887800
   2   4755.00000000000     0.00355070000
   3   1082.00000000000     0.01826180000
   4    306.40000000000     0.07166500000
   5     99.53000000000     0.21234600000
   6     35.42000000000     0.41620300000
   7     13.30000000000     0.37302000000
   8      4.39200000000     0.06250540000
   9      1.67600000000    -0.00624532000
  10      0.58890000000     0.00243374000
  11      0.05640000000    -0.00044238100
 S 11 
   1  31700.00000000000    -0.00011216200
   2   4755.00000000000    -0.00086851200
   3   1082.00000000000    -0.00451330000
   4    306.40000000000    -0.01814360000
   5     99.53000000000    -0.05807990000
   6     35.42000000000    -0.13765300000
   7     13.30000000000    -0.19390800000
   8      4.39200000000     0.08580090000
   9      1.67600000000     0.60441900000
  10      0.58890000000     0.44171900000
  11      0.05640000000     0.01305470000
 S 11 
   1  31700.00000000000     0.00001701600
   2   4755.00000000000     0.00013069300
   3   1082.00000000000     0.00068778400
   4    306.40000000000     0.00272359000
   5     99.53000000000     0.00895529000
   6     35.42000000000     0.02078320000
   7     13.30000000000     0.03193800000
   8      4.39200000000    -0.01913680000
   9      1.67600000000    -0.10259500000
  10      0.58890000000    -0.19894500000
  11      0.05640000000     0.65595200000
 S 1 
   1      0.02307000000     1.00000000000
 S 1 
   1      0.00720000000     1.00000000000
 P 7 
   1    138.10000000000     0.00579641000
   2     32.24000000000     0.04157560000
   3      9.98500000000     0.16287300000
   4      3.48400000000     0.35940100000
   5      1.23100000000     0.44998800000
   6      0.41770000000     0.22750700000
   7      0.06513000000     0.00808247000
 P 7 
   1    138.10000000000    -0.00058153100
   2     32.24000000000    -0.00407306000
   3      9.98500000000    -0.01679370000
   4      3.48400000000    -0.03532680000
   5      1.23100000000    -0.05219710000
   6      0.41770000000    -0.01683590000
   7      0.06513000000     0.43461300000
 P 1 
   1      0.02053000000     1.00000000000
 P 1 
   1      0.00570000000     1.00000000000
 D 1 
   1      0.09280000000     1.00000000000
 D 1 
   1      0.04800000000     1.00000000000

MAGNESIUM
 S 11 
   1  47390.00000000000     0.00034602300
   2   7108.00000000000     0.00268077000
   3   1618.00000000000     0.01383670000
   4    458.40000000000     0.05517670000
   5    149.30000000000     0.16966000000
   6     53.59000000000     0.36470300000
   7     20.70000000000     0.40685600000
   8      8.38400000000     0.13508900000
   9      2.54200000000     0.00490884000
  10      0.87870000000     0.00028646000
  11      0.10770000000     0.00002645900
 S 11 
   1  47390.00000000000    -0.00008778390
   2   7108.00000000000    -0.00067472500
   3   1618.00000000000    -0.00355603000
   4    458.40000000000    -0.01421540000
   5    149.30000000000    -0.04767480000
   6     53.59000000000    -0.11489200000
   7     20.70000000000    -0.20067600000
   8      8.38400000000    -0.03412240000
   9      2.54200000000     0.57045400000
  10      0.87870000000     0.54230900000
  11      0.10770000000     0.02181280000
 S 11 
   1  47390.00000000000     0.00001696280
   2   7108.00000000000     0.00012986500
   3   1618.00000000000     0.00068883100
   4    458.40000000000     0.00273533000
   5    149.30000000000     0.00931224000
   6     53.59000000000     0.02232650000
   7     20.70000000000     0.04111950000
   8      8.38400000000     0.00545642000
   9      2.54200000000    -0.13401200000
  10      0.87870000000    -0.25617600000
  11      0.10770000000     0.60585600000
 S 1 
   1      0.03999000000     1.00000000000
 P 7 
   1    179.90000000000     0.00538161000
   2     42.14000000000     0.03924180000
   3     13.13000000000     0.15744500000
   4      4.62800000000     0.35853500000
   5      1.67000000000     0.45722600000
   6      0.58570000000     0.21591800000
   7      0.13110000000     0.00664948000
 P 7 
   1    179.90000000000    -0.00086594800
   2     42.14000000000    -0.00615978000
   3     13.13000000000    -0.02615190000
   4      4.62800000000    -0.05706470000
   5      1.67000000000    -0.08739060000
   6      0.58570000000    -0.01229900000
   7      0.13110000000     0.50208500000
 P 1 
   1      0.04112000000     1.00000000000
 D 1 
   1      0.19320000000     1.00000000000
 S 1 
   1      0.01420000000     1.00000000000
 P 1 
   1      0.01050000000     1.00000000000
 D 1 
   1      0.06050000000     1.00000000000

ALUMINUM
 S 11 
   1  64150.00000000000     0.00029025000
   2   9617.00000000000     0.00225064000
   3   2189.00000000000     0.01164590000
   4    620.50000000000     0.04673770000
   5    202.70000000000     0.14629900000
   6     73.15000000000     0.33028300000
   7     28.55000000000     0.41586100000
   8     11.77000000000     0.18925300000
   9      3.30000000000     0.01158890000
  10      1.17300000000    -0.00128385000
  11      0.17520000000     0.00042588300
 S 11 
   1  64150.00000000000    -0.00007580480
   2   9617.00000000000    -0.00058179100
   3   2189.00000000000    -0.00308113000
   4    620.50000000000    -0.01231120000
   5    202.70000000000    -0.04197810000
   6     73.15000000000    -0.10337100000
   7     28.55000000000    -0.19630800000
   8     11.77000000000    -0.08300020000
   9      3.30000000000     0.54104000000
  10      1.17300000000     0.57879600000
  11      0.17520000000     0.02881470000
 S 11 
   1  64150.00000000000     0.00001750780
   2   9617.00000000000     0.00013420800
   3   2189.00000000000     0.00071244200
   4    620.50000000000     0.00284330000
   5    202.70000000000     0.00976842000
   6     73.15000000000     0.02418500000
   7     28.55000000000     0.04749930000
   8     11.77000000000     0.02036210000
   9      3.30000000000    -0.15878800000
  10      1.17300000000    -0.31169400000
  11      0.17520000000     0.62014700000
 S 1 
   1      0.06473000000     1.00000000000
 S 1 
   1      0.02310000000     1.00000000000
 P 7 
   1    258.80000000000     0.00406847000
   2     60.89000000000     0.03068150000
   3     19.14000000000     0.12914900000
   4      6.88100000000     0.32083100000
   5      2.57400000000     0.45381500000
   6      0.95720000000     0.27506600000
   7      0.20990000000     0.01908070000
 P 7 
   1    258.80000000000    -0.00074805300
   2     60.89000000000    -0.00545796000
   3     19.14000000000    -0.02453710000
   4      6.88100000000    -0.05821380000
   5      2.57400000000    -0.09837560000
   6      0.95720000000    -0.02600640000
   7      0.20990000000     0.46402000000
 P 1 
   1      0.05986000000     1.00000000000
 P 1 
   1      0.01530000000     1.00000000000
 D 1 
   1      0.18900000000     1.00000000000
 D 1 
   1      0.05350000000     1.00000000000

SILICON
 S 11 
   1  78860.00000000000     0.00027044300
   2  11820.00000000000     0.00209717000
   3   2692.00000000000     0.01085060000
   4    763.40000000000     0.04367540000
   5    249.60000000000     0.13765300000
   6     90.28000000000     0.31664400000
   7     35.29000000000     0.41858100000
   8     14.51000000000     0.21021200000
   9      4.05300000000     0.01449520000
  10      1.48200000000    -0.00203590000
  11      0.25170000000     0.00062418600
 S 11 
   1  78860.00000000000    -0.00007231770
   2  11820.00000000000    -0.00055511600
   3   2692.00000000000    -0.00293805000
   4    763.40000000000    -0.01176870000
   5    249.60000000000    -0.04029070000
   6     90.28000000000    -0.10060900000
   7     35.29000000000    -0.19652800000
   8     14.51000000000    -0.10238200000
   9      4.05300000000     0.52719000000
  10      1.48200000000     0.59325100000
  11      0.25170000000     0.03326520000
 S 11 
   1  78860.00000000000     0.00001851130
   2  11820.00000000000     0.00014223600
   3   2692.00000000000     0.00075218500
   4    763.40000000000     0.00302279000
   5    249.60000000000     0.01036770000
   6     90.28000000000     0.02625630000
   7     35.29000000000     0.05239890000
   8     14.51000000000     0.02909590000
   9      4.05300000000    -0.17800300000
  10      1.48200000000    -0.34687400000
  11      0.25170000000     0.62302000000
 S 1 
   1      0.09243000000     1.00000000000
 S 1 
   1      0.03320000000     1.00000000000
 P 7 
   1    315.90000000000     0.00392656000
   2     74.42000000000     0.02988110000
   3     23.48000000000     0.12721200000
   4      8.48800000000     0.32094300000
   5      3.21700000000     0.45542900000
   6      1.22900000000     0.26856300000
   7      0.29640000000     0.01883360000
 P 7 
   1    315.90000000000    -0.00085830200
   2     74.42000000000    -0.00630328000
   3     23.48000000000    -0.02882550000
   4      8.48800000000    -0.06945600000
   5      3.21700000000    -0.11949300000
   6      1.22900000000    -0.01995810000
   7      0.29640000000     0.51026800000
 P 1 
   1      0.08768000000     1.00000000000
 P 1 
   1      0.02500000000     1.00000000000
 D 1 
   1      0.27500000000     1.00000000000
 D 1 
   1      0.08230000000     1.00000000000

PHOSPHOROUS
 S 11 
   1  94840.00000000000     0.00025550900
   2  14220.00000000000     0.00198193000
   3   3236.00000000000     0.01027600000
   4    917.10000000000     0.04148230000
   5    299.50000000000     0.13198400000
   6    108.10000000000     0.30866200000
   7     42.18000000000     0.42064700000
   8     17.28000000000     0.22287800000
   9      4.85800000000     0.01640350000
  10      1.81800000000    -0.00254255000
  11      0.33720000000     0.00074805000
 S 11 
   1  94840.00000000000    -0.00006969390
   2  14220.00000000000    -0.00053526600
   3   3236.00000000000    -0.00283709000
   4    917.10000000000    -0.01139830000
   5    299.50000000000    -0.03929290000
   6    108.10000000000    -0.09963640000
   7     42.18000000000    -0.19798300000
   8     17.28000000000    -0.11486000000
   9      4.85800000000     0.51859500000
  10      1.81800000000     0.60184700000
  11      0.33720000000     0.03686120000
 S 11 
   1  94840.00000000000     0.00001911990
   2  14220.00000000000     0.00014722300
   3   3236.00000000000     0.00077791200
   4    917.10000000000     0.00314546000
   5    299.50000000000     0.01082000000
   6    108.10000000000     0.02799570000
   7     42.18000000000     0.05639780000
   8     17.28000000000     0.03581900000
   9      4.85800000000    -0.19338700000
  10      1.81800000000    -0.37209700000
  11      0.33720000000     0.62424600000
 S 1 
   1      0.12320000000     1.00000000000
 S 1 
   1      0.04170000000     1.00000000000
 P 7 
   1    370.50000000000     0.00395005000
   2     87.33000000000     0.03024920000
   3     27.59000000000     0.12955400000
   4     10.00000000000     0.32759400000
   5      3.82500000000     0.45699200000
   6      1.49400000000     0.25308600000
   7      0.39210000000     0.01687980000
 P 7 
   1    370.50000000000    -0.00095983200
   2     87.33000000000    -0.00711177000
   3     27.59000000000    -0.03271220000
   4     10.00000000000    -0.07957840000
   5      3.82500000000    -0.13501600000
   6      1.49400000000    -0.00910585000
   7      0.39210000000     0.53780200000
 P 1 
   1      0.11860000000     1.00000000000
 P 1 
   1      0.03430000000     1.00000000000
 D 1 
   1      0.37300000000     1.00000000000
 D 1 
   1      0.11300000000     1.00000000000

SULFUR
 S 11 
   1  110800.00000000000     0.00024763500
   2  16610.00000000000     0.00192026000
   3   3781.00000000000     0.00996192000
   4   1071.00000000000     0.04029750000
   5    349.80000000000     0.12860400000
   6    126.30000000000     0.30348000000
   7     49.26000000000     0.42143200000
   8     20.16000000000     0.23078100000
   9      5.72000000000     0.01789710000
  10      2.18200000000    -0.00297516000
  11      0.43270000000     0.00084952200
 S 11 
   1  110800.00000000000    -0.00006870390
   2  16610.00000000000    -0.00052768100
   3   3781.00000000000    -0.00279671000
   4   1071.00000000000    -0.01126510000
   5    349.80000000000    -0.03888340000
   6    126.30000000000    -0.09950250000
   7     49.26000000000    -0.19974000000
   8     20.16000000000    -0.12336000000
   9      5.72000000000     0.51319400000
  10      2.18200000000     0.60712000000
  11      0.43270000000     0.03967530000
 S 11 
   1  110800.00000000000     0.00001990770
   2  16610.00000000000     0.00015348300
   3   3781.00000000000     0.00080950300
   4   1071.00000000000     0.00328974000
   5    349.80000000000     0.01129670000
   6    126.30000000000     0.02963850000
   7     49.26000000000     0.05998510000
   8     20.16000000000     0.04132480000
   9      5.72000000000    -0.20747400000
  10      2.18200000000    -0.39288900000
  11      0.43270000000     0.63284000000
 S 1 
   1      0.15700000000     1.00000000000
 S 1 
   1      0.05070000000     1.00000000000
 P 7 
   1    399.70000000000     0.00447541000
   2     94.19000000000     0.03417080000
   3     29.75000000000     0.14425000000
   4     10.77000000000     0.35392800000
   5      4.11900000000     0.45908500000
   6      1.62500000000     0.20638300000
   7      0.47260000000     0.01021410000
 P 7 
   1    399.70000000000    -0.00116251000
   2     94.19000000000    -0.00865664000
   3     29.75000000000    -0.03908860000
   4     10.77000000000    -0.09346250000
   5      4.11900000000    -0.14799400000
   6      1.62500000000     0.03019040000
   7      0.47260000000     0.56157300000
 P 1 
   1      0.14070000000     1.00000000000
 P 1 
   1      0.03990000000     1.00000000000
 D 1 
   1      0.47900000000     1.00000000000
 D 1 
   1      0.15200000000     1.00000000000

CHLORINE
 S 11 
   1  127900.00000000000     0.00024115300
   2  19170.00000000000     0.00187095000
   3   4363.00000000000     0.00970827000
   4   1236.00000000000     0.03931530000
   5    403.60000000000     0.12593200000
   6    145.70000000000     0.29934100000
   7     56.81000000000     0.42188600000
   8     23.23000000000     0.23720100000
   9      6.64400000000     0.01915310000
  10      2.57500000000    -0.00334792000
  11      0.53710000000     0.00092988300
 S 11 
   1  127900.00000000000    -0.00006789220
   2  19170.00000000000    -0.00052183600
   3   4363.00000000000    -0.00276513000
   4   1236.00000000000    -0.01115370000
   5    403.60000000000    -0.03859190000
   6    145.70000000000    -0.09948480000
   7     56.81000000000    -0.20139200000
   8     23.23000000000    -0.13031300000
   9      6.64400000000     0.50944300000
  10      2.57500000000     0.61072500000
  11      0.53710000000     0.04215490000
 S 11 
   1  127900.00000000000     0.00002049860
   2  19170.00000000000     0.00015829800
   3   4363.00000000000     0.00083363900
   4   1236.00000000000     0.00339880000
   5    403.60000000000     0.01167380000
   6    145.70000000000     0.03096220000
   7     56.81000000000     0.06295330000
   8     23.23000000000     0.04602570000
   9      6.64400000000    -0.21931200000
  10      2.57500000000    -0.40877300000
  11      0.53710000000     0.63846500000
 S 1 
   1      0.19380000000     1.00000000000
 S 1 
   1      0.06080000000     1.00000000000
 P 7 
   1    417.60000000000     0.00525982000
   2     98.33000000000     0.03983320000
   3     31.04000000000     0.16465500000
   4     11.19000000000     0.38732200000
   5      4.24900000000     0.45707200000
   6      1.62400000000     0.15163600000
   7      0.53220000000     0.00181615000
 P 7 
   1    417.60000000000    -0.00143570000
   2     98.33000000000    -0.01077960000
   3     31.04000000000    -0.04700750000
   4     11.19000000000    -0.11103000000
   5      4.24900000000    -0.15327500000
   6      1.62400000000     0.08946090000
   7      0.53220000000     0.57944400000
 P 1 
   1      0.16200000000     1.00000000000
 P 1 
   1      0.04660000000     1.00000000000
 D 1 
   1      0.60000000000     1.00000000000
 D 1 
   1      0.19600000000     1.00000000000

ARGON
 S 11 
   1  145700.00000000000     0.00023670000
   2  21840.00000000000     0.00183523000
   3   4972.00000000000     0.00952860000
   4   1408.00000000000     0.03862830000
   5    459.70000000000     0.12408100000
   6    165.90000000000     0.29647100000
   7     64.69000000000     0.42206800000
   8     26.44000000000     0.24171100000
   9      7.62800000000     0.02005090000
  10      2.99600000000    -0.00361000000
  11      0.65040000000     0.00097560700
 S 11 
   1  145700.00000000000    -0.00006749100
   2  21840.00000000000    -0.00051852200
   3   4972.00000000000    -0.00274825000
   4   1408.00000000000    -0.01110070000
   5    459.70000000000    -0.03848200000
   6    165.90000000000    -0.09975990000
   7     64.69000000000    -0.20308800000
   8     26.44000000000    -0.13560800000
   9      7.62800000000     0.50719500000
  10      2.99600000000     0.61289800000
  11      0.65040000000     0.04429680000
 S 11 
   1  145700.00000000000     0.00002104570
   2  21840.00000000000     0.00016256500
   3   4972.00000000000     0.00085546300
   4   1408.00000000000     0.00349745000
   5    459.70000000000     0.01201560000
   6    165.90000000000     0.03213680000
   7     64.69000000000     0.06552790000
   8     26.44000000000     0.04993700000
   9      7.62800000000    -0.22976900000
  10      2.99600000000    -0.42100600000
  11      0.65040000000     0.64233100000
 S 1 
   1      0.23370000000     1.00000000000
 S 1 
   1      0.07090000000     1.00000000000
 P 7 
   1    453.70000000000     0.00570555000
   2    106.80000000000     0.04304600000
   3     33.73000000000     0.17659100000
   4     12.13000000000     0.40686300000
   5      4.59400000000     0.45254900000
   6      1.67800000000     0.12280100000
   7      0.59090000000    -0.00445996000
 P 7 
   1    453.70000000000    -0.00160655000
   2    106.80000000000    -0.01217140000
   3     33.73000000000    -0.05207890000
   4     12.13000000000    -0.12373700000
   5      4.59400000000    -0.15161900000
   6      1.67800000000     0.14242500000
   7      0.59090000000     0.58450100000
 P 1 
   1      0.18520000000     1.00000000000
 P 1 
   1      0.05330000000     1.00000000000
 D 1 
   1      0.73800000000     1.00000000000
 D 1 
   1      0.24000000000     1.00000000000

SCANDIUM
 S 19 
   1  2715278.00000000000     0.00000814720
   2  406598.40000000002     0.00006334790
   3  92530.03999999999     0.00033303840
   4  26207.92000000000     0.00140405500
   5   8549.42900000000     0.00508172500
   6   3085.97500000000     0.01626926000
   7   1203.17200000000     0.04624577000
   8    498.48690000000     0.11372230000
   9    216.73600000000     0.22576360000
  10     97.87476000000     0.31067000000
  11     45.20433000000     0.21919060000
  12     20.21187000000     0.07215879000
  13      9.57475100000     0.11870300000
  14      4.54034600000     0.12205320000
  15      1.99568700000     0.02136795000
  16      0.94221500000    -0.00053572460
  17      0.41784500000     0.00024357740
  18      0.09576100000    -0.00008796620
  19      0.05135100000     0.00007878250
 S 19 
   1  2715278.00000000000    -0.00000472210
   2  406598.40000000002    -0.00003671830
   3  92530.03999999999    -0.00019308830
   4  26207.92000000000    -0.00081468700
   5   8549.42900000000    -0.00295552600
   6   3085.97500000000    -0.00952003500
   7   1203.17200000000    -0.02746858000
   8    498.48690000000    -0.06991528000
   9    216.73600000000    -0.14992510000
  10     97.87476000000    -0.24591530000
  11     45.20433000000    -0.24012930000
  12     20.21187000000     0.03567987000
  13      9.57475100000     0.49150230000
  14      4.54034600000     0.49113810000
  15      1.99568700000     0.09120633000
  16      0.94221500000    -0.00535672300
  17      0.41784500000     0.00088128360
  18      0.09576100000    -0.00076055360
  19      0.05135100000     0.00063401160
 S 19 
   1  2715278.00000000000     0.00000091400
   2  406598.40000000002     0.00000710850
   3  92530.03999999999     0.00003738130
   4  26207.92000000000     0.00015788280
   5   8549.42900000000     0.00057376860
   6   3085.97500000000     0.00185924400
   7   1203.17200000000     0.00543318200
   8    498.48690000000     0.01425387000
   9    216.73600000000     0.03246144000
  10     97.87476000000     0.06003454000
  11     45.20433000000     0.06916105000
  12     20.21187000000    -0.02113084000
  13      9.57475100000    -0.26668320000
  14      4.54034600000    -0.43675910000
  15      1.99568700000     0.06498243000
  16      0.94221500000     0.70095990000
  17      0.41784500000     0.45155620000
  18      0.09576100000     0.03011910000
  19      0.05135100000    -0.01329480000
 S 19 
   1  2715278.00000000000    -0.00000022020
   2  406598.40000000002    -0.00000171140
   3  92530.03999999999    -0.00000900850
   4  26207.92000000000    -0.00003800000
   5   8549.42900000000    -0.00013832270
   6   3085.97500000000    -0.00044736920
   7   1203.17200000000    -0.00131069100
   8    498.48690000000    -0.00342986000
   9    216.73600000000    -0.00784757900
  10     97.87476000000    -0.01447189000
  11     45.20433000000    -0.01690669000
  12     20.21187000000     0.00539611500
  13      9.57475100000     0.06671062000
  14      4.54034600000     0.11783560000
  15      1.99568700000    -0.02738134000
  16      0.94221500000    -0.22601490000
  17      0.41784500000    -0.30735390000
  18      0.09576100000     0.25440540000
  19      0.05135100000     0.59815900000
 S 19 
   1  2715278.00000000000    -0.00000037570
   2  406598.40000000002    -0.00000298190
   3  92530.03999999999    -0.00001522590
   4  26207.92000000000    -0.00006684690
   5   8549.42900000000    -0.00023131290
   6   3085.97500000000    -0.00079597290
   7   1203.17200000000    -0.00216196100
   8    498.48690000000    -0.00620645900
   9    216.73600000000    -0.01261905000
  10     97.87476000000    -0.02739459000
  11     45.20433000000    -0.02336516000
  12     20.21187000000    -0.00573462700
  13      9.57475100000     0.15360250000
  14      4.54034600000     0.14471000000
  15      1.99568700000     0.09359699000
  16      0.94221500000    -0.86877300000
  17      0.41784500000     0.02114597000
  18      0.09576100000     2.27549800000
  19      0.05135100000    -1.19077000000
 S 1 
   1      0.02387800000     1.00000000000
 S 1 
   1      0.01110000000     1.00000000000
 P 15 
   1  10592.19000000000     0.00004500000
   2   2507.53300000000     0.00040100000
   3    814.45710000000     0.00230200000
   4    311.51950000000     0.01003700000
   5    131.96170000000     0.03495400000
   6     59.98718000000     0.09790900000
   7     28.66250000000     0.21068000000
   8     14.10851000000     0.33009300000
   9      7.10370600000     0.33102700000
  10      3.60920000000     0.15796000000
  11      1.77607000000     0.02209900000
  12      0.85476000000    -0.00160500000
  13      0.40223900000    -0.00132600000
  14      0.15466500000    -0.00028000000
  15      0.06494500000     0.00003400000
 P 15 
   1  10592.19000000000    -0.00001500000
   2   2507.53300000000    -0.00013100000
   3    814.45710000000    -0.00075700000
   4    311.51950000000    -0.00331800000
   5    131.96170000000    -0.01170600000
   6     59.98718000000    -0.03360400000
   7     28.66250000000    -0.07487900000
   8     14.10851000000    -0.12254800000
   9      7.10370600000    -0.13027600000
  10      3.60920000000     0.01459600000
  11      1.77607000000     0.30918400000
  12      0.85476000000     0.46299800000
  13      0.40223900000     0.30495700000
  14      0.15466500000     0.05087800000
  15      0.06494500000    -0.00449300000
 P 15 
   1  10592.19000000000    -0.00000400000
   2   2507.53300000000    -0.00003200000
   3    814.45710000000    -0.00018500000
   4    311.51950000000    -0.00080800000
   5    131.96170000000    -0.00287000000
   6     59.98718000000    -0.00820700000
   7     28.66250000000    -0.01847300000
   8     14.10851000000    -0.03010100000
   9      7.10370600000    -0.03294300000
  10      3.60920000000     0.00795800000
  11      1.77607000000     0.08799300000
  12      0.85476000000     0.15237700000
  13      0.40223900000     0.09717000000
  14      0.15466500000    -0.25693800000
  15      0.06494500000    -0.58781500000
 P 15 
   1  10592.19000000000     0.00000400000
   2   2507.53300000000     0.00003900000
   3    814.45710000000     0.00022100000
   4    311.51950000000     0.00098400000
   5    131.96170000000     0.00342300000
   6     59.98718000000     0.00999300000
   7     28.66250000000     0.02191600000
   8     14.10851000000     0.03700800000
   9      7.10370600000     0.03779400000
  10      3.60920000000    -0.00437900000
  11      1.77607000000    -0.11016400000
  12      0.85476000000    -0.16101700000
  13      0.40223900000    -0.18248200000
  14      0.15466500000     0.38861100000
  15      0.06494500000     0.69110000000
 P 1 
   1      0.02635900000     1.00000000000
 P 1 
   1      0.01066000000     1.00000000000
 D 7 
   1     50.51380000000     0.00426600000
   2     14.74050000000     0.02770800000
   3      5.19500000000     0.10000100000
   4      2.02846000000     0.23158100000
   5      0.80408600000     0.34603300000
   6      0.30768900000     0.37337400000
   7      0.11139200000     0.26428800000
 D 7 
   1     50.51380000000    -0.00438900000
   2     14.74050000000    -0.02836300000
   3      5.19500000000    -0.10513700000
   4      2.02846000000    -0.23485400000
   5      0.80408600000    -0.32460900000
   6      0.30768900000    -0.06428900000
   7      0.11139200000     0.60174900000
 D 1 
   1      0.03735200000     1.00000000000
 D 1 
   1      0.01244000000     1.00000000000
 F 2 
   1      0.71260000000     0.36174500000
   2      0.16360000000     0.82186800000
 F 1 
   1      0.04063000000     1.00000000000

TITANIUM
 S 19 
   1  3014643.00000000000     0.00000806080
   2  451432.90000000002     0.00006267520
   3  102733.80000000000     0.00032950060
   4  29098.17000000000     0.00138920300
   5   9492.33000000000     0.00502846900
   6   3426.34600000000     0.01610419000
   7   1335.89600000000     0.04581232000
   8    553.50260000000     0.11286130000
   9    240.69250000000     0.22481930000
  10    108.72930000000     0.31145710000
  11     50.26457000000     0.22249950000
  12     22.58004000000     0.07293128000
  13     10.71432000000     0.11606830000
  14      5.09354600000     0.11947740000
  15      2.24418300000     0.02097868000
  16      1.05957000000    -0.00050917150
  17      0.46884900000     0.00022178590
  18      0.10614300000    -0.00007636900
  19      0.05526200000     0.00007719540
 S 19 
   1  3014643.00000000000    -0.00000463050
   2  451432.90000000002    -0.00003600450
   3  102733.80000000000    -0.00018934200
   4  29098.17000000000    -0.00079887810
   5   9492.33000000000    -0.00289869800
   6   3426.34600000000    -0.00933970100
   7   1335.89600000000    -0.02697464000
   8    553.50260000000    -0.06878913000
   9    240.69250000000    -0.14810370000
  10    108.72930000000    -0.24452530000
  11     50.26457000000    -0.24199160000
  12     22.58004000000     0.03183790000
  13     10.71432000000     0.49326860000
  14      5.09354600000     0.49396550000
  15      2.24418300000     0.09196313000
  16      1.05957000000    -0.00531699200
  17      0.46884900000     0.00080856240
  18      0.10614300000    -0.00069184590
  19      0.05526200000     0.00060865120
 S 19 
   1  3014643.00000000000     0.00000092310
   2  451432.90000000002     0.00000717900
   3  102733.80000000000     0.00003775130
   4  29098.17000000000     0.00015945320
   5   9492.33000000000     0.00057951500
   6   3426.34600000000     0.00187841400
   7   1335.89600000000     0.00549274700
   8    553.50260000000     0.01443297000
   9    240.69250000000     0.03296408000
  10    108.72930000000     0.06125493000
  11     50.26457000000     0.07134113000
  12     22.58004000000    -0.01973150000
  13     10.71432000000    -0.27418690000
  14      5.09354600000    -0.44409770000
  15      2.24418300000     0.07776084000
  16      1.05957000000     0.70684440000
  17      0.46884900000     0.44138920000
  18      0.10614300000     0.02799769000
  19      0.05526200000    -0.01210790000
 S 19 
   1  3014643.00000000000    -0.00000021800
   2  451432.90000000002    -0.00000169490
   3  102733.80000000000    -0.00000891920
   4  29098.17000000000    -0.00003763630
   5   9492.33000000000    -0.00013695750
   6   3426.34600000000    -0.00044328940
   7   1335.89600000000    -0.00129886800
   8    553.50260000000    -0.00340675200
   9    240.69250000000    -0.00781082900
  10    108.72930000000    -0.01449245000
  11     50.26457000000    -0.01708136000
  12     22.58004000000     0.00489766600
  13     10.71432000000     0.06753108000
  14      5.09354600000     0.11733180000
  15      2.24418300000    -0.02985025000
  16      1.05957000000    -0.22776340000
  17      0.46884900000    -0.29281150000
  18      0.10614300000     0.26653000000
  19      0.05526200000     0.59124060000
 S 19 
   1  3014643.00000000000    -0.00000039750
   2  451432.90000000002    -0.00000316110
   3  102733.80000000000    -0.00001609380
   4  29098.17000000000    -0.00007092950
   5   9492.33000000000    -0.00024427100
   6   3426.34600000000    -0.00084578920
   7   1335.89600000000    -0.00228220800
   8    553.50260000000    -0.00661987300
   9    240.69250000000    -0.01335024000
  10    108.72930000000    -0.02955830000
  11     50.26457000000    -0.02477039000
  12     22.58004000000    -0.00841462400
  13     10.71432000000     0.16938550000
  14      5.09354600000     0.15007870000
  15      2.24418300000     0.09787777000
  16      1.05957000000    -0.96536080000
  17      0.46884900000     0.14897210000
  18      0.10614300000     2.19117900000
  19      0.05526200000    -1.24332500000
 S 1 
   1      0.02546500000     1.00000000000
 S 1 
   1      0.01173000000     1.00000000000
 P 15 
   1  11912.03000000000     0.00004400000
   2   2819.94700000000     0.00039100000
   3    915.94790000000     0.00224800000
   4    350.38420000000     0.00982300000
   5    148.48250000000     0.03433800000
   6     67.53944000000     0.09666600000
   7     32.30332000000     0.20941700000
   8     15.92786000000     0.33018900000
   9      8.03803500000     0.33193600000
  10      4.09391600000     0.15848800000
  11      2.02239000000     0.02231000000
  12      0.97610200000    -0.00156600000
  13      0.45959500000    -0.00132400000
  14      0.17715200000    -0.00027100000
  15      0.07351700000     0.00003200000
 P 15 
   1  11912.03000000000    -0.00001500000
   2   2819.94700000000    -0.00013100000
   3    915.94790000000    -0.00075500000
   4    350.38420000000    -0.00331900000
   5    148.48250000000    -0.01175000000
   6     67.53944000000    -0.03392200000
   7     32.30332000000    -0.07616400000
   8     15.92786000000    -0.12570200000
   9      8.03803500000    -0.13309800000
  10      4.09391600000     0.01740600000
  11      2.02239000000     0.31516500000
  12      0.97610200000     0.46181400000
  13      0.45959500000     0.29985600000
  14      0.17715200000     0.05000000000
  15      0.07351700000    -0.00423000000
 P 15 
   1  11912.03000000000     0.00000400000
   2   2819.94700000000     0.00003100000
   3    915.94790000000     0.00018200000
   4    350.38420000000     0.00079500000
   5    148.48250000000     0.00283300000
   6     67.53944000000     0.00815400000
   7     32.30332000000     0.01847200000
   8     15.92786000000     0.03040000000
   9      8.03803500000     0.03304700000
  10      4.09391600000    -0.00825100000
  11      2.02239000000    -0.08855400000
  12      0.97610200000    -0.14961200000
  13      0.45959500000    -0.09422700000
  14      0.17715200000     0.25084600000
  15      0.07351700000     0.58664300000
 P 15 
   1  11912.03000000000     0.00000400000
   2   2819.94700000000     0.00003900000
   3    915.94790000000     0.00022300000
   4    350.38420000000     0.00099200000
   5    148.48250000000     0.00347600000
   6     67.53944000000     0.01017200000
   7     32.30332000000     0.02257600000
   8     15.92786000000     0.03823800000
   9      8.03803500000     0.03933700000
  10      4.09391600000    -0.00610600000
  11      2.02239000000    -0.11296200000
  12      0.97610200000    -0.16811400000
  13      0.45959500000    -0.16593200000
  14      0.17715200000     0.39140300000
  15      0.07351700000     0.68184000000
 P 1 
   1      0.02940100000     1.00000000000
 P 1 
   1      0.01176000000     1.00000000000
 D 7 
   1     64.01300000000     0.00388700000
   2     18.81790000000     0.02639900000
   3      6.72870000000     0.09751100000
   4      2.66413000000     0.23284800000
   5      1.07868000000     0.35315200000
   6      0.42320900000     0.37218600000
   7      0.15599900000     0.24767200000
 D 7 
   1     64.01300000000    -0.00397000000
   2     18.81790000000    -0.02687300000
   3      6.72870000000    -0.10227500000
   4      2.66413000000    -0.23772800000
   5      1.07868000000    -0.31211400000
   6      0.42320900000    -0.04237800000
   7      0.15599900000     0.58865800000
 D 1 
   1      0.05188400000     1.00000000000
 D 1 
   1      0.01726000000     1.00000000000
 F 2 
   1      1.22740000000     0.35815800000
   2      0.27880000000     0.82579400000
 F 1 
   1      0.08266000000     1.00000000000

VANADIUM
 S 19 
   1  3321857.00000000000     0.00000804000
   2  497435.59999999998     0.00006251400
   3  113202.70000000000     0.00032865530
   4  32063.33000000000     0.00138569700
   5  10459.62000000000     0.00501621700
   6   3775.50600000000     0.01606931000
   7   1472.04000000000     0.04574242000
   8    609.93310000000     0.11285440000
   9    265.26340000000     0.22543440000
  10    119.86070000000     0.31404610000
  11     55.44891000000     0.22678190000
  12     24.98372000000     0.07334069000
  13     11.88056000000     0.11024740000
  14      5.66031100000     0.11313580000
  15      2.49570300000     0.01971295000
  16      1.17786600000    -0.00047190880
  17      0.52004400000     0.00018616060
  18      0.11596500000    -0.00006208600
  19      0.05893800000     0.00007295310
 S 19 
   1  3321857.00000000000    -0.00000450300
   2  497435.59999999998    -0.00003501300
   3  113202.70000000000    -0.00018413390
   4  32063.33000000000    -0.00077692160
   5  10459.62000000000    -0.00281950500
   6   3775.50600000000    -0.00908748600
   7   1472.04000000000    -0.02627134000
   8    609.93310000000    -0.06712726000
   9    265.26340000000    -0.14511300000
  10    119.86070000000    -0.24124830000
  11     55.44891000000    -0.24163140000
  12     24.98372000000     0.03067362000
  13     11.88056000000     0.49704150000
  14      5.66031100000     0.49588750000
  15      2.49570300000     0.09181868000
  16      1.17786600000    -0.00539251400
  17      0.52004400000     0.00071023800
  18      0.11596500000    -0.00063631280
  19      0.05893800000     0.00059799320
 S 19 
   1  3321857.00000000000     0.00000093210
   2  497435.59999999998     0.00000724930
   3  113202.70000000000     0.00003811970
   4  32063.33000000000     0.00016102380
   5  10459.62000000000     0.00058522100
   6   3775.50600000000     0.00189750200
   7   1472.04000000000     0.00555090900
   8    609.93310000000     0.01460584000
   9    265.26340000000     0.03342974000
  10    119.86070000000     0.06235722000
  11     55.44891000000     0.07312435000
  12     24.98372000000    -0.01911472000
  13     11.88056000000    -0.28172490000
  14      5.66031100000    -0.44881510000
  15      2.49570300000     0.09202696000
  16      1.17786600000     0.71101170000
  17      0.52004400000     0.43092740000
  18      0.11596500000     0.02604589000
  19      0.05893800000    -0.01101049000
 S 19 
   1  3321857.00000000000    -0.00000021590
   2  497435.59999999998    -0.00000167850
   3  113202.70000000000    -0.00000883120
   4  32063.33000000000    -0.00003727770
   5  10459.62000000000    -0.00013560990
   6   3775.50600000000    -0.00043923510
   7   1472.04000000000    -0.00128694800
   8    609.93310000000    -0.00338214900
   9    265.26340000000    -0.00776564600
  10    119.86070000000    -0.01447985000
  11     55.44891000000    -0.01715502000
  12     24.98372000000     0.00461010100
  13     11.88056000000     0.06827831000
  14      5.66031100000     0.11613680000
  15      2.49570300000    -0.03277049000
  16      1.17786600000    -0.22800000000
  17      0.52004400000    -0.27939910000
  18      0.11596500000     0.27711650000
  19      0.05893800000     0.58529990000
 S 19 
   1  3321857.00000000000    -0.00000040930
   2  497435.59999999998    -0.00000325900
   3  113202.70000000000    -0.00001656390
   4  32063.33000000000    -0.00007316690
   5  10459.62000000000    -0.00025127840
   6   3775.50600000000    -0.00087326570
   7   1472.04000000000    -0.00234765400
   8    609.93310000000    -0.00685315000
   9    265.26340000000    -0.01376420000
  10    119.86070000000    -0.03084679000
  11     55.44891000000    -0.02562208000
  12     24.98372000000    -0.01005123000
  13     11.88056000000     0.17953300000
  14      5.66031100000     0.15224000000
  15      2.49570300000     0.09483887000
  16      1.17786600000    -1.01487600000
  17      0.52004400000     0.23088100000
  18      0.11596500000     2.11332100000
  19      0.05893800000    -1.25304800000
 S 1 
   1      0.02694600000     1.00000000000
 S 1 
   1      0.01232000000     1.00000000000
 P 15 
   1  13273.20000000000     0.00004300000
   2   3142.12600000000     0.00038400000
   3   1020.58800000000     0.00221000000
   4    390.44070000000     0.00967800000
   5    165.50430000000     0.03393600000
   6     75.32006000000     0.09591700000
   7     36.05503000000     0.20885300000
   8     17.80436000000     0.33066000000
   9      9.00292900000     0.33231200000
  10      4.59454400000     0.15818800000
  11      2.27676000000     0.02225200000
  12      1.10117800000    -0.00156500000
  13      0.51863800000    -0.00135300000
  14      0.20056500000    -0.00026500000
  15      0.08129100000     0.00002900000
 P 15 
   1  13273.20000000000    -0.00001500000
   2   3142.12600000000    -0.00013100000
   3   1020.58800000000    -0.00075500000
   4    390.44070000000    -0.00332500000
   5    165.50430000000    -0.01181100000
   6     75.32006000000    -0.03425600000
   7     36.05503000000    -0.07736300000
   8     17.80436000000    -0.12845600000
   9      9.00292900000    -0.13507800000
  10      4.59454400000     0.02083800000
  11      2.27676000000     0.32049900000
  12      1.10117800000     0.46026000000
  13      0.51863800000     0.29534600000
  14      0.20056500000     0.04904600000
  15      0.08129100000    -0.00382400000
 P 15 
   1  13273.20000000000     0.00000400000
   2   3142.12600000000     0.00003200000
   3   1020.58800000000     0.00018300000
   4    390.44070000000     0.00080200000
   5    165.50430000000     0.00286200000
   6     75.32006000000     0.00828700000
   7     36.05503000000     0.01887000000
   8     17.80436000000     0.03130700000
   9      9.00292900000     0.03366000000
  10      4.59454400000    -0.00947900000
  11      2.27676000000    -0.09231300000
  12      1.10117800000    -0.14898900000
  13      0.51863800000    -0.08364400000
  14      0.20056500000     0.24933900000
  15      0.08129100000     0.58051500000
 P 15 
   1  13273.20000000000     0.00000400000
   2   3142.12600000000     0.00003900000
   3   1020.58800000000     0.00022300000
   4    390.44070000000     0.00099600000
   5    165.50430000000     0.00349800000
   6     75.32006000000     0.01029600000
   7     36.05503000000     0.02296200000
   8     17.80436000000     0.03920800000
   9      9.00292900000     0.03994300000
  10      4.59454400000    -0.00712100000
  11      2.27676000000    -0.11622500000
  12      1.10117800000    -0.16949600000
  13      0.51863800000    -0.15537400000
  14      0.20056500000     0.39502200000
  15      0.08129100000     0.67890800000
 P 1 
   1      0.03179500000     1.00000000000
 P 1 
   1      0.01244000000     1.00000000000
 D 7 
   1     77.61150000000     0.00359500000
   2     22.91590000000     0.02521000000
   3      8.27954000000     0.09478600000
   4      3.30993000000     0.23036300000
   5      1.35863000000     0.35289400000
   6      0.54135000000     0.37041400000
   7      0.20235600000     0.24571800000
 D 7 
   1     77.61150000000    -0.00381800000
   2     22.91590000000    -0.02671700000
   3      8.27954000000    -0.10369000000
   4      3.30993000000    -0.24768900000
   5      1.35863000000    -0.31152300000
   6      0.54135000000    -0.02282700000
   7      0.20235600000     0.56972600000
 D 1 
   1      0.06756800000     1.00000000000
 D 1 
   1      0.02256000000     1.00000000000
 F 2 
   1      1.74880000000     0.39006800000
   2      0.40570000000     0.80084100000
 F 1 
   1      0.13112000000     1.00000000000

CHROMIUM
 S 19 
   1  6177194.00000000000     0.00000412870
   2  924929.50000000000     0.00003210770
   3  210486.50000000000     0.00016884160
   4  59620.05000000000     0.00071285200
   5  19450.76000000000     0.00258932500
   6   7022.05600000000     0.00837735000
   7   2738.76300000000     0.02441725000
   8   1135.81400000000     0.06365135000
   9    495.09230000000     0.14276180000
  10    224.74870000000     0.25412750000
  11    105.38360000000     0.30095120000
  12     50.19359000000     0.17665130000
  13     22.24957000000     0.06936709000
  14     10.98265000000     0.11795790000
  15      5.38366500000     0.08916187000
  16      2.34368500000     0.01103630000
  17      1.10520200000    -0.00035460480
  18      0.48784800000     0.00010573110
  19      0.08959900000     0.00001114640
 S 19 
   1  6177194.00000000000    -0.00000230180
   2  924929.50000000000    -0.00001789540
   3  210486.50000000000    -0.00009416170
   4  59620.05000000000    -0.00039750740
   5  19450.76000000000    -0.00144702500
   6   7022.05600000000    -0.00469462200
   7   2738.76300000000    -0.01382387000
   8   1135.81400000000    -0.03674643000
   9    495.09230000000    -0.08647185000
  10    224.74870000000    -0.16967350000
  11    105.38360000000    -0.25070890000
  12     50.19359000000    -0.19611560000
  13     22.24957000000     0.14572440000
  14     10.98265000000     0.54667060000
  15      5.38366500000     0.39794340000
  16      2.34368500000     0.05277007000
  17      1.10520200000    -0.00437453700
  18      0.48784800000     0.00032040350
  19      0.08959900000    -0.00005142080
 S 19 
   1  6177194.00000000000     0.00000048630
   2  924929.50000000000     0.00000377660
   3  210486.50000000000     0.00001990660
   4  59620.05000000000     0.00008389160
   5  19450.76000000000     0.00030657060
   6   7022.05600000000     0.00099441070
   7   2738.76300000000     0.00296195900
   8   1135.81400000000     0.00796947300
   9    495.09230000000     0.01955017000
  10    224.74870000000     0.04085035000
  11    105.38360000000     0.06929003000
  12     50.19359000000     0.06146984000
  13     22.24957000000    -0.06981302000
  14     10.98265000000    -0.35175970000
  15      5.38366500000    -0.38286290000
  16      2.34368500000     0.26764010000
  17      1.10520200000     0.71759500000
  18      0.48784800000     0.30208140000
  19      0.08959900000     0.00774951400
 S 19 
   1  6177194.00000000000    -0.00000011020
   2  924929.50000000000    -0.00000085300
   3  210486.50000000000    -0.00000452040
   4  59620.05000000000    -0.00001891610
   5  19450.76000000000    -0.00006974340
   6   7022.05600000000    -0.00022378670
   7   2738.76300000000    -0.00067545030
   8   1135.81400000000    -0.00178934600
   9    495.09230000000    -0.00447785800
  10    224.74870000000    -0.00914014400
  11    105.38360000000    -0.01610562000
  12     50.19359000000    -0.01334870000
  13     22.24957000000     0.01426027000
  14     10.98265000000     0.08931690000
  15      5.38366500000     0.08885279000
  16      2.34368500000    -0.06368776000
  17      1.10520200000    -0.27832620000
  18      0.48784800000    -0.18300710000
  19      0.08959900000     0.67909370000
 S 19 
   1  6177194.00000000000     0.00000021800
   2  924929.50000000000     0.00000161290
   3  210486.50000000000     0.00000911180
   4  59620.05000000000     0.00003500650
   5  19450.76000000000     0.00014353150
   6   7022.05600000000     0.00040358960
   7   2738.76300000000     0.00142517700
   8   1135.81400000000     0.00311400900
   9    495.09230000000     0.00981444900
  10    224.74870000000     0.01474698000
  11    105.38360000000     0.03911512000
  12     50.19359000000     0.00917088800
  13     22.24957000000     0.01559878000
  14     10.98265000000    -0.28168440000
  15      5.38366500000    -0.00689526100
  16      2.34368500000    -0.17697810000
  17      1.10520200000     1.44306100000
  18      0.48784800000    -1.02931800000
  19      0.08959900000    -1.30766700000
 S 1 
   1      0.03342300000     1.00000000000
 S 1 
   1      0.01247000000     1.00000000000
 P 15 
   1  14454.20000000000     0.00004400000
   2   3421.67600000000     0.00038900000
   3   1111.38700000000     0.00224100000
   4    425.19180000000     0.00982100000
   5    180.26230000000     0.03447100000
   6     82.06117000000     0.09746000000
   7     39.29726000000     0.21198500000
   8     19.41959000000     0.33399000000
   9      9.82889900000     0.33013700000
  10      5.01681000000     0.15222700000
  11      2.48709100000     0.02042500000
  12      1.19878000000    -0.00136000000
  13      0.55869500000    -0.00119500000
  14      0.20892400000    -0.00019700000
  15      0.08460800000     0.00002300000
 P 15 
   1  14454.20000000000    -0.00001500000
   2   3421.67600000000    -0.00013500000
   3   1111.38700000000    -0.00077700000
   4    425.19180000000    -0.00342700000
   5    180.26230000000    -0.01218900000
   6     82.06117000000    -0.03538800000
   7     39.29726000000    -0.07991500000
   8     19.41959000000    -0.13233500000
   9      9.82889900000    -0.13540100000
  10      5.01681000000     0.03200800000
  11      2.48709100000     0.33384900000
  12      1.19878000000     0.46177300000
  13      0.55869500000     0.28129000000
  14      0.20892400000     0.04184300000
  15      0.08460800000    -0.00400200000
 P 15 
   1  14454.20000000000     0.00000400000
   2   3421.67600000000     0.00003200000
   3   1111.38700000000     0.00018500000
   4    425.19180000000     0.00081000000
   5    180.26230000000     0.00290600000
   6     82.06117000000     0.00839100000
   7     39.29726000000     0.01919300000
   8     19.41959000000     0.03156400000
   9      9.82889900000     0.03341700000
  10      5.01681000000    -0.01290700000
  11      2.48709100000    -0.09365900000
  12      1.19878000000    -0.14997700000
  13      0.55869500000    -0.06723400000
  14      0.20892400000     0.27075900000
  15      0.08460800000     0.57580700000
 P 15 
   1  14454.20000000000     0.00000400000
   2   3421.67600000000     0.00004000000
   3   1111.38700000000     0.00022900000
   4    425.19180000000     0.00101900000
   5    180.26230000000     0.00360200000
   6     82.06117000000     0.01055000000
   7     39.29726000000     0.02370200000
   8     19.41959000000     0.03998800000
   9      9.82889900000     0.04043700000
  10      5.01681000000    -0.01207400000
  11      2.48709100000    -0.11893900000
  12      1.19878000000    -0.17810000000
  13      0.55869500000    -0.12386500000
  14      0.20892400000     0.42972200000
  15      0.08460800000     0.65078600000
 P 1 
   1      0.03325800000     1.00000000000
 P 1 
   1      0.01307000000     1.00000000000
 D 7 
   1     88.57680000000     0.00362100000
   2     26.20450000000     0.02576600000
   3      9.51747000000     0.09755600000
   4      3.82248000000     0.23631200000
   5      1.57512000000     0.35828600000
   6      0.62892800000     0.36854300000
   7      0.23442400000     0.23549400000
 D 7 
   1     88.57680000000    -0.00412200000
   2     26.20450000000    -0.02930700000
   3      9.51747000000    -0.11506200000
   4      3.82248000000    -0.27306800000
   5      1.57512000000    -0.31442300000
   6      0.62892800000     0.04209700000
   7      0.23442400000     0.59140300000
 D 1 
   1      0.07681500000     1.00000000000
 D 1 
   1      0.02517000000     1.00000000000
 F 2 
   1      2.22110000000     0.42354500000
   2      0.52310000000     0.77411400000
 F 1 
   1      0.17636000000     1.00000000000

MANGANESE
 S 19 
   1  3960805.00000000000     0.00000824210
   2  593115.50000000000     0.00006408590
   3  134976.79999999999     0.00033692530
   4  38230.67000000000     0.00142064800
   5  12471.54000000000     0.00514368300
   6   4501.74300000000     0.01648569000
   7   1755.21200000000     0.04698560000
   8    727.30390000000     0.11624370000
   9    316.36780000000     0.23352770000
  10    143.00980000000     0.32928370000
  11     66.21805000000     0.24403040000
  12     29.91896000000     0.07219806000
  13     14.30318000000     0.07687806000
  14      6.83945100000     0.07852235000
  15      3.01237400000     0.01294109000
  16      1.41880800000    -0.00037848730
  17      0.62362400000    -0.00002503200
  18      0.13409800000    -0.00002421520
  19      0.06554800000     0.00003462070
 S 19 
   1  3960805.00000000000    -0.00000393610
   2  593115.50000000000    -0.00003060480
   3  134976.79999999999    -0.00016096260
   4  38230.67000000000    -0.00067923480
   5  12471.54000000000    -0.00246618200
   6   4501.74300000000    -0.00795762900
   7   1755.21200000000    -0.02307248000
   8    727.30390000000    -0.05932956000
   9    316.36780000000    -0.12994510000
  10    143.00980000000    -0.22123520000
  11     66.21805000000    -0.22925500000
  12     29.91896000000     0.03580733000
  13     14.30318000000     0.51076020000
  14      6.83945100000     0.50083070000
  15      3.01237400000     0.09011830000
  16      1.41880800000    -0.00690990900
  17      0.62362400000    -0.00019129250
  18      0.13409800000    -0.00060323120
  19      0.06554800000     0.00056216080
 S 19 
   1  3960805.00000000000     0.00000094630
   2  593115.50000000000     0.00000736060
   3  134976.79999999999     0.00003869940
   4  38230.67000000000     0.00016351100
   5  12471.54000000000     0.00059417750
   6   4501.74300000000     0.00192773700
   7   1755.21200000000     0.00564173100
   8    727.30390000000     0.01487848000
   9    316.36780000000     0.03414783000
  10    143.00980000000     0.06405794000
  11     66.21805000000     0.07557659000
  12     29.91896000000    -0.01946070000
  13     14.30318000000    -0.29578740000
  14      6.83945100000    -0.45211700000
  15      3.01237400000     0.12245310000
  16      1.41880800000     0.71697560000
  17      0.62362400000     0.40927120000
  18      0.13409800000     0.02221969000
  19      0.06554800000    -0.00901120200
 S 19 
   1  3960805.00000000000    -0.00000020950
   2  593115.50000000000    -0.00000162940
   3  134976.79999999999    -0.00000857060
   4  38230.67000000000    -0.00003619270
   5  12471.54000000000    -0.00013161460
   6   4501.74300000000    -0.00042668100
   7   1755.21200000000    -0.00125027000
   8    727.30390000000    -0.00329466500
   9    316.36780000000    -0.00758186000
  10    143.00980000000    -0.01422864000
  11     66.21805000000    -0.01693796000
  12     29.91896000000     0.00445429800
  13     14.30318000000     0.06867042000
  14      6.83945100000     0.11133350000
  15      3.01237400000    -0.03900820000
  16      1.41880800000    -0.22157550000
  17      0.62362400000    -0.25443590000
  18      0.13409800000     0.28658660000
  19      0.06554800000     0.57557410000
 S 19 
   1  3960805.00000000000    -0.00000041210
   2  593115.50000000000    -0.00000328210
   3  134976.79999999999    -0.00001667430
   4  38230.67000000000    -0.00007370000
   5  12471.54000000000    -0.00025294950
   6   4501.74300000000    -0.00088014250
   7   1755.21200000000    -0.00236548200
   8    727.30390000000    -0.00692635400
   9    316.36780000000    -0.01393851000
  10    143.00980000000    -0.03143840000
  11     66.21805000000    -0.02625749000
  12     29.91896000000    -0.01048313000
  13     14.30318000000     0.18564720000
  14      6.83945100000     0.15248390000
  15      3.01237400000     0.07411368000
  16      1.41880800000    -1.01809700000
  17      0.62362400000     0.29803720000
  18      0.13409800000     1.97198900000
  19      0.06554800000    -1.17925300000
 S 1 
   1      0.02958400000     1.00000000000
 S 1 
   1      0.01335000000     1.00000000000
 P 15 
   1  16205.86000000000     0.00004200000
   2   3836.27400000000     0.00037300000
   3   1246.04800000000     0.00214900000
   4    476.75350000000     0.00944500000
   5    202.18950000000     0.03329700000
   6     92.09487000000     0.09475900000
   7     44.14720000000     0.20814400000
   8     21.85468000000     0.33180500000
   9     11.08596000000     0.33317500000
  10      5.67410800000     0.15760100000
  11      2.82317000000     0.02144500000
  12      1.36862100000    -0.00255800000
  13      0.64443100000    -0.00202700000
  14      0.24838200000    -0.00036000000
  15      0.09725500000     0.00003400000
 P 15 
   1  16205.86000000000    -0.00001500000
   2   3836.27400000000    -0.00012900000
   3   1246.04800000000    -0.00074800000
   4    476.75350000000    -0.00330800000
   5    202.18950000000    -0.01181100000
   6     92.09487000000    -0.03453300000
   7     44.14720000000    -0.07878500000
   8     21.85468000000    -0.13218300000
   9     11.08596000000    -0.13719500000
  10      5.67410800000     0.02707500000
  11      2.82317000000     0.32889100000
  12      1.36862100000     0.45728000000
  13      0.64443100000     0.28890800000
  14      0.24838200000     0.04743300000
  15      0.09725500000    -0.00352200000
 P 15 
   1  16205.86000000000     0.00000300000
   2   3836.27400000000     0.00003000000
   3   1246.04800000000     0.00017200000
   4    476.75350000000     0.00076200000
   5    202.18950000000     0.00272600000
   6     92.09487000000     0.00797600000
   7     44.14720000000     0.01828700000
   8     21.85468000000     0.03077600000
   9     11.08596000000     0.03237300000
  10      5.67410800000    -0.00997800000
  11      2.82317000000    -0.09052900000
  12      1.36862100000    -0.13800400000
  13      0.64443100000    -0.07796500000
  14      0.24838200000     0.22956000000
  15      0.09725500000     0.57612200000
 P 15 
   1  16205.86000000000     0.00000400000
   2   3836.27400000000     0.00004000000
   3   1246.04800000000     0.00022600000
   4    476.75350000000     0.00101300000
   5    202.18950000000     0.00357500000
   6     92.09487000000     0.01061200000
   7     44.14720000000     0.02390200000
   8     21.85468000000     0.04127900000
   9     11.08596000000     0.04147500000
  10      5.67410800000    -0.00945800000
  11      2.82317000000    -0.12369500000
  12      1.36862100000    -0.17439200000
  13      0.64443100000    -0.12917000000
  14      0.24838200000     0.40034800000
  15      0.09725500000     0.66964600000
 P 1 
   1      0.03663300000     1.00000000000
 P 1 
   1      0.01380000000     1.00000000000
 D 7 
   1    100.66300000000     0.00357900000
   2     29.83360000000     0.02582700000
   3     10.88940000000     0.09855900000
   4      4.39358000000     0.23832700000
   5      1.81782000000     0.35870700000
   6      0.72782700000     0.36509200000
   7      0.27129500000     0.23373800000
 D 7 
   1    100.66300000000    -0.00345400000
   2     29.83360000000    -0.02492500000
   3     10.88940000000    -0.09763500000
   4      4.39358000000    -0.23669200000
   5      1.81782000000    -0.29235000000
   6      0.72782700000    -0.00497300000
   7      0.27129500000     0.50658800000
 D 1 
   1      0.08830900000     1.00000000000
 D 1 
   1      0.02875000000     1.00000000000
 F 2 
   1      2.70320000000     0.42677600000
   2      0.64380000000     0.76979900000
 F 1 
   1      0.22260000000     1.00000000000

IRON
 S 19 
   1  4316265.00000000000     0.00000804880
   2  646342.40000000002     0.00006258310
   3  147089.70000000001     0.00032902390
   4  41661.52000000000     0.00138735500
   5  13590.77000000000     0.00502325600
   6   4905.75000000000     0.01610140000
   7   1912.74600000000     0.04590034000
   8    792.60430000000     0.11361540000
   9    344.80650000000     0.22838690000
  10    155.89990000000     0.32211590000
  11     72.23091000000     0.23836610000
  12     32.72506000000     0.07404667000
  13     15.66762000000     0.09214197000
  14      7.50348300000     0.09339790000
  15      3.31222300000     0.01573965000
  16      1.55847100000    -0.00041866820
  17      0.68391400000     0.00005376320
  18      0.14675700000    -0.00003816650
  19      0.07058300000     0.00004319600
 S 19 
   1  4316265.00000000000    -0.00000415600
   2  646342.40000000002    -0.00003231400
   3  147089.70000000001    -0.00016995250
   4  41661.52000000000    -0.00071713690
   5  13590.77000000000    -0.00260362500
   6   4905.75000000000    -0.00839910900
   7   1912.74600000000    -0.02434109000
   8    792.60430000000    -0.06251948000
   9    344.80650000000    -0.13659290000
  10    155.89990000000    -0.23127070000
  11     72.23091000000    -0.23837340000
  12     32.72506000000     0.03123837000
  13     15.66762000000     0.50868180000
  14      7.50348300000     0.49876950000
  15      3.31222300000     0.09033552000
  16      1.55847100000    -0.00600533700
  17      0.68391400000     0.00023124540
  18      0.14675700000    -0.00056436800
  19      0.07058300000     0.00049922600
 S 19 
   1  4316265.00000000000     0.00000095320
   2  646342.40000000002     0.00000741460
   3  147089.70000000001     0.00003898390
   4  41661.52000000000     0.00016471520
   5  13590.77000000000     0.00059859800
   6   4905.75000000000     0.00194239000
   7   1912.74600000000     0.00568723700
   8    792.60430000000     0.01501329000
   9    344.80650000000     0.03452455000
  10    155.89990000000     0.06495820000
  11     72.23091000000     0.07716194000
  12     32.72506000000    -0.01873411000
  13     15.66762000000    -0.30091850000
  14      7.50348300000    -0.45546610000
  15      3.31222300000     0.12864630000
  16      1.55847100000     0.71833160000
  17      0.68391400000     0.40517430000
  18      0.14675700000     0.02168227000
  19      0.07058300000    -0.00834356600
 S 19 
   1  4316265.00000000000    -0.00000020630
   2  646342.40000000002    -0.00000160420
   3  147089.70000000001    -0.00000843840
   4  41661.52000000000    -0.00003563150
   5  13590.77000000000    -0.00012959980
   6   4905.75000000000    -0.00042015340
   7   1912.74600000000    -0.00123195400
   8    792.60430000000    -0.00324892200
   9    344.80650000000    -0.00749371700
  10    155.89990000000    -0.01410102000
  11     72.23091000000    -0.01691600000
  12     32.72506000000     0.00421899600
  13     15.66762000000     0.06833810000
  14      7.50348300000     0.10982010000
  15      3.31222300000    -0.04009005000
  16      1.55847100000    -0.21747390000
  17      0.68391400000    -0.24651350000
  18      0.14675700000     0.27314350000
  19      0.07058300000     0.57483210000
 S 19 
   1  4316265.00000000000    -0.00000040090
   2  646342.40000000002    -0.00000318930
   3  147089.70000000001    -0.00001623080
   4  41661.52000000000    -0.00007157920
   5  13590.77000000000    -0.00024639580
   6   4905.75000000000    -0.00085449070
   7   1912.74600000000    -0.00230759300
   8    792.60430000000    -0.00672829200
   9    344.80650000000    -0.01366165000
  10    155.89990000000    -0.03062240000
  11     72.23091000000    -0.02631137000
  12     32.72506000000    -0.00976018300
  13     15.66762000000     0.18019060000
  14      7.50348300000     0.15296340000
  15      3.31222300000     0.05505413000
  16      1.55847100000    -0.95513640000
  17      0.68391400000     0.25868130000
  18      0.14675700000     1.83404900000
  19      0.07058300000    -0.93332400000
 S 1 
   1      0.03144900000     1.00000000000
 S 1 
   1      0.01401000000     1.00000000000
 P 15 
   1  17745.69000000000     0.00004100000
   2   4200.72100000000     0.00036900000
   3   1364.42900000000     0.00212900000
   4    522.08060000000     0.00936900000
   5    221.45950000000     0.03309700000
   6    100.90960000000     0.09443100000
   7     48.40115000000     0.20807700000
   8     23.98536000000     0.33233300000
   9     12.18250000000     0.33298700000
  10      6.24229800000     0.15684300000
  11      3.11094400000     0.02154900000
  12      1.50995800000    -0.00209500000
  13      0.71084500000    -0.00173900000
  14      0.27319000000    -0.00030000000
  15      0.10423300000     0.00002900000
 P 15 
   1  17745.69000000000    -0.00001500000
   2   4200.72100000000    -0.00013000000
   3   1364.42900000000    -0.00075100000
   4    522.08060000000    -0.00332900000
   5    221.45950000000    -0.01191200000
   6    100.90960000000    -0.03493300000
   7     48.40115000000    -0.07998900000
   8     23.98536000000    -0.13463600000
   9     12.18250000000    -0.13859800000
  10      6.24229800000     0.03027800000
  11      3.11094400000     0.33321600000
  12      1.50995800000     0.45615300000
  13      0.71084500000     0.28505100000
  14      0.27319000000     0.04614400000
  15      0.10423300000    -0.00324900000
 P 15 
   1  17745.69000000000     0.00000300000
   2   4200.72100000000     0.00002900000
   3   1364.42900000000     0.00016500000
   4    522.08060000000     0.00073400000
   5    221.45950000000     0.00262600000
   6    100.90960000000     0.00772500000
   7     48.40115000000     0.01773300000
   8     23.98536000000     0.03005500000
   9     12.18250000000     0.03109400000
  10      6.24229800000    -0.01004800000
  11      3.11094400000    -0.08830600000
  12      1.50995800000    -0.12982400000
  13      0.71084500000    -0.07693700000
  14      0.27319000000     0.21266100000
  15      0.10423300000     0.57306100000
 P 15 
   1  17745.69000000000     0.00000500000
   2   4200.72100000000     0.00004200000
   3   1364.42900000000     0.00024100000
   4    522.08060000000     0.00108500000
   5    221.45950000000     0.00383100000
   6    100.90960000000     0.01142300000
   7     48.40115000000     0.02579200000
   8     23.98536000000     0.04481800000
   9     12.18250000000     0.04459800000
  10      6.24229800000    -0.01117700000
  11      3.11094400000    -0.13813400000
  12      1.50995800000    -0.18828500000
  13      0.71084500000    -0.10739900000
  14      0.27319000000     0.44486300000
  15      0.10423300000     0.64023900000
 P 1 
   1      0.03829100000     1.00000000000
 P 1 
   1      0.01407000000     1.00000000000
 D 7 
   1    113.34400000000     0.00353000000
   2     33.64140000000     0.02578400000
   3     12.33100000000     0.09911900000
   4      4.99478000000     0.23907300000
   5      2.07280000000     0.35719900000
   6      0.83075300000     0.36218800000
   7      0.30917800000     0.23646100000
 D 7 
   1    113.34400000000    -0.00389000000
   2     33.64140000000    -0.02844200000
   3     12.33100000000    -0.11242900000
   4      4.99478000000    -0.27425700000
   5      2.07280000000    -0.31554600000
   6      0.83075300000     0.05710900000
   7      0.30917800000     0.56360400000
 D 1 
   1      0.10013000000     1.00000000000
 D 1 
   1      0.03243000000     1.00000000000
 F 2 
   1      3.22430000000     0.42224900000
   2      0.77580000000     0.77146800000
 F 1 
   1      0.27490000000     1.00000000000

COBALT
 S 19 
   1  4675675.00000000000     0.00000797900
   2  700161.50000000000     0.00006204070
   3  159337.29999999999     0.00032617350
   4  45130.46000000000     0.00137536000
   5  14722.38000000000     0.00497999700
   6   5314.22200000000     0.01596434000
   7   2072.01800000000     0.04552086000
   8    858.61880000000     0.11273850000
   9    373.54970000000     0.22682620000
  10    168.92290000000     0.32030740000
  11     78.29639000000     0.23740210000
  12     35.52123000000     0.07477686000
  13     17.04144000000     0.09581872000
  14      8.17300000000     0.09649911000
  15      3.61031800000     0.01623362000
  16      1.69704700000    -0.00045354970
  17      0.74353200000     0.00005113520
  18      0.15834400000    -0.00004174510
  19      0.07503600000     0.00004027580
 S 19 
   1  4675675.00000000000    -0.00000420020
   2  700161.50000000000    -0.00003265830
   3  159337.29999999999    -0.00017176440
   4  45130.46000000000    -0.00072478530
   5  14722.38000000000    -0.00263146200
   6   5314.22200000000    -0.00848927200
   7   2072.01800000000    -0.02460619000
   8    858.61880000000    -0.06322059000
   9    373.54970000000    -0.13819570000
  10    168.92290000000    -0.23406800000
  11     78.29639000000    -0.24150020000
  12     35.52123000000     0.03035312000
  13     17.04144000000     0.51013410000
  14      8.17300000000     0.49749390000
  15      3.61031800000     0.08970746000
  16      1.69704700000    -0.00594103400
  17      0.74353200000     0.00021753620
  18      0.15834400000    -0.00054801550
  19      0.07503600000     0.00045258040
 S 19 
   1  4675675.00000000000     0.00000095930
   2  700161.50000000000     0.00000746190
   3  159337.29999999999     0.00003923140
   4  45130.46000000000     0.00016577060
   5  14722.38000000000     0.00060243350
   6   5314.22200000000     0.00195521700
   7   2072.01800000000     0.00572632600
   8    858.61880000000     0.01512984000
   9    373.54970000000     0.03483973000
  10    168.92290000000     0.06570351000
  11     78.29639000000     0.07831503000
  12     35.52123000000    -0.01877037000
  13     17.04144000000    -0.30626630000
  14      8.17300000000    -0.45664290000
  15      3.61031800000     0.13781690000
  16      1.69704700000     0.71936760000
  17      0.74353200000     0.39925790000
  18      0.15834400000     0.02079933000
  19      0.07503600000    -0.00782066300
 S 19 
   1  4675675.00000000000    -0.00000020290
   2  700161.50000000000    -0.00000157760
   3  159337.29999999999    -0.00000829880
   4  45130.46000000000    -0.00003504150
   5  14722.38000000000    -0.00012746550
   6   5314.22200000000    -0.00041326950
   7   2072.01800000000    -0.00121226100
   8    858.61880000000    -0.00319931800
   9    373.54970000000    -0.00739097200
  10    168.92290000000    -0.01393649000
  11     78.29639000000    -0.01678575000
  12     35.52123000000     0.00414985600
  13     17.04144000000     0.06797646000
  14      8.17300000000     0.10758070000
  15      3.61031800000    -0.04166022000
  16      1.69704700000    -0.21280440000
  17      0.74353200000    -0.23813600000
  18      0.15834400000     0.26507880000
  19      0.07503600000     0.57227740000
 S 19 
   1  4675675.00000000000    -0.00000038630
   2  700161.50000000000    -0.00000306880
   3  159337.29999999999    -0.00001564830
   4  45130.46000000000    -0.00006883590
   5  14722.38000000000    -0.00023773670
   6   5314.22200000000    -0.00082131730
   7   2072.01800000000    -0.00222963000
   8    858.61880000000    -0.00646784100
   9    373.54970000000    -0.01325463000
  10    168.92290000000    -0.02946686000
  11     78.29639000000    -0.02599066000
  12     35.52123000000    -0.00849980700
  13     17.04144000000     0.17273160000
  14      8.17300000000     0.15121890000
  15      3.61031800000     0.03554509000
  16      1.69704700000    -0.88293530000
  17      0.74353200000     0.21435300000
  18      0.15834400000     1.71186500000
  19      0.07503600000    -0.71400370000
 S 1 
   1      0.03309100000     1.00000000000
 S 1 
   1      0.01459000000     1.00000000000
 P 15 
   1  19267.78000000000     0.00004100000
   2   4560.98600000000     0.00036900000
   3   1481.43600000000     0.00212800000
   4    566.86710000000     0.00937200000
   5    240.49100000000     0.03315500000
   6    109.61050000000     0.09475200000
   7     52.59491000000     0.20909300000
   8     26.08361000000     0.33372200000
   9     13.26143000000     0.33220800000
  10      6.79977800000     0.15461300000
  11      3.39341400000     0.02090200000
  12      1.64876600000    -0.00202400000
  13      0.77628200000    -0.00169700000
  14      0.29800300000    -0.00028000000
  15      0.11361800000     0.00002600000
 P 15 
   1  19267.78000000000    -0.00001500000
   2   4560.98600000000    -0.00013100000
   3   1481.43600000000    -0.00075800000
   4    566.86710000000    -0.00336300000
   5    240.49100000000    -0.01205400000
   6    109.61050000000    -0.03542400000
   7     52.59491000000    -0.08128700000
   8     26.08361000000    -0.13690800000
   9     13.26143000000    -0.13901900000
  10      6.79977800000     0.03546800000
  11      3.39341400000     0.33849800000
  12      1.64876600000     0.45443300000
  13      0.77628200000     0.27979300000
  14      0.29800300000     0.04477600000
  15      0.11361800000    -0.00315100000
 P 15 
   1  19267.78000000000    -0.00000300000
   2   4560.98600000000    -0.00002900000
   3   1481.43600000000    -0.00016700000
   4    566.86710000000    -0.00074200000
   5    240.49100000000    -0.00266200000
   6    109.61050000000    -0.00784100000
   7     52.59491000000    -0.01805100000
   8     26.08361000000    -0.03058000000
   9     13.26143000000    -0.03131200000
  10      6.79977800000     0.01131100000
  11      3.39341400000     0.08999000000
  12      1.64876600000     0.13073300000
  13      0.77628200000     0.07180800000
  14      0.29800300000    -0.22165800000
  15      0.11361800000    -0.57102500000
 P 15 
   1  19267.78000000000     0.00000500000
   2   4560.98600000000     0.00004500000
   3   1481.43600000000     0.00025500000
   4    566.86710000000     0.00114400000
   5    240.49100000000     0.00406100000
   6    109.61050000000     0.01209500000
   7     52.59491000000     0.02747600000
   8     26.08361000000     0.04755700000
   9     13.26143000000     0.04730200000
  10      6.79977800000    -0.01441800000
  11      3.39341400000    -0.15006200000
  12      1.64876600000    -0.19909200000
  13      0.77628200000    -0.07978300000
  14      0.29800300000     0.45903500000
  15      0.11361800000     0.61749500000
 P 1 
   1      0.04162400000     1.00000000000
 P 1 
   1      0.01525000000     1.00000000000
 D 7 
   1    126.26400000000     0.00351000000
   2     37.52260000000     0.02588400000
   3     13.80210000000     0.10005800000
   4      5.60927000000     0.24054700000
   5      2.33369000000     0.35684300000
   6      0.93641500000     0.35957900000
   7      0.34823700000     0.23662900000
 D 7 
   1    126.26400000000    -0.00406700000
   2     37.52260000000    -0.03005300000
   3     13.80210000000    -0.11962000000
   4      5.60927000000    -0.29151300000
   5      2.33369000000    -0.31804800000
   6      0.93641500000     0.09169800000
   7      0.34823700000     0.56082300000
 D 1 
   1      0.11235300000     1.00000000000
 D 1 
   1      0.03625000000     1.00000000000
 F 2 
   1      3.77240000000     0.42396600000
   2      0.91700000000     0.76842900000
 F 1 
   1      0.32715000000     1.00000000000

NICKEL
 S 19 
   1  5045991.00000000000     0.00000820900
   2  755614.19999999995     0.00006382880
   3  171956.79999999999     0.00033558000
   4  48704.79000000000     0.00141507500
   5  15888.41000000000     0.00512444400
   6   5735.12300000000     0.01643256000
   7   2236.13700000000     0.04689398000
   8    926.64680000000     0.11635340000
   9    403.17430000000     0.23505110000
  10    182.34760000000     0.33501840000
  11     84.54885000000     0.25347790000
  12     38.39634000000     0.07300901000
  13     18.45859000000     0.06184244000
  14      8.86354800000     0.06302956000
  15      3.91622700000     0.01008063000
  16      1.83887000000    -0.00022445280
  17      0.80436200000    -0.00005932770
  18      0.16979700000    -0.00001158560
  19      0.07930600000     0.00000811510
 S 19 
   1  5045991.00000000000    -0.00000365780
   2  755614.19999999995    -0.00002844090
   3  171956.79999999999    -0.00014959280
   4  48704.79000000000    -0.00063130090
   5  15888.41000000000    -0.00229305200
   6   5735.12300000000    -0.00740512300
   7   2236.13700000000    -0.02152032000
   8    926.64680000000    -0.05560974000
   9    403.17430000000    -0.12301760000
  10    182.34760000000    -0.21301040000
  11     84.54885000000    -0.22658370000
  12     38.39634000000     0.03546796000
  13     18.45859000000     0.51816970000
  14      8.86354800000     0.50256300000
  15      3.91622700000     0.08955674000
  16      1.83887000000    -0.00703131100
  17      0.80436200000    -0.00043391670
  18      0.16979700000    -0.00058317110
  19      0.07930600000     0.00042287880
 S 19 
   1  5045991.00000000000     0.00000095940
   2  755614.19999999995     0.00000746260
   3  171956.79999999999     0.00003923840
   4  48704.79000000000     0.00016578680
   5  15888.41000000000     0.00060259050
   6   5735.12300000000     0.00195566200
   7   2236.13700000000     0.00573039100
   8    926.64680000000     0.01514756000
   9    403.17430000000     0.03493499000
  10    182.34760000000     0.06598072000
  11     84.54885000000     0.07893083000
  12     38.39634000000    -0.01906249000
  13     18.45859000000    -0.30959210000
  14      8.86354800000    -0.45586100000
  15      3.91622700000     0.14829310000
  16      1.83887000000     0.71340390000
  17      0.80436200000     0.39760630000
  18      0.16979700000     0.02295523000
  19      0.07930600000    -0.00915175800
 S 19 
   1  5045991.00000000000    -0.00000020140
   2  755614.19999999995    -0.00000156580
   3  171956.79999999999    -0.00000823720
   4  48704.79000000000    -0.00003478110
   5  15888.41000000000    -0.00012652650
   6   5735.12300000000    -0.00041025890
   7   2236.13700000000    -0.00120383400
   8    926.64680000000    -0.00317906200
   9    403.17430000000    -0.00735382800
  10    182.34760000000    -0.01389022000
  11     84.54885000000    -0.01677875000
  12     38.39634000000     0.00416337800
  13     18.45859000000     0.06814703000
  14      8.86354800000     0.10610290000
  15      3.91622700000    -0.04339980000
  16      1.83887000000    -0.20949500000
  17      0.80436200000    -0.23102710000
  18      0.16979700000     0.25905320000
  19      0.07930600000     0.56914260000
 S 19 
   1  5045991.00000000000    -0.00000039240
   2  755614.19999999995    -0.00000311390
   3  171956.79999999999    -0.00001590450
   4  48704.79000000000    -0.00006981390
   5  15888.41000000000    -0.00024178480
   6   5735.12300000000    -0.00083261950
   7   2236.13700000000    -0.00227029400
   8    926.64680000000    -0.00655742700
   9    403.17430000000    -0.01354288000
  10    182.34760000000    -0.02989768000
  11     84.54885000000    -0.02693106000
  12     38.39634000000    -0.00782769300
  13     18.45859000000     0.17416670000
  14      8.86354800000     0.15954680000
  15      3.91622700000     0.01995550000
  16      1.83887000000    -0.88970000000
  17      0.80436200000     0.24868920000
  18      0.16979700000     1.61301200000
  19      0.07930600000    -0.59902770000
 S 1 
   1      0.03467700000     1.00000000000
 S 1 
   1      0.01516000000     1.00000000000
 P 15 
   1  21027.92000000000     0.00004100000
   2   4977.56000000000     0.00036300000
   3   1616.74000000000     0.00209700000
   4    618.67180000000     0.00925000000
   5    262.51830000000     0.03279600000
   6    119.69070000000     0.09400400000
   7     57.46585000000     0.20828000000
   8     28.52829000000     0.33365400000
   9     14.52148000000     0.33290400000
  10      7.45385000000     0.15537200000
  11      3.72355300000     0.02085900000
  12      1.80981300000    -0.00244000000
  13      0.85133600000    -0.00199800000
  14      0.32481400000    -0.00033800000
  15      0.11952200000     0.00003500000
 P 15 
   1  21027.92000000000    -0.00001500000
   2   4977.56000000000    -0.00012900000
   3   1616.74000000000    -0.00074900000
   4    618.67180000000    -0.00332800000
   5    262.51830000000    -0.01194700000
   6    119.69070000000    -0.03524200000
   7     57.46585000000    -0.08120400000
   8     28.52829000000    -0.13749300000
   9     14.52148000000    -0.13922600000
  10      7.45385000000     0.03601600000
  11      3.72355300000     0.33912800000
  12      1.80981300000     0.45047200000
  13      0.85133600000     0.28178300000
  14      0.32481400000     0.04789800000
  15      0.11952200000    -0.00298700000
 P 15 
   1  21027.92000000000     0.00000300000
   2   4977.56000000000     0.00002600000
   3   1616.74000000000     0.00015200000
   4    618.67180000000     0.00067800000
   5    262.51830000000     0.00242700000
   6    119.69070000000     0.00720100000
   7     57.46585000000     0.01657800000
   8     28.52829000000     0.02839200000
   9     14.52148000000     0.02859900000
  10      7.45385000000    -0.01013200000
  11      3.72355300000    -0.08291200000
  12      1.80981300000    -0.11599800000
  13      0.85133600000    -0.07279500000
  14      0.32481400000     0.19564000000
  15      0.11952200000     0.56709900000
 P 15 
   1  21027.92000000000     0.00000600000
   2   4977.56000000000     0.00005300000
   3   1616.74000000000     0.00030500000
   4    618.67180000000     0.00136400000
   5    262.51830000000     0.00487600000
   6    119.69070000000     0.01450300000
   7     57.46585000000     0.03329600000
   8     28.52829000000     0.05748200000
   9     14.52148000000     0.05870200000
  10      7.45385000000    -0.01990400000
  11      3.72355300000    -0.19469500000
  12      1.80981300000    -0.23961300000
  13      0.85133600000    -0.00223200000
  14      0.32481400000     0.52143500000
  15      0.11952200000     0.54554000000
 P 1 
   1      0.04236600000     1.00000000000
 P 1 
   1      0.01502000000     1.00000000000
 D 7 
   1    140.25270000000     0.00337600000
   2     41.72610000000     0.02514100000
   3     15.39810000000     0.09774600000
   4      6.27710000000     0.23470900000
   5      2.61850000000     0.34694500000
   6      1.05260000000     0.35106800000
   7      0.39160000000     0.25025500000
 D 7 
   1    140.25270000000    -0.00349500000
   2     41.72610000000    -0.02601500000
   3     15.39810000000    -0.10387600000
   4      6.27710000000    -0.25207000000
   5      2.61850000000    -0.29458000000
   6      1.05260000000     0.00115200000
   7      0.39160000000     0.43858900000
 D 1 
   1      0.12620000000     1.00000000000
 D 1 
   1      0.04067000000     1.00000000000
 F 2 
   1      4.34550000000     0.41742900000
   2      1.06800000000     0.77148300000
 F 1 
   1      0.40830000000     1.00000000000

COPPER
 S 19 
   1  5430321.00000000000     0.00000780100
   2  813166.50000000000     0.00006065670
   3  185054.39999999999     0.00031889640
   4  52414.66000000000     0.00134468700
   5  17098.68000000000     0.00486905000
   6   6171.99400000000     0.01561013000
   7   2406.48100000000     0.04452077000
   8    997.25840000000     0.11031110000
   9    433.92890000000     0.22203420000
  10    196.28690000000     0.31337390000
  11     91.04280000000     0.23151210000
  12     41.38425000000     0.07640920000
  13     19.93278000000     0.11038180000
  14      9.58189100000     0.10943720000
  15      4.23451600000     0.01836311000
  16      1.98581400000    -0.00060430840
  17      0.86708300000     0.00005092250
  18      0.18133900000    -0.00005540730
  19      0.08365700000     0.00003969480
 S 19 
   1  5430321.00000000000    -0.00000440470
   2  813166.50000000000    -0.00003424800
   3  185054.39999999999    -0.00018012380
   4  52414.66000000000    -0.00076004550
   5  17098.68000000000    -0.00275934800
   6   6171.99400000000    -0.00890097000
   7   2406.48100000000    -0.02579378000
   8    997.25840000000    -0.06623861000
   9    433.92890000000    -0.14459270000
  10    196.28690000000    -0.24401100000
  11     91.04280000000    -0.25048370000
  12     41.38425000000     0.02852577000
  13     19.93278000000     0.51158740000
  14      9.58189100000     0.49280610000
  15      4.23451600000     0.08788437000
  16      1.98581400000    -0.00582028100
  17      0.86708300000     0.00020135080
  18      0.18133900000    -0.00051825530
  19      0.08365700000     0.00037315030
 S 19 
   1  5430321.00000000000     0.00000097050
   2  813166.50000000000     0.00000754920
   3  185054.39999999999     0.00003968890
   4  52414.66000000000     0.00016772000
   5  17098.68000000000     0.00060951010
   6   6171.99400000000     0.00197884600
   7   2406.48100000000     0.00579804900
   8    997.25840000000     0.01534158000
   9    433.92890000000     0.03540484000
  10    196.28690000000     0.06702098000
  11     91.04280000000     0.08026945000
  12     41.38425000000    -0.01927231000
  13     19.93278000000    -0.31601290000
  14      9.58189100000    -0.45731620000
  15      4.23451600000     0.15508410000
  16      1.98581400000     0.72028720000
  17      0.86708300000     0.38851220000
  18      0.18133900000     0.01924326000
  19      0.08365700000    -0.00710380700
 S 19 
   1  5430321.00000000000    -0.00000019590
   2  813166.50000000000    -0.00000152350
   3  185054.39999999999    -0.00000801480
   4  52414.66000000000    -0.00003383990
   5  17098.68000000000    -0.00012311910
   6   6171.99400000000    -0.00039920850
   7   2406.48100000000    -0.00117190000
   8    997.25840000000    -0.00309614100
   9    433.92890000000    -0.00717199300
  10    196.28690000000    -0.01356621000
  11     91.04280000000    -0.01643989000
  12     41.38425000000     0.00410762800
  13     19.93278000000     0.06693964000
  14      9.58189100000     0.10282210000
  15      4.23451600000    -0.04422945000
  16      1.98581400000    -0.20311910000
  17      0.86708300000    -0.22300220000
  18      0.18133900000     0.25179750000
  19      0.08365700000     0.56500910000
 S 19 
   1  5430321.00000000000    -0.00000035320
   2  813166.50000000000    -0.00000279880
   3  185054.39999999999    -0.00001432520
   4  52414.66000000000    -0.00006270950
   5  17098.68000000000    -0.00021794900
   6   6171.99400000000    -0.00074743160
   7   2406.48100000000    -0.00204927100
   8    997.25840000000    -0.00588520300
   9    433.92890000000    -0.01226885000
  10    196.28690000000    -0.02683147000
  11     91.04280000000    -0.02479261000
  12     41.38425000000    -0.00598474600
  13     19.93278000000     0.15571240000
  14      9.58189100000     0.14366830000
  15      4.23451600000     0.00837410300
  16      1.98581400000    -0.74607110000
  17      0.86708300000     0.12443670000
  18      0.18133900000     1.51011000000
  19      0.08365700000    -0.34771220000
 S 1 
   1      0.03626700000     1.00000000000
 S 1 
   1      0.01572000000     1.00000000000
 P 15 
   1  22760.57000000000     0.00004000000
   2   5387.67900000000     0.00036100000
   3   1749.94500000000     0.00208300000
   4    669.66530000000     0.00919700000
   5    284.19480000000     0.03266000000
   6    129.60770000000     0.09379500000
   7     62.25415000000     0.20827400000
   8     30.92964000000     0.33399300000
   9     15.75827000000     0.33249300000
  10      8.09421100000     0.15472800000
  11      4.04692100000     0.02127100000
  12      1.96786900000    -0.00169000000
  13      0.92529500000    -0.00151600000
  14      0.35299200000    -0.00024200000
  15      0.12730700000     0.00002300000
 P 15 
   1  22760.57000000000    -0.00001500000
   2   5387.67900000000    -0.00013100000
   3   1749.94500000000    -0.00075500000
   4    669.66530000000    -0.00335900000
   5    284.19480000000    -0.01208100000
   6    129.60770000000    -0.03570300000
   7     62.25415000000    -0.08250200000
   8     30.92964000000    -0.13989000000
   9     15.75827000000    -0.14072900000
  10      8.09421100000     0.03876600000
  11      4.04692100000     0.34269500000
  12      1.96786900000     0.45231000000
  13      0.92529500000     0.27705400000
  14      0.35299200000     0.04388500000
  15      0.12730700000    -0.00280200000
 P 15 
   1  22760.57000000000     0.00000300000
   2   5387.67900000000     0.00002500000
   3   1749.94500000000     0.00014700000
   4    669.66530000000     0.00065600000
   5    284.19480000000     0.00235100000
   6    129.60770000000     0.00700400000
   7     62.25415000000     0.01613100000
   8     30.92964000000     0.02777000000
   9     15.75827000000     0.02756700000
  10      8.09421100000    -0.01011500000
  11      4.04692100000    -0.08100900000
  12      1.96786900000    -0.11040900000
  13      0.92529500000    -0.07173200000
  14      0.35299200000     0.18793000000
  15      0.12730700000     0.56462900000
 P 15 
   1  22760.57000000000     0.00000500000
   2   5387.67900000000     0.00004900000
   3   1749.94500000000     0.00027800000
   4    669.66530000000     0.00125300000
   5    284.19480000000     0.00444700000
   6    129.60770000000     0.01337000000
   7     62.25415000000     0.03046900000
   8     30.92964000000     0.05344700000
   9     15.75827000000     0.05263900000
  10      8.09421100000    -0.01688100000
  11      4.04692100000    -0.17944800000
  12      1.96786900000    -0.20958800000
  13      0.92529500000    -0.03963300000
  14      0.35299200000     0.50213000000
  15      0.12730700000     0.58111100000
 P 1 
   1      0.04435600000     1.00000000000
 P 1 
   1      0.01545000000     1.00000000000
 D 7 
   1    173.89700000000     0.00270000000
   2     51.88690000000     0.02090900000
   3     19.34190000000     0.08440800000
   4      7.97572000000     0.21399900000
   5      3.39823000000     0.33598000000
   6      1.40932000000     0.35730100000
   7      0.54885800000     0.26457800000
 D 7 
   1    173.89700000000    -0.00336300000
   2     51.88690000000    -0.02607900000
   3     19.34190000000    -0.10823100000
   4      7.97572000000    -0.28221700000
   5      3.39823000000    -0.34719000000
   6      1.40932000000     0.02671100000
   7      0.54885800000     0.49204700000
 D 1 
   1      0.19019900000     1.00000000000
 D 1 
   1      0.06591000000     1.00000000000
 F 2 
   1      5.02860000000     0.42428000000
   2      1.25940000000     0.76302500000
 F 1 
   1      0.46172000000     1.00000000000

ZINC
 S 19 
   1  5820021.00000000000     0.00000854920
   2  871523.40000000002     0.00006647410
   3  198335.00000000000     0.00034949620
   4  56176.31000000000     0.00147383200
   5  18325.82000000000     0.00533833000
   6   6614.95500000000     0.01712708000
   7   2579.19900000000     0.04894085000
   8   1068.84900000000     0.12179340000
   9    465.10450000000     0.24765890000
  10    210.41300000000     0.35824310000
  11     97.61629000000     0.27981740000
  12     44.38020000000     0.06857491000
  13     21.42308000000    -0.00131109200
  14     10.30891000000     0.00191400100
  15      4.55364500000    -0.00087592200
  16      2.13282100000     0.00037400960
  17      0.92969700000    -0.00014013990
  18      0.19214700000     0.00004757130
  19      0.08759500000    -0.00003642710
 S 19 
   1  5820021.00000000000    -0.00000264010
   2  871523.40000000002    -0.00002052720
   3  198335.00000000000    -0.00010798590
   4  56176.31000000000    -0.00045585770
   5  18325.82000000000    -0.00165775800
   6   6614.95500000000    -0.00536849200
   7   2579.19900000000    -0.01571249000
   8   1068.84900000000    -0.04122558000
   9    465.10450000000    -0.09406459000
  10    210.41300000000    -0.17199540000
  11     97.61629000000    -0.19585230000
  12     44.38020000000     0.04532907000
  13     21.42308000000     0.52444420000
  14     10.30891000000     0.50061420000
  15      4.55364500000     0.08945527000
  16      2.13282100000    -0.00214626200
  17      0.92969700000     0.00211211300
  18      0.19214700000    -0.00041339800
  19      0.08759500000     0.00032097520
 S 19 
   1  5820021.00000000000     0.00000099670
   2  871523.40000000002     0.00000775420
   3  198335.00000000000     0.00004076020
   4  56176.31000000000     0.00017228110
   5  18325.82000000000     0.00062593700
   6   6614.95500000000     0.00203285500
   7   2579.19900000000     0.00595464600
   8   1068.84900000000     0.01576640000
   9    465.10450000000     0.03637638000
  10    210.41300000000     0.06892343000
  11     97.61629000000     0.08238093000
  12     44.38020000000    -0.02011360000
  13     21.42308000000    -0.32525260000
  14     10.30891000000    -0.46028990000
  15      4.55364500000     0.16355460000
  16      2.13282100000     0.72971180000
  17      0.92969700000     0.37697510000
  18      0.19214700000     0.01433224000
  19      0.08759500000    -0.00667121000
 S 19 
   1  5820021.00000000000     0.00000019960
   2  871523.40000000002     0.00000155300
   3  198335.00000000000     0.00000816130
   4  56176.31000000000     0.00003450750
   5  18325.82000000000     0.00012532750
   6   6614.95500000000     0.00040729900
   7   2579.19900000000     0.00119273400
   8   1068.84900000000     0.00316314000
   9    465.10450000000     0.00730394200
  10    210.41300000000     0.01391279000
  11     97.61629000000     0.01670620000
  12     44.38020000000    -0.00403558600
  13     21.42308000000    -0.06968861000
  14     10.30891000000    -0.10301050000
  15      4.55364500000     0.04471442000
  16      2.13282100000     0.21500270000
  17      0.92969700000     0.22201630000
  18      0.19214700000    -0.31147760000
  19      0.08759500000    -0.56934290000
 S 19 
   1  5820021.00000000000    -0.00000054360
   2  871523.40000000002    -0.00000433690
   3  198335.00000000000    -0.00002197570
   4  56176.31000000000    -0.00009747390
   5  18325.82000000000    -0.00033316150
   6   6614.95500000000    -0.00116619200
   7   2579.19900000000    -0.00311930800
   8   1068.84900000000    -0.00923950400
   9    465.10450000000    -0.01855471000
  10    210.41300000000    -0.04281189000
  11     97.61629000000    -0.03571095000
  12     44.38020000000    -0.01638350000
  13     21.42308000000     0.26446640000
  14     10.30891000000     0.20865880000
  15      4.55364500000    -0.01774382000
  16      2.13282100000    -1.35387300000
  17      0.92969700000     0.81829260000
  18      0.19214700000     1.69503600000
  19      0.08759500000    -1.38865600000
 S 1 
   1      0.03770200000     1.00000000000
 S 1 
   1      0.01623000000     1.00000000000
 P 15 
   1  24411.98000000000     0.00004100000
   2   5778.51800000000     0.00036100000
   3   1876.86200000000     0.00208800000
   4    718.23610000000     0.00922100000
   5    304.83270000000     0.03277300000
   6    139.04530000000     0.09417900000
   7     66.80417000000     0.20913200000
   8     33.20699000000     0.33456900000
   9     16.92816000000     0.33035900000
  10      8.69622900000     0.15234700000
  11      4.35051000000     0.02298400000
  12      2.11652300000     0.00160700000
  13      0.99538700000     0.00046800000
  14      0.37811200000     0.00006600000
  15      0.13457900000    -0.00000200000
 P 15 
   1  24411.98000000000    -0.00001500000
   2   5778.51800000000    -0.00013500000
   3   1876.86200000000    -0.00078200000
   4    718.23610000000    -0.00347800000
   5    304.83270000000    -0.01252000000
   6    139.04530000000    -0.03701600000
   7     66.80417000000    -0.08555900000
   8     33.20699000000    -0.14471800000
   9     16.92816000000    -0.14344200000
  10      8.69622900000     0.04359500000
  11      4.35051000000     0.34888800000
  12      2.11652300000     0.45386500000
  13      0.99538700000     0.26859400000
  14      0.37811200000     0.03886800000
  15      0.13457900000    -0.00249200000
 P 15 
   1  24411.98000000000     0.00000300000
   2   5778.51800000000     0.00002500000
   3   1876.86200000000     0.00014400000
   4    718.23610000000     0.00064500000
   5    304.83270000000     0.00231100000
   6    139.04530000000     0.00689800000
   7     66.80417000000     0.01588200000
   8     33.20699000000     0.02735000000
   9     16.92816000000     0.02662100000
  10      8.69622900000    -0.01085800000
  11      4.35051000000    -0.07985300000
  12      2.11652300000    -0.10612700000
  13      0.99538700000    -0.06888300000
  14      0.37811200000     0.18438500000
  15      0.13457900000     0.56178800000
 P 15 
   1  24411.98000000000     0.00000500000
   2   5778.51800000000     0.00004200000
   3   1876.86200000000     0.00023800000
   4    718.23610000000     0.00108800000
   5    304.83270000000     0.00382100000
   6    139.04530000000     0.01164400000
   7     66.80417000000     0.02616700000
   8     33.20699000000     0.04675000000
   9     16.92816000000     0.04330900000
  10      8.69622900000    -0.01342900000
  11      4.35051000000    -0.15389700000
  12      2.11652300000    -0.16741300000
  13      0.99538700000    -0.08499500000
  14      0.37811200000     0.45081300000
  15      0.13457900000     0.64086900000
 P 1 
   1      0.04628200000     1.00000000000
 P 1 
   1      0.01592000000     1.00000000000
 D 7 
   1    205.61770000000     0.00234200000
   2     61.44981000000     0.01860600000
   3     23.05689000000     0.07710200000
   4      9.57773900000     0.20202600000
   5      4.13373400000     0.32945400000
   6      1.74751800000     0.36097600000
   7      0.69956000000     0.27165700000
 D 7 
   1    205.61770000000     0.00327900000
   2     61.44981000000     0.02617600000
   3     23.05689000000     0.11136700000
   4      9.57773900000     0.30458100000
   5      4.13373400000     0.38629900000
   6      1.74751800000    -0.05837500000
   7      0.69956000000    -0.53887600000
 D 1 
   1      0.25160800000     1.00000000000
 D 1 
   1      0.09049000000     1.00000000000
 F 2 
   1      5.73440000000     0.43113200000
   2      1.46150000000     0.75464200000
 F 1 
   1      0.54861000000     1.00000000000

GALLIUM
 S 13 
   1  485130.00000000000     0.00020680000
   2  72719.00000000000     0.00160470000
   3  16552.00000000000     0.00834020000
   4   4687.80000000000     0.03402480000
   5   1529.10000000000     0.11116990000
   6    551.81000000000     0.27539300000
   7    215.18000000000     0.42126280000
   8     88.17400000000     0.27389060000
   9     27.15400000000     0.02837200000
  10     11.50300000000    -0.00629310000
  11      3.30180000000     0.00206060000
  12      1.33140000000    -0.00092690000
  13      0.19316000000     0.00022730000
 S 13 
   1  485130.00000000000    -0.00006430000
   2  72719.00000000000    -0.00049540000
   3  16552.00000000000    -0.00262080000
   4   4687.80000000000    -0.01068390000
   5   1529.10000000000    -0.03741230000
   6    551.81000000000    -0.10096360000
   7    215.18000000000    -0.21451410000
   8     88.17400000000    -0.17522970000
   9     27.15400000000     0.48315990000
  10     11.50300000000     0.63236770000
  11      3.30180000000     0.06849420000
  12      1.33140000000    -0.01187120000
  13      0.19316000000     0.00266520000
 S 13 
   1  485130.00000000000     0.00002450000
   2  72719.00000000000     0.00018950000
   3  16552.00000000000     0.00099640000
   4   4687.80000000000     0.00410820000
   5   1529.10000000000     0.01429380000
   6    551.81000000000     0.03980340000
   7    215.18000000000     0.08559400000
   8     88.17400000000     0.07963050000
   9     27.15400000000    -0.29391070000
  10     11.50300000000    -0.52639140000
  11      3.30180000000     0.58642490000
  12      1.33140000000     0.67263470000
  13      0.19316000000     0.02761230000
 S 13 
   1  485130.00000000000    -0.00000570000
   2  72719.00000000000    -0.00004400000
   3  16552.00000000000    -0.00023050000
   4   4687.80000000000    -0.00095440000
   5   1529.10000000000    -0.00330550000
   6    551.81000000000    -0.00928880000
   7    215.18000000000    -0.01986440000
   8     88.17400000000    -0.01908880000
   9     27.15400000000     0.07323560000
  10     11.50300000000     0.13415260000
  11      3.30180000000    -0.18319290000
  12      1.33140000000    -0.35713080000
  13      0.19316000000     0.62460130000
 S 1 
   1      0.07089500000     1.00000000000
 S 1 
   1      0.02434800000     1.00000000000
 P 10 
   1   3248.60000000000     0.00152600000
   2    769.97000000000     0.01274860000
   3    248.20000000000     0.06337420000
   4     93.36400000000     0.20657750000
   5     38.25100000000     0.40929630000
   6     16.42200000000     0.39191830000
   7      6.79180000000     0.10294410000
   8      2.83360000000    -0.00072030000
   9      1.10620000000     0.00209500000
  10      0.22250000000    -0.00032900000
 P 10 
   1   3248.60000000000    -0.00058030000
   2    769.97000000000    -0.00486470000
   3    248.20000000000    -0.02483940000
   4     93.36400000000    -0.08417590000
   5     38.25100000000    -0.18008850000
   6     16.42200000000    -0.15855550000
   7      6.79180000000     0.23553760000
   8      2.83360000000     0.58205870000
   9      1.10620000000     0.33666190000
  10      0.22250000000     0.01719120000
 P 10 
   1   3248.60000000000     0.00009500000
   2    769.97000000000     0.00078320000
   3    248.20000000000     0.00408550000
   4     93.36400000000     0.01359870000
   5     38.25100000000     0.03026950000
   6     16.42200000000     0.02417900000
   7      6.79180000000    -0.04237770000
   8      2.83360000000    -0.12656610000
   9      1.10620000000    -0.04994440000
  10      0.22250000000     0.44941990000
 P 1 
   1      0.06177200000     1.00000000000
 P 1 
   1      0.01516400000     1.00000000000
 D 5 
   1     65.33700000000     0.02738250000
   2     18.49700000000     0.15108050000
   3      6.31500000000     0.37492170000
   4      2.16350000000     0.47507990000
   5      0.66675000000     0.29827500000
 D 1 
   1      0.18840000000     1.00000000000
 D 1 
   1      0.05370000000     1.00000000000

GERMANIUM
 S 13 
   1  521800.00000000000     0.00020450000
   2  78214.00000000000     0.00158680000
   3  17803.00000000000     0.00824800000
   4   5041.90000000000     0.03366490000
   5   1644.50000000000     0.11012490000
   6    593.43000000000     0.27356070000
   7    231.36000000000     0.42106700000
   8     94.76200000000     0.27667910000
   9     29.27400000000     0.02921800000
  10     12.45000000000    -0.00659030000
  11      3.64630000000     0.00224300000
  12      1.50250000000    -0.00103820000
  13      0.24503000000     0.00026950000
 S 13 
   1  521800.00000000000    -0.00006380000
   2  78214.00000000000    -0.00049160000
   3  17803.00000000000    -0.00260020000
   4   5041.90000000000    -0.01060800000
   5   1644.50000000000    -0.03716020000
   6    593.43000000000    -0.10057900000
   7    231.36000000000    -0.21439770000
   8     94.76200000000    -0.17826170000
   9     29.27400000000     0.47774040000
  10     12.45000000000     0.63559830000
  11      3.64630000000     0.07221740000
  12      1.50250000000    -0.01272650000
  13      0.24503000000     0.00296080000
 S 13 
   1  521800.00000000000     0.00002460000
   2  78214.00000000000     0.00019000000
   3  17803.00000000000     0.00099930000
   4   5041.90000000000     0.00412000000
   5   1644.50000000000     0.01435570000
   6    593.43000000000     0.04003750000
   7    231.36000000000     0.08657940000
   8     94.76200000000     0.08158610000
   9     29.27400000000    -0.29347700000
  10     12.45000000000    -0.53679830000
  11      3.64630000000     0.56379850000
  12      1.50250000000     0.69471820000
  13      0.24503000000     0.03157300000
 S 13 
   1  521800.00000000000    -0.00000630000
   2  78214.00000000000    -0.00004860000
   3  17803.00000000000    -0.00025530000
   4   5041.90000000000    -0.00105600000
   5   1644.50000000000    -0.00366740000
   6    593.43000000000    -0.01030530000
   7    231.36000000000    -0.02222000000
   8     94.76200000000    -0.02152750000
   9     29.27400000000     0.08067520000
  10     12.45000000000     0.15249580000
  11      3.64630000000    -0.19805280000
  12      1.50250000000    -0.40739540000
  13      0.24503000000     0.64772880000
 S 1 
   1      0.09159400000     1.00000000000
 S 1 
   1      0.03396100000     1.00000000000
 P 10 
   1   3568.10000000000     0.00145910000
   2    845.72000000000     0.01221760000
   3    272.74000000000     0.06104900000
   4    102.68000000000     0.20080390000
   5     42.14800000000     0.40389420000
   6     18.14900000000     0.39700270000
   7      7.59340000000     0.11054810000
   8      3.19640000000     0.00007680000
   9      1.27430000000     0.00212630000
  10      0.28258000000    -0.00037440000
 P 10 
   1   3568.10000000000    -0.00056300000
   2    845.72000000000    -0.00473540000
   3    272.74000000000    -0.02426430000
   4    102.68000000000    -0.08309000000
   5     42.14800000000    -0.18002470000
   6     18.14900000000    -0.16632950000
   7      7.59340000000     0.21937170000
   8      3.19640000000     0.58202390000
   9      1.27430000000     0.34777200000
  10      0.28258000000     0.01924550000
 P 10 
   1   3568.10000000000     0.00011150000
   2    845.72000000000     0.00092120000
   3    272.74000000000     0.00482730000
   4    102.68000000000     0.01622720000
   5     42.14800000000     0.03663540000
   6     18.14900000000     0.03078670000
   7      7.59340000000    -0.04806430000
   8      3.19640000000    -0.15598040000
   9      1.27430000000    -0.06323700000
  10      0.28258000000     0.50408190000
 P 1 
   1      0.08409000000     1.00000000000
 P 1 
   1      0.02394500000     1.00000000000
 D 5 
   1     74.76200000000     0.02576840000
   2     21.30200000000     0.14544210000
   3      7.34360000000     0.37137210000
   4      2.56510000000     0.48000020000
   5      0.81970000000     0.28968000000
 D 1 
   1      0.24700000000     1.00000000000
 D 1 
   1      0.07710000000     1.00000000000

ARSENIC
 S 13 
   1  559583.80000000005     0.00020240000
   2  83879.33000000000     0.00157090000
   3  19092.67000000000     0.00816620000
   4   5407.39200000000     0.03333990000
   5   1763.75600000000     0.10917260000
   6    636.45670000000     0.27188530000
   7    248.08840000000     0.42085090000
   8    101.57850000000     0.27922570000
   9     31.47551000000     0.03003010000
  10     13.43728000000    -0.00688040000
  11      4.00869000000     0.00242400000
  12      1.68492900000    -0.00114910000
  13      0.30001900000     0.00030950000
 S 13 
   1  559583.80000000005    -0.00006340000
   2  83879.33000000000    -0.00048830000
   3  19092.67000000000    -0.00258210000
   4   5407.39200000000    -0.01054020000
   5   1763.75600000000    -0.03693250000
   6    636.45670000000    -0.10023550000
   7    248.08840000000    -0.21429480000
   8    101.57850000000    -0.18105260000
   9     31.47551000000     0.47254100000
  10     13.43728000000     0.63861940000
  11      4.00869000000     0.07581070000
  12      1.68492900000    -0.01352780000
  13      0.30001900000     0.00319700000
 S 13 
   1  559583.80000000005     0.00002460000
   2  83879.33000000000     0.00019070000
   3  19092.67000000000     0.00100310000
   4   5407.39200000000     0.00413530000
   5   1763.75600000000     0.01442590000
   6    636.45670000000     0.04029620000
   7    248.08840000000     0.08756700000
   8    101.57850000000     0.08351780000
   9     31.47551000000    -0.29329350000
  10     13.43728000000    -0.54705200000
  11      4.00869000000     0.54387380000
  12      1.68492900000     0.71435910000
  13      0.30001900000     0.03534430000
 S 13 
   1  559583.80000000005    -0.00000680000
   2  83879.33000000000    -0.00005250000
   3  19092.67000000000    -0.00027560000
   4   5407.39200000000    -0.00113890000
   5   1763.75600000000    -0.00396460000
   6    636.45670000000    -0.01114230000
   7    248.08840000000    -0.02419910000
   8    101.57850000000    -0.02363390000
   9     31.47551000000     0.08663170000
  10     13.43728000000     0.16858390000
  11      4.00869000000    -0.20914250000
  12      1.68492900000    -0.45009180000
  13      0.30001900000     0.66039780000
 S 1 
   1      0.11358700000     1.00000000000
 S 1 
   1      0.04115200000     1.00000000000
 P 10 
   1   3886.35600000000     0.00140970000
   2    921.20200000000     0.01182770000
   3    297.19320000000     0.05932800000
   4    111.97510000000     0.19651150000
   5     46.03462000000     0.39978910000
   6     19.87419000000     0.40046530000
   7      8.38608800000     0.11641960000
   8      3.55872800000     0.00069180000
   9      1.44728200000     0.00216330000
  10      0.34777900000    -0.00041500000
 P 10 
   1   3886.35600000000    -0.00055190000
   2    921.20200000000    -0.00465500000
   3    297.19320000000    -0.02391760000
   4    111.97510000000    -0.08256270000
   5     46.03462000000    -0.18067910000
   6     19.87419000000    -0.17248480000
   7      8.38608800000     0.20867000000
   8      3.55872800000     0.58236220000
   9      1.44728200000     0.35374650000
  10      0.34777900000     0.02064390000
 P 10 
   1   3886.35600000000     0.00012360000
   2    921.20200000000     0.00102400000
   3    297.19320000000     0.00538050000
   4    111.97510000000     0.01824430000
   5     46.03462000000     0.04159790000
   6     19.87419000000     0.03629980000
   7      8.38608800000    -0.05235690000
   8      3.55872800000    -0.17916670000
   9      1.44728200000    -0.07404770000
  10      0.34777900000     0.53580940000
 P 1 
   1      0.10769900000     1.00000000000
 P 1 
   1      0.03126800000     1.00000000000
 D 5 
   1     84.42423000000     0.02452880000
   2     24.18159000000     0.14113400000
   3      8.40177700000     0.36875790000
   4      2.98050200000     0.48406260000
   5      0.97900300000     0.28244340000
 D 1 
   1      0.30980000000     1.00000000000
 D 1 
   1      0.10780000000     1.00000000000

SELENIUM
 S 13 
   1  598990.00000000000     0.00020040000
   2  89783.00000000000     0.00155540000
   3  20435.00000000000     0.00808720000
   4   5786.90000000000     0.03303440000
   5   1887.30000000000     0.10829240000
   6    680.97000000000     0.27033610000
   7    265.39000000000     0.42062360000
   8    108.63000000000     0.28159220000
   9     33.76000000000     0.03081100000
  10     14.46500000000    -0.00716170000
  11      4.38900000000     0.00260220000
  12      1.87830000000    -0.00125830000
  13      0.35859000000     0.00034650000
 S 13 
   1  598990.00000000000    -0.00006290000
   2  89783.00000000000    -0.00048500000
   3  20435.00000000000    -0.00256440000
   4   5786.90000000000    -0.01047610000
   5   1887.30000000000    -0.03672230000
   6    680.97000000000    -0.09992250000
   7    265.39000000000    -0.21419730000
   8    108.63000000000    -0.18365930000
   9     33.76000000000     0.46754540000
  10     14.46500000000     0.64147400000
  11      4.38900000000     0.07925690000
  12      1.87830000000    -0.01426970000
  13      0.35859000000     0.00337920000
 S 13 
   1  598990.00000000000     0.00002470000
   2  89783.00000000000     0.00019130000
   3  20435.00000000000     0.00100680000
   4   5786.90000000000     0.00415140000
   5   1887.30000000000     0.01449910000
   6    680.97000000000     0.04056580000
   7    265.39000000000     0.08853640000
   8    108.63000000000     0.08542120000
   9     33.76000000000    -0.29325810000
  10     14.46500000000    -0.55707270000
  11      4.38900000000     0.52614360000
  12      1.87830000000     0.73203710000
  13      0.35859000000     0.03882460000
 S 13 
   1  598990.00000000000    -0.00000720000
   2  89783.00000000000    -0.00005590000
   3  20435.00000000000    -0.00029380000
   4   5786.90000000000    -0.00121360000
   5   1887.30000000000    -0.00423400000
   6    680.97000000000    -0.01190350000
   7    265.39000000000    -0.02602060000
   8    108.63000000000    -0.02561480000
   9     33.76000000000     0.09194270000
  10     14.46500000000     0.18387000000
  11      4.38900000000    -0.21884610000
  12      1.87830000000    -0.48965240000
  13      0.35859000000     0.67758180000
 S 1 
   1      0.13649000000     1.00000000000
 S 1 
   1      0.04874700000     1.00000000000
 P 10 
   1   4135.60000000000     0.00141270000
   2    980.34000000000     0.01185880000
   3    316.35000000000     0.05951530000
   4    119.25000000000     0.19722010000
   5     49.06800000000     0.40074390000
   6     21.21200000000     0.39947400000
   7      8.94620000000     0.11533640000
   8      3.82360000000     0.00022190000
   9      1.58830000000     0.00228380000
  10      0.40969000000    -0.00047560000
 P 10 
   1   4135.60000000000    -0.00056100000
   2    980.34000000000    -0.00473400000
   3    316.35000000000    -0.02435040000
   4    119.25000000000    -0.08410710000
   5     49.06800000000    -0.18413840000
   6     21.21200000000    -0.17350040000
   7      8.94620000000     0.21672630000
   8      3.82360000000     0.58500990000
   9      1.58830000000     0.34168160000
  10      0.40969000000     0.01991250000
 P 10 
   1   4135.60000000000     0.00013660000
   2    980.34000000000     0.00113080000
   3    316.35000000000     0.00595810000
   4    119.25000000000     0.02018660000
   5     49.06800000000     0.04619390000
   6     21.21200000000     0.03940500000
   7      8.94620000000    -0.05928460000
   8      3.82360000000    -0.20146630000
   9      1.58830000000    -0.06878210000
  10      0.40969000000     0.55959440000
 P 1 
   1      0.12459000000     1.00000000000
 P 1 
   1      0.03549200000     1.00000000000
 D 5 
   1     94.47200000000     0.02349820000
   2     27.18000000000     0.13751830000
   3      9.50680000000     0.36648240000
   4      3.41680000000     0.48747170000
   5      1.14790000000     0.27657690000
 D 1 
   1      0.36820000000     1.00000000000
 D 1 
   1      0.12830000000     1.00000000000

BROMINE
 S 13 
   1  640100.00000000000     0.00019840000
   2  95938.00000000000     0.00154000000
   3  21833.00000000000     0.00800960000
   4   6181.90000000000     0.03273410000
   5   2015.70000000000     0.10744800000
   6    727.10000000000     0.26889460000
   7    283.28000000000     0.42044110000
   8    115.91000000000     0.28380410000
   9     36.12400000000     0.03154550000
  10     15.53200000000    -0.00742680000
  11      4.78570000000     0.00277280000
  12      2.08170000000    -0.00136350000
  13      0.42028000000     0.00038120000
 S 13 
   1  640100.00000000000    -0.00006250000
   2  95938.00000000000    -0.00048160000
   3  21833.00000000000    -0.00254660000
   4   6181.90000000000    -0.01041120000
   5   2015.70000000000    -0.03651790000
   6    727.10000000000    -0.09962950000
   7    283.28000000000    -0.21413100000
   8    115.91000000000    -0.18609110000
   9     36.12400000000     0.46282610000
  10     15.53200000000     0.64411410000
  11      4.78570000000     0.08255020000
  12      2.08170000000    -0.01496940000
  13      0.42028000000     0.00352880000
 S 13 
   1  640100.00000000000     0.00002480000
   2  95938.00000000000     0.00019190000
   3  21833.00000000000     0.00101000000
   4   6181.90000000000     0.00416590000
   5   2015.70000000000     0.01456830000
   6    727.10000000000     0.04083450000
   7    283.28000000000     0.08948590000
   8    115.91000000000     0.08727860000
   9     36.12400000000    -0.29336440000
  10     15.53200000000    -0.56671090000
  11      4.78570000000     0.51056580000
  12      2.08170000000     0.74772140000
  13      0.42028000000     0.04215120000
 S 13 
   1  640100.00000000000    -0.00000760000
   2  95938.00000000000    -0.00005880000
   3  21833.00000000000    -0.00030920000
   4   6181.90000000000    -0.00127660000
   5   2015.70000000000    -0.00446340000
   6    727.10000000000    -0.01255750000
   7    283.28000000000    -0.02761450000
   8    115.91000000000    -0.02739450000
   9     36.12400000000     0.09640940000
  10     15.53200000000     0.19768710000
  11      4.78570000000    -0.22666930000
  12      2.08170000000    -0.52411650000
  13      0.42028000000     0.68898650000
 S 1 
   1      0.16069000000     1.00000000000
 S 1 
   1      0.05694600000     1.00000000000
 P 10 
   1   4340.80000000000     0.00144480000
   2   1028.90000000000     0.01212880000
   3    332.02000000000     0.06080770000
   4    125.16000000000     0.20093580000
   5     51.51100000000     0.40474190000
   6     22.28100000000     0.39571510000
   7      9.34170000000     0.11022130000
   8      4.01320000000    -0.00090900000
   9      1.70020000000     0.00248320000
  10      0.47194000000    -0.00057440000
 P 10 
   1   4340.80000000000    -0.00058190000
   2   1028.90000000000    -0.00490650000
   3    332.02000000000    -0.02525140000
   4    125.16000000000    -0.08694450000
   5     51.51100000000    -0.18934220000
   6     22.28100000000    -0.17108820000
   7      9.34170000000     0.23687550000
   8      4.01320000000     0.58984000000
   9      1.70020000000     0.31719440000
  10      0.47194000000     0.01798330000
 P 10 
   1   4340.80000000000     0.00015180000
   2   1028.90000000000     0.00125630000
   3    332.02000000000     0.00662240000
   4    125.16000000000     0.02238160000
   5     51.51100000000     0.05097170000
   6     22.28100000000     0.04140090000
   7      9.34170000000    -0.07039700000
   8      4.01320000000    -0.22325400000
   9      1.70020000000    -0.05641790000
  10      0.47194000000     0.58080790000
 P 1 
   1      0.14421000000     1.00000000000
 P 1 
   1      0.04104900000     1.00000000000
 D 5 
   1    104.83000000000     0.02265830000
   2     30.27200000000     0.13458950000
   3     10.64900000000     0.36471810000
   4      3.86960000000     0.49041960000
   5      1.32390000000     0.27138850000
 D 1 
   1      0.40980000000     1.00000000000
 D 1 
   1      0.17190000000     1.00000000000

KRYPTON
 S 13 
   1  681358.80000000005     0.00019690000
   2  102126.50000000000     0.00152860000
   3  23243.71000000000     0.00795000000
   4   6582.00700000000     0.03249380000
   5   2146.42900000000     0.10672400000
   6    774.33780000000     0.26757010000
   7    301.67020000000     0.42018510000
   8    123.41180000000     0.28580150000
   9     38.56755000000     0.03224610000
  10     16.63738000000    -0.00768280000
  11      5.19879500000     0.00293930000
  12      2.29481400000    -0.00146620000
  13      0.48521100000     0.00041440000
 S 13 
   1  681358.80000000005    -0.00006220000
   2  102126.50000000000    -0.00047940000
   3  23243.71000000000    -0.00253410000
   4   6582.00700000000    -0.01036360000
   5   2146.42900000000    -0.03635160000
   6    774.33780000000    -0.09937370000
   7    301.67020000000    -0.21406100000
   8    123.41180000000    -0.18831920000
   9     38.56755000000     0.45838160000
  10     16.63738000000     0.64656640000
  11      5.19879500000     0.08565790000
  12      2.29481400000    -0.01561230000
  13      0.48521100000     0.00364900000
 S 13 
   1  681358.80000000005     0.00002490000
   2  102126.50000000000     0.00019280000
   3  23243.71000000000     0.00101490000
   4   6582.00700000000     0.00418570000
   5   2146.42900000000     0.01464590000
   6    774.33780000000     0.04110700000
   7    301.67020000000     0.09039550000
   8    123.41180000000     0.08906230000
   9     38.56755000000    -0.29357180000
  10     16.63738000000    -0.57596980000
  11      5.19879500000     0.49685780000
  12      2.29481400000     0.76168950000
  13      0.48521100000     0.04532670000
 S 13 
   1  681358.80000000005    -0.00000790000
   2  102126.50000000000    -0.00006140000
   3  23243.71000000000    -0.00032300000
   4   6582.00700000000    -0.00133300000
   5   2146.42900000000    -0.00466720000
   6    774.33780000000    -0.01313520000
   7    301.67020000000    -0.02903420000
   8    123.41180000000    -0.02901730000
   9     38.56755000000     0.10026640000
  10     16.63738000000     0.21038180000
  11      5.19879500000    -0.23324710000
  12      2.29481400000    -0.55464970000
  13      0.48521100000     0.69695220000
 S 1 
   1      0.18627000000     1.00000000000
 S 1 
   1      0.06514500000     1.00000000000
 P 10 
   1   4474.27000000000     0.00151950000
   2   1060.57900000000     0.01274240000
   3    342.20810000000     0.06364650000
   4    128.99840000000     0.20856350000
   5     53.08722000000     0.41224230000
   6     22.95942000000     0.38781030000
   7      9.50730000000     0.10038200000
   8      4.08305500000    -0.00250780000
   9      1.75044600000     0.00271390000
  10      0.52919000000    -0.00069770000
 P 10 
   1   4474.27000000000    -0.00062080000
   2   1060.57900000000    -0.00522120000
   3    342.20810000000    -0.02684630000
   4    128.99840000000    -0.09158230000
   5     53.08722000000    -0.19681640000
   6     22.95942000000    -0.16347500000
   7      9.50730000000     0.27382040000
   8      4.08305500000     0.59815920000
   9      1.75044600000     0.27504530000
  10      0.52919000000     0.01277060000
 P 10 
   1   4474.27000000000     0.00017010000
   2   1060.57900000000     0.00140640000
   3    342.20810000000     0.00739630000
   4    128.99840000000     0.02482540000
   5     53.08722000000     0.05571550000
   6     22.95942000000     0.04121320000
   7      9.50730000000    -0.08760570000
   8      4.08305500000    -0.24405860000
   9      1.75044600000    -0.02950070000
  10      0.52919000000     0.60122950000
 P 1 
   1      0.16436900000     1.00000000000
 P 1 
   1      0.04660600000     1.00000000000
 D 5 
   1    115.52530000000     0.02195570000
   2     33.46525000000     0.13216200000
   3     11.83046000000     0.36334840000
   4      4.33977100000     0.49295820000
   5      1.50752400000     0.26675600000
 D 1 
   1      0.50300000000     1.00000000000
 D 1 
   1      0.21550000000     1.00000000000
$END



