----- Orbital basis set information -----
Your calculation utilizes the basis: cc-pV5Z 
    H, B-Ne : Obtained from the ccRepo (grant-hill.group.shef.ac.uk/ccrepo) Feb. 2017
              T. H. Dunning, Jr., J. Chem. Phys. 90, 1007 (1989)
         He : Obtained from the ccRepo (grant-hill.group.shef.ac.uk/ccrepo) Feb. 2017
              D. E. Woon, T. H. Dunning, Jr., J. Chem. Phys. 100, 2975 (1994)
  Li-Be, Mg : Obtained from the ccRepo (grant-hill.group.shef.ac.uk/ccrepo) Feb. 2017
              B. P. Prascher, D. E. Woon, K. A. Peterson, T. H. Dunning, Jr., A. K. Wilson, Theor. Chem. Acc. 128, 69 (2011)
         Na : Obtained from the Peterson Research Group Website (tyr0.chem.wsu.edu/~kipeters) Feb. 2017
              B. P. Prascher, D. E. Woon, K. A. Peterson, T. H. Dunning, Jr., A. K. Wilson, Theor. Chem. Acc. 128, 69 (2011)
      Al-Ar : Obtained from the ccRepo (grant-hill.group.shef.ac.uk/ccrepo) Feb. 2017
              D. E. Woon, T. H. Dunning, Jr., J. Chem. Phys. 98, 1358 (1993)
         Ca : Obtained from the Peterson Research Group Website (tyr0.chem.wsu.edu/~kipeters) Feb. 2017
              J. Koput, K. A. Peterson, J. Phys. Chem. 106, 9595 (2002)
      Sc-Zn : Obtained from the ccRepo (grant-hill.group.shef.ac.uk/ccrepo) Feb. 2017
              N. B. Balabanov, K. A. Peterson, J. Chem. Phys. 123, 064107 (2005)
              N. B. Balabanov, K. A. Peterson, J. Chem. Phys. 125, 074110 (2006)
      Ga-Kr : Obtained from the ccRepo (grant-hill.group.shef.ac.uk/ccrepo) Feb. 2017
              A. K. Wilson, D. E. Woon, K. A. Peterson, T. H. Dunning, Jr., J. Chem. Phys. 110, 7667 (1999)

! -------------------------
!  BASIS SET IN INPUT FORMAT
! -------------------------

$DATA

HYDROGEN
 S 4 
   1    402.00000000000     0.00027900000
   2     60.24000000000     0.00216500000
   3     13.73000000000     0.01120100000
   4      3.90500000000     0.04487800000
 S 1 
   1      1.28300000000     1.00000000000
 S 1 
   1      0.46550000000     1.00000000000
 S 1 
   1      0.18110000000     1.00000000000
 S 1 
   1      0.07279000000     1.00000000000
 P 1 
   1      4.51600000000     1.00000000000
 P 1 
   1      1.71200000000     1.00000000000
 P 1 
   1      0.64900000000     1.00000000000
 P 1 
   1      0.24600000000     1.00000000000
 D 1 
   1      2.95000000000     1.00000000000
 D 1 
   1      1.20600000000     1.00000000000
 D 1 
   1      0.49300000000     1.00000000000
 F 1 
   1      2.50600000000     1.00000000000
 F 1 
   1      0.87500000000     1.00000000000
 G 1 
   1      2.35800000000     1.00000000000

HELIUM
 S 4 
   1   1145.00000000000     0.00035900000
   2    171.70000000000     0.00277100000
   3     39.07000000000     0.01425100000
   4     11.04000000000     0.05556600000
 S 1 
   1      3.56600000000     1.00000000000
 S 1 
   1      1.24000000000     1.00000000000
 S 1 
   1      0.44730000000     1.00000000000
 S 1 
   1      0.16400000000     1.00000000000
 P 1 
   1     10.15300000000     1.00000000000
 P 1 
   1      3.62700000000     1.00000000000
 P 1 
   1      1.29600000000     1.00000000000
 P 1 
   1      0.46300000000     1.00000000000
 D 1 
   1      7.66600000000     1.00000000000
 D 1 
   1      2.64700000000     1.00000000000
 D 1 
   1      0.91400000000     1.00000000000
 F 1 
   1      5.41100000000     1.00000000000
 F 1 
   1      1.70700000000     1.00000000000
 G 1 
   1      3.43000000000     1.00000000000

LITHIUM
 S 10 
   1  29493.00000000000     0.00001800000
   2   4417.10100000000     0.00014100000
   3   1005.22300000000     0.00073900000
   4    284.70090000000     0.00310700000
   5     92.86543000000     0.01113500000
   6     33.51179000000     0.03467000000
   7     13.04180000000     0.09217100000
   8      5.35753600000     0.19957600000
   9      2.27933800000     0.32883600000
  10      0.99399000000     0.34597500000
 S 10 
   1  29493.00000000000    -0.00000300000
   2   4417.10100000000    -0.00002200000
   3   1005.22300000000    -0.00011500000
   4    284.70090000000    -0.00048700000
   5     92.86543000000    -0.00174600000
   6     33.51179000000    -0.00552000000
   7     13.04180000000    -0.01492800000
   8      5.35753600000    -0.03420600000
   9      2.27933800000    -0.06215500000
  10      0.99399000000    -0.09590200000
 S 1 
   1      0.43347100000     1.00000000000
 S 1 
   1      0.09556600000     1.00000000000
 S 1 
   1      0.04465700000     1.00000000000
 S 1 
   1      0.02063300000     1.00000000000
 P 4 
   1     19.66350000000     0.00054000000
   2      4.62311000000     0.00386500000
   3      1.41378000000     0.01517100000
   4      0.47372100000     0.04920400000
 P 1 
   1      0.17615100000     1.00000000000
 P 1 
   1      0.07267500000     1.00000000000
 P 1 
   1      0.03214100000     1.00000000000
 P 1 
   1      0.01455600000     1.00000000000
 D 1 
   1      0.53100000000     1.00000000000
 D 1 
   1      0.24810000000     1.00000000000
 D 1 
   1      0.11590000000     1.00000000000
 D 1 
   1      0.05420000000     1.00000000000
 F 1 
   1      0.29200000000     1.00000000000
 F 1 
   1      0.16410000000     1.00000000000
 F 1 
   1      0.09220000000     1.00000000000
 G 1 
   1      0.29710000000     1.00000000000
 G 1 
   1      0.15000000000     1.00000000000
 H 1 
   1      0.29490000000     1.00000000000

BERYLLIUM
 S 10 
   1  54620.00000000000     0.00001800000
   2   8180.00000000000     0.00013800000
   3   1862.00000000000     0.00072300000
   4    527.30000000000     0.00303900000
   5    172.00000000000     0.01090800000
   6     62.10000000000     0.03403500000
   7     24.21000000000     0.09119300000
   8      9.99300000000     0.19926800000
   9      4.30500000000     0.32935500000
  10      1.92100000000     0.34048900000
 S 10 
   1  54620.00000000000    -0.00000300000
   2   8180.00000000000    -0.00002500000
   3   1862.00000000000    -0.00013100000
   4    527.30000000000    -0.00055800000
   5    172.00000000000    -0.00198800000
   6     62.10000000000    -0.00637000000
   7     24.21000000000    -0.01721700000
   8      9.99300000000    -0.04085800000
   9      4.30500000000    -0.07423700000
  10      1.92100000000    -0.11923400000
 S 1 
   1      0.86630000000     1.00000000000
 S 1 
   1      0.24750000000     1.00000000000
 S 1 
   1      0.10090000000     1.00000000000
 S 1 
   1      0.04129000000     1.00000000000
 P 4 
   1     43.75000000000     0.00063300000
   2     10.33000000000     0.00480800000
   3      3.22600000000     0.02052700000
   4      1.12700000000     0.06781600000
 P 1 
   1      0.43340000000     1.00000000000
 P 1 
   1      0.18080000000     1.00000000000
 P 1 
   1      0.07827000000     1.00000000000
 P 1 
   1      0.03372000000     1.00000000000
 D 1 
   1      1.71750000000     1.00000000000
 D 1 
   1      0.76460000000     1.00000000000
 D 1 
   1      0.34040000000     1.00000000000
 D 1 
   1      0.15150000000     1.00000000000
 F 1 
   1      0.61270000000     1.00000000000
 F 1 
   1      0.35680000000     1.00000000000
 F 1 
   1      0.20780000000     1.00000000000
 G 1 
   1      0.59800000000     1.00000000000
 G 1 
   1      0.31830000000     1.00000000000
 H 1 
   1      0.51420000000     1.00000000000

BORON
 S 10 
   1  68260.00000000000     0.00002400000
   2  10230.00000000000     0.00018500000
   3   2328.00000000000     0.00097000000
   4    660.40000000000     0.00405600000
   5    216.20000000000     0.01439900000
   6     78.60000000000     0.04390100000
   7     30.98000000000     0.11305700000
   8     12.96000000000     0.23382500000
   9      5.65900000000     0.35396000000
  10      2.55600000000     0.30154700000
 S 10 
   1  68260.00000000000    -0.00000500000
   2  10230.00000000000    -0.00003700000
   3   2328.00000000000    -0.00019600000
   4    660.40000000000    -0.00082400000
   5    216.20000000000    -0.00292300000
   6     78.60000000000    -0.00913800000
   7     30.98000000000    -0.02410500000
   8     12.96000000000    -0.05475500000
   9      5.65900000000    -0.09694300000
  10      2.55600000000    -0.13748500000
 S 1 
   1      1.17500000000     1.00000000000
 S 1 
   1      0.42490000000     1.00000000000
 S 1 
   1      0.17120000000     1.00000000000
 S 1 
   1      0.06913000000     1.00000000000
 P 4 
   1     66.44000000000     0.00083800000
   2     15.71000000000     0.00640900000
   3      4.93600000000     0.02808100000
   4      1.77000000000     0.09215200000
 P 1 
   1      0.70080000000     1.00000000000
 P 1 
   1      0.29010000000     1.00000000000
 P 1 
   1      0.12110000000     1.00000000000
 P 1 
   1      0.04973000000     1.00000000000
 D 1 
   1      2.01000000000     1.00000000000
 D 1 
   1      0.79600000000     1.00000000000
 D 1 
   1      0.31600000000     1.00000000000
 D 1 
   1      0.12500000000     1.00000000000
 F 1 
   1      1.21500000000     1.00000000000
 F 1 
   1      0.52500000000     1.00000000000
 F 1 
   1      0.22700000000     1.00000000000
 G 1 
   1      1.12400000000     1.00000000000
 G 1 
   1      0.46100000000     1.00000000000
 H 1 
   1      0.83400000000     1.00000000000

CARBON
 S 10 
   1  96770.00000000000     0.00002500000
   2  14500.00000000000     0.00019000000
   3   3300.00000000000     0.00100000000
   4    935.80000000000     0.00418300000
   5    306.20000000000     0.01485900000
   6    111.30000000000     0.04530100000
   7     43.90000000000     0.11650400000
   8     18.40000000000     0.24024900000
   9      8.05400000000     0.35879900000
  10      3.63700000000     0.29394100000
 S 10 
   1  96770.00000000000    -0.00000500000
   2  14500.00000000000    -0.00004100000
   3   3300.00000000000    -0.00021300000
   4    935.80000000000    -0.00089700000
   5    306.20000000000    -0.00318700000
   6    111.30000000000    -0.00996100000
   7     43.90000000000    -0.02637500000
   8     18.40000000000    -0.06000100000
   9      8.05400000000    -0.10682500000
  10      3.63700000000    -0.14416600000
 S 1 
   1      1.65600000000     1.00000000000
 S 1 
   1      0.63330000000     1.00000000000
 S 1 
   1      0.25450000000     1.00000000000
 S 1 
   1      0.10190000000     1.00000000000
 P 4 
   1    101.80000000000     0.00089100000
   2     24.04000000000     0.00697600000
   3      7.57100000000     0.03166900000
   4      2.73200000000     0.10400600000
 P 1 
   1      1.08500000000     1.00000000000
 P 1 
   1      0.44960000000     1.00000000000
 P 1 
   1      0.18760000000     1.00000000000
 P 1 
   1      0.07606000000     1.00000000000
 D 1 
   1      3.13400000000     1.00000000000
 D 1 
   1      1.23300000000     1.00000000000
 D 1 
   1      0.48500000000     1.00000000000
 D 1 
   1      0.19100000000     1.00000000000
 F 1 
   1      2.00600000000     1.00000000000
 F 1 
   1      0.83800000000     1.00000000000
 F 1 
   1      0.35000000000     1.00000000000
 G 1 
   1      1.75300000000     1.00000000000
 G 1 
   1      0.67800000000     1.00000000000
 H 1 
   1      1.25900000000     1.00000000000

NITROGEN
 S 10 
   1  129200.00000000000     0.00002500000
   2  19350.00000000000     0.00019700000
   3   4404.00000000000     0.00103200000
   4   1248.00000000000     0.00432500000
   5    408.00000000000     0.01538000000
   6    148.20000000000     0.04686700000
   7     58.50000000000     0.12011600000
   8     24.59000000000     0.24569500000
   9     10.81000000000     0.36137900000
  10      4.88200000000     0.28728300000
 S 10 
   1  129200.00000000000    -0.00000600000
   2  19350.00000000000    -0.00004300000
   3   4404.00000000000    -0.00022700000
   4   1248.00000000000    -0.00095800000
   5    408.00000000000    -0.00341600000
   6    148.20000000000    -0.01066700000
   7     58.50000000000    -0.02827900000
   8     24.59000000000    -0.06402000000
   9     10.81000000000    -0.11393200000
  10      4.88200000000    -0.14699500000
 S 1 
   1      2.19500000000     1.00000000000
 S 1 
   1      0.87150000000     1.00000000000
 S 1 
   1      0.35040000000     1.00000000000
 S 1 
   1      0.13970000000     1.00000000000
 P 4 
   1    147.00000000000     0.00089200000
   2     34.76000000000     0.00708200000
   3     11.00000000000     0.03281600000
   4      3.99500000000     0.10820900000
 P 1 
   1      1.58700000000     1.00000000000
 P 1 
   1      0.65330000000     1.00000000000
 P 1 
   1      0.26860000000     1.00000000000
 P 1 
   1      0.10670000000     1.00000000000
 D 1 
   1      4.64700000000     1.00000000000
 D 1 
   1      1.81300000000     1.00000000000
 D 1 
   1      0.70700000000     1.00000000000
 D 1 
   1      0.27600000000     1.00000000000
 F 1 
   1      2.94200000000     1.00000000000
 F 1 
   1      1.20400000000     1.00000000000
 F 1 
   1      0.49300000000     1.00000000000
 G 1 
   1      2.51100000000     1.00000000000
 G 1 
   1      0.94200000000     1.00000000000
 H 1 
   1      1.76800000000     1.00000000000

OXYGEN
 S 10 
   1  164200.00000000000     0.00002600000
   2  24590.00000000000     0.00020500000
   3   5592.00000000000     0.00107600000
   4   1582.00000000000     0.00452200000
   5    516.10000000000     0.01610800000
   6    187.20000000000     0.04908500000
   7     73.93000000000     0.12485700000
   8     31.22000000000     0.25168600000
   9     13.81000000000     0.36242000000
  10      6.25600000000     0.27905100000
 S 10 
   1  164200.00000000000    -0.00000600000
   2  24590.00000000000    -0.00004600000
   3   5592.00000000000    -0.00024400000
   4   1582.00000000000    -0.00103100000
   5    516.10000000000    -0.00368800000
   6    187.20000000000    -0.01151400000
   7     73.93000000000    -0.03043500000
   8     31.22000000000    -0.06814700000
   9     13.81000000000    -0.12036800000
  10      6.25600000000    -0.14826000000
 S 1 
   1      2.77600000000     1.00000000000
 S 1 
   1      1.13800000000     1.00000000000
 S 1 
   1      0.46000000000     1.00000000000
 S 1 
   1      0.18290000000     1.00000000000
 P 4 
   1    195.50000000000     0.00091800000
   2     46.16000000000     0.00738800000
   3     14.58000000000     0.03495800000
   4      5.29600000000     0.11543100000
 P 1 
   1      2.09400000000     1.00000000000
 P 1 
   1      0.84710000000     1.00000000000
 P 1 
   1      0.33680000000     1.00000000000
 P 1 
   1      0.12850000000     1.00000000000
 D 1 
   1      5.87900000000     1.00000000000
 D 1 
   1      2.30700000000     1.00000000000
 D 1 
   1      0.90500000000     1.00000000000
 D 1 
   1      0.35500000000     1.00000000000
 F 1 
   1      4.01600000000     1.00000000000
 F 1 
   1      1.55400000000     1.00000000000
 F 1 
   1      0.60100000000     1.00000000000
 G 1 
   1      3.35000000000     1.00000000000
 G 1 
   1      1.18900000000     1.00000000000
 H 1 
   1      2.31900000000     1.00000000000

FLUORINE
 S 10 
   1  211400.00000000000     0.00002600000
   2  31660.00000000000     0.00020100000
   3   7202.00000000000     0.00105600000
   4   2040.00000000000     0.00443200000
   5    666.40000000000     0.01576600000
   6    242.00000000000     0.04811200000
   7     95.53000000000     0.12323200000
   8     40.23000000000     0.25151900000
   9     17.72000000000     0.36452500000
  10      8.00500000000     0.27976600000
 S 10 
   1  211400.00000000000    -0.00000600000
   2  31660.00000000000    -0.00004700000
   3   7202.00000000000    -0.00024400000
   4   2040.00000000000    -0.00103100000
   5    666.40000000000    -0.00368300000
   6    242.00000000000    -0.01151300000
   7     95.53000000000    -0.03066300000
   8     40.23000000000    -0.06957200000
   9     17.72000000000    -0.12399200000
  10      8.00500000000    -0.15021400000
 S 1 
   1      3.53800000000     1.00000000000
 S 1 
   1      1.45800000000     1.00000000000
 S 1 
   1      0.58870000000     1.00000000000
 S 1 
   1      0.23240000000     1.00000000000
 P 4 
   1    241.90000000000     0.00100200000
   2     57.17000000000     0.00805400000
   3     18.13000000000     0.03804800000
   4      6.62400000000     0.12377900000
 P 1 
   1      2.62200000000     1.00000000000
 P 1 
   1      1.05700000000     1.00000000000
 P 1 
   1      0.41760000000     1.00000000000
 P 1 
   1      0.15740000000     1.00000000000
 D 1 
   1      7.76000000000     1.00000000000
 D 1 
   1      3.03200000000     1.00000000000
 D 1 
   1      1.18500000000     1.00000000000
 D 1 
   1      0.46300000000     1.00000000000
 F 1 
   1      5.39800000000     1.00000000000
 F 1 
   1      2.07800000000     1.00000000000
 F 1 
   1      0.80000000000     1.00000000000
 G 1 
   1      4.33800000000     1.00000000000
 G 1 
   1      1.51300000000     1.00000000000
 H 1 
   1      2.99500000000     1.00000000000

NEON
 S 10 
   1  262700.00000000000     0.00002600000
   2  39350.00000000000     0.00020000000
   3   8955.00000000000     0.00105000000
   4   2538.00000000000     0.00440000000
   5    829.90000000000     0.01564900000
   6    301.50000000000     0.04775800000
   7    119.00000000000     0.12294300000
   8     50.00000000000     0.25248300000
   9     21.98000000000     0.36631400000
  10      9.89100000000     0.27961700000
 S 10 
   1  262700.00000000000    -0.00000600000
   2  39350.00000000000    -0.00004700000
   3   8955.00000000000    -0.00024700000
   4   2538.00000000000    -0.00103800000
   5    829.90000000000    -0.00371100000
   6    301.50000000000    -0.01159300000
   7    119.00000000000    -0.03108600000
   8     50.00000000000    -0.07097200000
   9     21.98000000000    -0.12726600000
  10      9.89100000000    -0.15123100000
 S 1 
   1      4.32700000000     1.00000000000
 S 1 
   1      1.80400000000     1.00000000000
 S 1 
   1      0.72880000000     1.00000000000
 S 1 
   1      0.28670000000     1.00000000000
 P 4 
   1    299.10000000000     0.00103800000
   2     70.73000000000     0.00837500000
   3     22.48000000000     0.03969300000
   4      8.24600000000     0.12805600000
 P 1 
   1      3.26900000000     1.00000000000
 P 1 
   1      1.31500000000     1.00000000000
 P 1 
   1      0.51580000000     1.00000000000
 P 1 
   1      0.19180000000     1.00000000000
 D 1 
   1      9.83700000000     1.00000000000
 D 1 
   1      3.84400000000     1.00000000000
 D 1 
   1      1.50200000000     1.00000000000
 D 1 
   1      0.58700000000     1.00000000000
 F 1 
   1      7.09000000000     1.00000000000
 F 1 
   1      2.73800000000     1.00000000000
 F 1 
   1      1.05700000000     1.00000000000
 G 1 
   1      5.46000000000     1.00000000000
 G 1 
   1      1.88000000000     1.00000000000
 H 1 
   1      3.77600000000     1.00000000000

SODIUM
 S 16 
   1  2185572.00000000000     0.00000200000
   2  327228.40000000002     0.00001800000
   3  74466.84000000000     0.00009500000
   4  21093.15000000000     0.00040100000
   5   6881.89800000000     0.00145900000
   6   2484.69600000000     0.00474600000
   7    969.22320000000     0.01403100000
   8    402.06430000000     0.03773300000
   9    175.35450000000     0.09070200000
  10     79.65199000000     0.18646600000
  11     37.38672000000     0.30183700000
  12     18.00194000000     0.32383000000
  13      8.72437100000     0.16870000000
  14      3.85771500000     0.02308300000
  15      1.81568600000    -0.00014700000
  16      0.83825400000     0.00109900000
 S 16 
   1  2185572.00000000000    -0.00000100000
   2  327228.40000000002    -0.00000400000
   3  74466.84000000000    -0.00002300000
   4  21093.15000000000    -0.00009800000
   5   6881.89800000000    -0.00035700000
   6   2484.69600000000    -0.00116500000
   7    969.22320000000    -0.00346400000
   8    402.06430000000    -0.00949500000
   9    175.35450000000    -0.02358700000
  10     79.65199000000    -0.05239400000
  11     37.38672000000    -0.09802800000
  12     18.00194000000    -0.14367300000
  13      8.72437100000    -0.10229800000
  14      3.85771500000     0.13802900000
  15      1.81568600000     0.42900600000
  16      0.83825400000     0.44781300000
 S 15 
   1  327228.40000000002     0.00000100000
   2  74466.84000000000     0.00000300000
   3  21093.15000000000     0.00001500000
   4   6881.89800000000     0.00005400000
   5   2484.69600000000     0.00017500000
   6    969.22320000000     0.00052000000
   7    402.06430000000     0.00143100000
   8    175.35450000000     0.00355400000
   9     79.65199000000     0.00795400000
  10     37.38672000000     0.01495500000
  11     18.00194000000     0.02247200000
  12      8.72437100000     0.01620500000
  13      3.85771500000    -0.02355000000
  14      1.81568600000    -0.08012000000
  15      0.83825400000    -0.11292100000
 S 1 
   1      0.38193500000     1.00000000000
 S 1 
   1      0.07167900000     1.00000000000
 S 1 
   1      0.03391600000     1.00000000000
 S 1 
   1      0.01652500000     1.00000000000
 P 10 
   1   1119.57800000000     0.00016200000
   2    265.32390000000     0.00140800000
   3     85.99553000000     0.00758600000
   4     32.53759000000     0.02961500000
   5     13.51565000000     0.08847700000
   6      5.96685600000     0.19551900000
   7      2.70004500000     0.30662100000
   8      1.21851200000     0.34124200000
   9      0.54218700000     0.22969000000
  10      0.22741300000     0.05492100000
 P 10 
   1   1119.57800000000    -0.00001600000
   2    265.32390000000    -0.00014000000
   3     85.99553000000    -0.00075400000
   4     32.53759000000    -0.00296800000
   5     13.51565000000    -0.00891900000
   6      5.96685600000    -0.02002900000
   7      2.70004500000    -0.03138000000
   8      1.21851200000    -0.03648900000
   9      0.54218700000    -0.02962500000
  10      0.22741300000    -0.01014600000
 P 1 
   1      0.13304000000     1.00000000000
 P 1 
   1      0.05757700000     1.00000000000
 P 1 
   1      0.02597100000     1.00000000000
 P 1 
   1      0.01190100000     1.00000000000
 D 1 
   1      0.48980000000     1.00000000000
 D 1 
   1      0.22830000000     1.00000000000
 D 1 
   1      0.10640000000     1.00000000000
 D 1 
   1      0.04960000000     1.00000000000
 F 1 
   1      0.24930000000     1.00000000000
 F 1 
   1      0.13570000000     1.00000000000
 F 1 
   1      0.07390000000     1.00000000000
 G 1 
   1      0.23180000000     1.00000000000
 G 1 
   1      0.12220000000     1.00000000000
 H 1 
   1      0.22400000000     1.00000000000

MAGNESIUM
 S 16 
   1  2968000.00000000000     0.00000197180
   2  444300.00000000000     0.00001533620
   3  101100.00000000000     0.00008068520
   4  28640.00000000000     0.00034077100
   5   9343.00000000000     0.00124194000
   6   3373.00000000000     0.00404124000
   7   1316.00000000000     0.01197970000
   8    545.80000000000     0.03242530000
   9    238.10000000000     0.07893320000
  10    108.20000000000     0.16657500000
  11     50.80000000000     0.28287100000
  12     24.48000000000     0.33189000000
  13     11.93000000000     0.20328700000
  14      5.54300000000     0.03828970000
  15      2.67500000000     0.00030891600
  16      1.26300000000     0.00138907000
 S 16 
   1  2968000.00000000000    -0.00000049820
   2  444300.00000000000    -0.00000387560
   3  101100.00000000000    -0.00002038540
   4  28640.00000000000    -0.00008616590
   5   9343.00000000000    -0.00031417600
   6   3373.00000000000    -0.00102577000
   7   1316.00000000000    -0.00305816000
   8    545.80000000000    -0.00841063000
   9    238.10000000000    -0.02112020000
  10    108.20000000000    -0.04768820000
  11     50.80000000000    -0.09241190000
  12     24.48000000000    -0.14254800000
  13     11.93000000000    -0.12616800000
  14      5.54300000000     0.07152820000
  15      2.67500000000     0.38303900000
  16      1.26300000000     0.49013300000
 S 16 
   1  2968000.00000000000     0.00000009600
   2  444300.00000000000     0.00000074620
   3  101100.00000000000     0.00000393120
   4  28640.00000000000     0.00001658120
   5   9343.00000000000     0.00006062570
   6   3373.00000000000     0.00019732200
   7   1316.00000000000     0.00059088100
   8    545.80000000000     0.00161904000
   9    238.10000000000     0.00409756000
  10    108.20000000000     0.00922989000
  11     50.80000000000     0.01821680000
  12     24.48000000000     0.02828840000
  13     11.93000000000     0.02650590000
  14      5.54300000000    -0.01720530000
  15      2.67500000000    -0.08859170000
  16      1.26300000000    -0.16387100000
 S 1 
   1      0.58830000000     1.00000000000
 S 1 
   1      0.14960000000     1.00000000000
 S 1 
   1      0.06700000000     1.00000000000
 S 1 
   1      0.02952000000     1.00000000000
 P 10 
   1   1441.00000000000     0.00015240700
   2    341.40000000000     0.00132764000
   3    110.70000000000     0.00721937000
   4     41.97000000000     0.02852050000
   5     17.49000000000     0.08653460000
   6      7.75300000000     0.19495000000
   7      3.53400000000     0.31205100000
   8      1.61400000000     0.34847600000
   9      0.72990000000     0.21888600000
  10      0.30290000000     0.04355790000
 P 10 
   1   1441.00000000000    -0.00002410310
   2    341.40000000000    -0.00021080900
   3    110.70000000000    -0.00114530000
   4     41.97000000000    -0.00456417000
   5     17.49000000000    -0.01396030000
   6      7.75300000000    -0.03211050000
   7      3.53400000000    -0.05162170000
   8      1.61400000000    -0.06137130000
   9      0.72990000000    -0.04424650000
  10      0.30290000000     0.05231910000
 P 1 
   1      0.15830000000     1.00000000000
 P 1 
   1      0.08190000000     1.00000000000
 P 1 
   1      0.04123000000     1.00000000000
 P 1 
   1      0.01988000000     1.00000000000
 D 1 
   1      1.08370000000     1.00000000000
 D 1 
   1      0.49680000000     1.00000000000
 D 1 
   1      0.22780000000     1.00000000000
 D 1 
   1      0.10440000000     1.00000000000
 F 1 
   1      0.49170000000     1.00000000000
 F 1 
   1      0.27640000000     1.00000000000
 F 1 
   1      0.15540000000     1.00000000000
 G 1 
   1      0.44270000000     1.00000000000
 G 1 
   1      0.23110000000     1.00000000000
 H 1 
   1      0.37310000000     1.00000000000

ALUMINUM
 S 16 
   1  3269000.00000000000     0.00000213960
   2  489400.00000000000     0.00001662640
   3  111400.00000000000     0.00008751680
   4  31560.00000000000     0.00036899000
   5  10320.00000000000     0.00133903000
   6   3731.00000000000     0.00435636000
   7   1456.00000000000     0.01289550000
   8    604.10000000000     0.03482010000
   9    263.50000000000     0.08435300000
  10    119.80000000000     0.17590700000
  11     56.32000000000     0.29209100000
  12     27.19000000000     0.32822000000
  13     13.26000000000     0.18692700000
  14      6.05200000000     0.03104300000
  15      2.98100000000    -0.00050892200
  16      1.47600000000     0.00148836000
 S 16 
   1  3269000.00000000000    -0.00000055600
   2  489400.00000000000    -0.00000432300
   3  111400.00000000000    -0.00002274130
   4  31560.00000000000    -0.00009601160
   5  10320.00000000000    -0.00034837600
   6   3731.00000000000    -0.00113836000
   7   1456.00000000000    -0.00338744000
   8    604.10000000000    -0.00931505000
   9    263.50000000000    -0.02330230000
  10    119.80000000000    -0.05234860000
  11     56.32000000000    -0.09994990000
  12     27.19000000000    -0.15056000000
  13     13.26000000000    -0.11912100000
  14      6.05200000000     0.10809100000
  15      2.98100000000     0.41112900000
  16      1.47600000000     0.45721400000
 S 16 
   1  3269000.00000000000     0.00000012840
   2  489400.00000000000     0.00000099750
   3  111400.00000000000     0.00000525480
   4  31560.00000000000     0.00002214500
   5  10320.00000000000     0.00008054640
   6   3731.00000000000     0.00026250600
   7   1456.00000000000     0.00078422000
   8    604.10000000000     0.00215039000
   9    263.50000000000     0.00541974000
  10    119.80000000000     0.01216860000
  11     56.32000000000     0.02368230000
  12     27.19000000000     0.03609370000
  13     13.26000000000     0.03032840000
  14      6.05200000000    -0.03090340000
  15      2.98100000000    -0.11912600000
  16      1.47600000000    -0.21114500000
 S 1 
   1      0.73340000000     1.00000000000
 S 1 
   1      0.24470000000     1.00000000000
 S 1 
   1      0.10880000000     1.00000000000
 S 1 
   1      0.04672000000     1.00000000000
 P 8 
   1   1461.00000000000     0.00020861300
   2    346.20000000000     0.00181005000
   3    112.20000000000     0.00973433000
   4     42.51000000000     0.03782660000
   5     17.72000000000     0.11089800000
   6      7.85200000000     0.23429500000
   7      3.57100000000     0.34524500000
   8      1.63700000000     0.33143000000
 P 8 
   1   1461.00000000000    -0.00003719470
   2    346.20000000000    -0.00032856300
   3    112.20000000000    -0.00174264000
   4     42.51000000000    -0.00694828000
   5     17.72000000000    -0.02028070000
   6      7.85200000000    -0.04486570000
   7      3.57100000000    -0.06432780000
   8      1.63700000000    -0.07526660000
 P 1 
   1      0.73820000000     1.00000000000
 P 1 
   1      0.25770000000     1.00000000000
 P 1 
   1      0.09773000000     1.00000000000
 P 1 
   1      0.03690000000     1.00000000000
 D 1 
   1      1.31700000000     1.00000000000
 D 1 
   1      0.52600000000     1.00000000000
 D 1 
   1      0.21000000000     1.00000000000
 D 1 
   1      0.08400000000     1.00000000000
 F 1 
   1      0.13000000000     1.00000000000
 F 1 
   1      0.25800000000     1.00000000000
 F 1 
   1      0.51300000000     1.00000000000
 G 1 
   1      0.25200000000     1.00000000000
 G 1 
   1      0.54300000000     1.00000000000
 H 1 
   1      0.44600000000     1.00000000000

SILICON
 S 16 
   1  3948000.00000000000     0.00000203710
   2  591100.00000000000     0.00001583940
   3  134500.00000000000     0.00008335900
   4  38120.00000000000     0.00035136100
   5  12460.00000000000     0.00127660000
   6   4504.00000000000     0.00415191000
   7   1758.00000000000     0.01230300000
   8    729.10000000000     0.03331020000
   9    318.00000000000     0.08098450000
  10    144.60000000000     0.17029000000
  11     67.97000000000     0.28687900000
  12     32.82000000000     0.33034000000
  13     16.03000000000     0.19660200000
  14      7.39600000000     0.03545350000
  15      3.66100000000    -0.00053520400
  16      1.82300000000     0.00161465000
 S 16 
   1  3948000.00000000000    -0.00000054210
   2  591100.00000000000    -0.00000421680
   3  134500.00000000000    -0.00002218130
   4  38120.00000000000    -0.00009360280
   5  12460.00000000000    -0.00034011600
   6   4504.00000000000    -0.00111061000
   7   1758.00000000000    -0.00330878000
   8    729.10000000000    -0.00911602000
   9    318.00000000000    -0.02287900000
  10    144.60000000000    -0.05171190000
  11     67.97000000000    -0.09990910000
  12     32.82000000000    -0.15274700000
  13     16.03000000000    -0.12750800000
  14      7.39600000000     0.09469630000
  15      3.66100000000     0.41403600000
  16      1.82300000000     0.46793400000
 S 16 
   1  3948000.00000000000     0.00000013890
   2  591100.00000000000     0.00000107950
   3  134500.00000000000     0.00000568630
   4  38120.00000000000     0.00002395370
   5  12460.00000000000     0.00008724090
   6   4504.00000000000     0.00028416300
   7   1758.00000000000     0.00084984000
   8    729.10000000000     0.00233527000
   9    318.00000000000     0.00590466000
  10    144.60000000000     0.01334610000
  11     67.97000000000     0.02628890000
  12     32.82000000000     0.04074260000
  13     16.03000000000     0.03614760000
  14      7.39600000000    -0.03039230000
  15      3.66100000000    -0.13596100000
  16      1.82300000000    -0.25014400000
 S 1 
   1      0.91470000000     1.00000000000
 S 1 
   1      0.33930000000     1.00000000000
 S 1 
   1      0.15000000000     1.00000000000
 S 1 
   1      0.06438000000     1.00000000000
 P 8 
   1   1780.00000000000     0.00020120600
   2    421.80000000000     0.00174937000
   3    136.70000000000     0.00948141000
   4     51.81000000000     0.03723130000
   5     21.60000000000     0.11076300000
   6      9.56300000000     0.23793300000
   7      4.35000000000     0.35369100000
   8      2.00600000000     0.32883900000
 P 8 
   1   1780.00000000000    -0.00004271520
   2    421.80000000000    -0.00037703900
   3    136.70000000000    -0.00202240000
   4     51.81000000000    -0.00812833000
   5     21.60000000000    -0.02422720000
   6      9.56300000000    -0.05438250000
   7      4.35000000000    -0.07990510000
   8      2.00600000000    -0.08889580000
 P 1 
   1      0.92050000000     1.00000000000
 P 1 
   1      0.35000000000     1.00000000000
 P 1 
   1      0.13810000000     1.00000000000
 P 1 
   1      0.05338000000     1.00000000000
 D 1 
   1      0.12600000000     1.00000000000
 D 1 
   1      0.32100000000     1.00000000000
 D 1 
   1      0.81700000000     1.00000000000
 D 1 
   1      2.08200000000     1.00000000000
 F 1 
   1      0.16900000000     1.00000000000
 F 1 
   1      0.34100000000     1.00000000000
 F 1 
   1      0.68800000000     1.00000000000
 G 1 
   1      0.32000000000     1.00000000000
 G 1 
   1      0.70500000000     1.00000000000
 H 1 
   1      0.58300000000     1.00000000000

PHOSPHOROUS
 S 16 
   1  4666000.00000000000     0.00000196760
   2  698600.00000000000     0.00001529630
   3  159000.00000000000     0.00008048260
   4  45040.00000000000     0.00033973700
   5  14720.00000000000     0.00123291000
   6   5323.00000000000     0.00401345000
   7   2076.00000000000     0.01191240000
   8    861.10000000000     0.03225110000
   9    375.70000000000     0.07866430000
  10    170.80000000000     0.16645800000
  11     80.29000000000     0.28303900000
  12     38.77000000000     0.33194200000
  13     18.93000000000     0.20335200000
  14      8.79600000000     0.03831830000
  15      4.35800000000    -0.00038472000
  16      2.17400000000     0.00158744000
 S 16 
   1  4666000.00000000000    -0.00000053420
   2  698600.00000000000    -0.00000415420
   3  159000.00000000000    -0.00002184840
   4  45040.00000000000    -0.00009232720
   5  14720.00000000000    -0.00033510900
   6   5323.00000000000    -0.00109508000
   7   2076.00000000000    -0.00326798000
   8    861.10000000000    -0.00899951000
   9    375.70000000000    -0.02265280000
  10    170.80000000000    -0.05146500000
  11     80.29000000000    -0.10018600000
  12     38.77000000000    -0.15507500000
  13     18.93000000000    -0.13381800000
  14      8.79600000000     0.08783610000
  15      4.35800000000     0.42258100000
  16      2.17400000000     0.47489900000
 S 16 
   1  4666000.00000000000     0.00000014680
   2  698600.00000000000     0.00000114060
   3  159000.00000000000     0.00000600570
   4  45040.00000000000     0.00002534270
   5  14720.00000000000     0.00009216060
   6   5323.00000000000     0.00030056300
   7   2076.00000000000     0.00089988400
   8    861.10000000000     0.00247354000
   9    375.70000000000     0.00626812000
  10    170.80000000000     0.01425980000
  11     80.29000000000     0.02827690000
  12     38.77000000000     0.04451240000
  13     18.93000000000     0.04072170000
  14      8.79600000000    -0.03019080000
  15      4.35800000000    -0.15289400000
  16      2.17400000000    -0.28241100000
 S 1 
   1      1.09500000000     1.00000000000
 S 1 
   1      0.44000000000     1.00000000000
 S 1 
   1      0.19450000000     1.00000000000
 S 1 
   1      0.08376000000     1.00000000000
 P 8 
   1   2010.00000000000     0.00021591500
   2    476.30000000000     0.00187536000
   3    154.40000000000     0.01017420000
   4     58.51000000000     0.03998560000
   5     24.40000000000     0.11856300000
   6     10.80000000000     0.25181600000
   7      4.91300000000     0.36656500000
   8      2.26900000000     0.31617700000
 P 8 
   1   2010.00000000000    -0.00005114440
   2    476.30000000000    -0.00044835600
   3    154.40000000000    -0.00242340000
   4     58.51000000000    -0.00969826000
   5     24.40000000000    -0.02909650000
   6     10.80000000000    -0.06417260000
   7      4.91300000000    -0.09450710000
   8      2.26900000000    -0.09347000000
 P 1 
   1      1.04300000000     1.00000000000
 P 1 
   1      0.43130000000     1.00000000000
 P 1 
   1      0.17670000000     1.00000000000
 P 1 
   1      0.07009000000     1.00000000000
 D 1 
   1      0.16600000000     1.00000000000
 D 1 
   1      0.41800000000     1.00000000000
 D 1 
   1      1.05400000000     1.00000000000
 D 1 
   1      2.65600000000     1.00000000000
 F 1 
   1      0.21900000000     1.00000000000
 F 1 
   1      0.45000000000     1.00000000000
 F 1 
   1      0.92300000000     1.00000000000
 G 1 
   1      0.41200000000     1.00000000000
 G 1 
   1      0.90300000000     1.00000000000
 H 1 
   1      0.74500000000     1.00000000000

SULFUR
 S 16 
   1  5481000.00000000000     0.00000189340
   2  820600.00000000000     0.00001472110
   3  186700.00000000000     0.00007750840
   4  52880.00000000000     0.00032722400
   5  17250.00000000000     0.00119365000
   6   6226.00000000000     0.00388393000
   7   2429.00000000000     0.01153360000
   8   1007.00000000000     0.03127480000
   9    439.50000000000     0.07643870000
  10    199.80000000000     0.16270000000
  11     93.92000000000     0.27932800000
  12     45.34000000000     0.33314500000
  13     22.15000000000     0.20983600000
  14     10.34000000000     0.04159740000
  15      5.11900000000    -0.00045055200
  16      2.55300000000     0.00168855000
 S 16 
   1  5481000.00000000000    -0.00000052290
   2  820600.00000000000    -0.00000406690
   3  186700.00000000000    -0.00002140650
   4  52880.00000000000    -0.00009045400
   5  17250.00000000000    -0.00033008000
   6   6226.00000000000    -0.00107782000
   7   2429.00000000000    -0.00321874000
   8   1007.00000000000    -0.00887217000
   9    439.50000000000    -0.02237710000
  10    199.80000000000    -0.05105770000
  11     93.92000000000    -0.10022500000
  12     45.34000000000    -0.15679500000
  13     22.15000000000    -0.13974800000
  14     10.34000000000     0.08100590000
  15      5.11900000000     0.43088300000
  16      2.55300000000     0.48168800000
 S 16 
   1  5481000.00000000000     0.00000015180
   2  820600.00000000000     0.00000118010
   3  186700.00000000000     0.00000621700
   4  52880.00000000000     0.00002624050
   5  17250.00000000000     0.00009590400
   6   6226.00000000000     0.00031267800
   7   2429.00000000000     0.00093632200
   8   1007.00000000000     0.00257790000
   9    439.50000000000     0.00654121000
  10    199.80000000000     0.01496300000
  11     93.92000000000     0.02989400000
  12     45.34000000000     0.04769460000
  13     22.15000000000     0.04495560000
  14     10.34000000000    -0.02930090000
  15      5.11900000000    -0.16891600000
  16      2.55300000000    -0.31101400000
 S 1 
   1      1.28200000000     1.00000000000
 S 1 
   1      0.54500000000     1.00000000000
 S 1 
   1      0.24110000000     1.00000000000
 S 1 
   1      0.10350000000     1.00000000000
 P 8 
   1   2200.00000000000     0.00023904900
   2    521.40000000000     0.00207686000
   3    169.00000000000     0.01123630000
   4     64.05000000000     0.04406900000
   5     26.72000000000     0.12916800000
   6     11.83000000000     0.26908300000
   7      5.37800000000     0.37861100000
   8      2.48200000000     0.29677900000
 P 8 
   1   2200.00000000000    -0.00006085620
   2    521.40000000000    -0.00053041900
   3    169.00000000000    -0.00287915000
   4     64.05000000000    -0.01143970000
   5     26.72000000000    -0.03427640000
   6     11.83000000000    -0.07358110000
   7      5.37800000000    -0.10778200000
   8      2.48200000000    -0.08797690000
 P 1 
   1      1.11600000000     1.00000000000
 P 1 
   1      0.48480000000     1.00000000000
 P 1 
   1      0.20060000000     1.00000000000
 P 1 
   1      0.07951000000     1.00000000000
 D 1 
   1      0.20500000000     1.00000000000
 D 1 
   1      0.51200000000     1.00000000000
 D 1 
   1      1.28100000000     1.00000000000
 D 1 
   1      3.20300000000     1.00000000000
 F 1 
   1      0.25500000000     1.00000000000
 F 1 
   1      0.52900000000     1.00000000000
 F 1 
   1      1.09600000000     1.00000000000
 G 1 
   1      0.46300000000     1.00000000000
 G 1 
   1      1.07100000000     1.00000000000
 H 1 
   1      0.87200000000     1.00000000000

CHLORINE
 S 16 
   1  6410000.00000000000     0.00000181350
   2  959600.00000000000     0.00001411180
   3  218300.00000000000     0.00007424060
   4  61810.00000000000     0.00031413100
   5  20140.00000000000     0.00114642000
   6   7264.00000000000     0.00373888000
   7   2832.00000000000     0.01109460000
   8   1175.00000000000     0.03011520000
   9    512.60000000000     0.07391450000
  10    233.00000000000     0.15825800000
  11    109.50000000000     0.27475300000
  12     52.86000000000     0.33406600000
  13     25.84000000000     0.21758900000
  14     12.17000000000     0.04572780000
  15      6.03000000000    -0.00013473900
  16      3.01200000000     0.00163933000
 S 16 
   1  6410000.00000000000    -0.00000050830
   2  959600.00000000000    -0.00000395630
   3  218300.00000000000    -0.00002080950
   4  61810.00000000000    -0.00008811750
   5  20140.00000000000    -0.00032174200
   6   7264.00000000000    -0.00105277000
   7   2832.00000000000    -0.00314183000
   8   1175.00000000000    -0.00866363000
   9    512.60000000000    -0.02193530000
  10    233.00000000000    -0.05025840000
  11    109.50000000000    -0.09954140000
  12     52.86000000000    -0.15764700000
  13     25.84000000000    -0.14602400000
  14     12.17000000000     0.06922300000
  15      6.03000000000     0.43041200000
  16      3.01200000000     0.49080200000
 S 16 
   1  6410000.00000000000     0.00000015380
   2  959600.00000000000     0.00000119650
   3  218300.00000000000     0.00000629830
   4  61810.00000000000     0.00002664500
   5  20140.00000000000     0.00009741620
   6   7264.00000000000     0.00031836000
   7   2832.00000000000     0.00095237700
   8   1175.00000000000     0.00262430000
   9    512.60000000000     0.00668160000
  10    233.00000000000     0.01535950000
  11    109.50000000000     0.03094320000
  12     52.86000000000     0.05006380000
  13     25.84000000000     0.04897820000
  14     12.17000000000    -0.02608070000
  15      6.03000000000    -0.17842600000
  16      3.01200000000    -0.33232400000
 S 1 
   1      1.51100000000     1.00000000000
 S 1 
   1      0.66040000000     1.00000000000
 S 1 
   1      0.29260000000     1.00000000000
 S 1 
   1      0.12540000000     1.00000000000
 P 8 
   1   2548.00000000000     0.00023570200
   2    603.70000000000     0.00205158000
   3    195.60000000000     0.01115430000
   4     74.15000000000     0.04398160000
   5     30.94000000000     0.12999400000
   6     13.69000000000     0.27295900000
   7      6.22900000000     0.38369000000
   8      2.87800000000     0.29187000000
 P 8 
   1   2548.00000000000    -0.00006354100
   2    603.70000000000    -0.00055325900
   3    195.60000000000    -0.00302795000
   4     74.15000000000    -0.01206500000
   5     30.94000000000    -0.03663480000
   6     13.69000000000    -0.07907640000
   7      6.22900000000    -0.11742200000
   8      2.87800000000    -0.08609430000
 P 1 
   1      1.28200000000     1.00000000000
 P 1 
   1      0.56410000000     1.00000000000
 P 1 
   1      0.23480000000     1.00000000000
 P 1 
   1      0.09312000000     1.00000000000
 D 1 
   1      0.25000000000     1.00000000000
 D 1 
   1      0.61800000000     1.00000000000
 D 1 
   1      1.52900000000     1.00000000000
 D 1 
   1      3.78100000000     1.00000000000
 F 1 
   1      0.32000000000     1.00000000000
 F 1 
   1      0.65600000000     1.00000000000
 F 1 
   1      1.34500000000     1.00000000000
 G 1 
   1      0.55600000000     1.00000000000
 G 1 
   1      1.30200000000     1.00000000000
 H 1 
   1      1.05300000000     1.00000000000

ARGON
 S 16 
   1  7401000.00000000000     0.00000175000
   2  1108000.00000000000     0.00001361000
   3  252100.00000000000     0.00007163000
   4  71380.00000000000     0.00030303000
   5  23260.00000000000     0.00110608000
   6   8390.00000000000     0.00360671000
   7   3271.00000000000     0.01071321000
   8   1357.00000000000     0.02910677000
   9    592.00000000000     0.07166011000
  10    269.10000000000     0.15414050000
  11    126.50000000000     0.27041710000
  12     61.03000000000     0.33485470000
  13     29.86000000000     0.22434630000
  14     14.17000000000     0.05000284000
  15      7.02200000000     0.00006459000
  16      3.51100000000     0.00168641000
 S 16 
   1  7401000.00000000000    -0.00000050000
   2  1108000.00000000000    -0.00000387000
   3  252100.00000000000    -0.00002034000
   4  71380.00000000000    -0.00008609000
   5  23260.00000000000    -0.00031444000
   6   8390.00000000000    -0.00102841000
   7   3271.00000000000    -0.00307267000
   8   1357.00000000000    -0.00847532000
   9    592.00000000000    -0.02152008000
  10    269.10000000000    -0.04944932000
  11    126.50000000000    -0.09877592000
  12     61.03000000000    -0.15830820000
  13     29.86000000000    -0.15140300000
  14     14.17000000000     0.05824264000
  15      7.02200000000     0.42938300000
  16      3.51100000000     0.49908880000
 S 16 
   1  7401000.00000000000     0.00000016000
   2  1108000.00000000000     0.00000121000
   3  252100.00000000000     0.00000636000
   4  71380.00000000000     0.00002689000
   5  23260.00000000000     0.00009834000
   6   8390.00000000000     0.00032129000
   7   3271.00000000000     0.00096200000
   8   1357.00000000000     0.00265245000
   9    592.00000000000     0.00677035000
  10    269.10000000000     0.01561727000
  11    126.50000000000     0.03171666000
  12     61.03000000000     0.05199742000
  13     29.86000000000     0.05247514000
  14     14.17000000000    -0.02264147000
  15      7.02200000000    -0.18606230000
  16      3.51100000000    -0.35014550000
 S 1 
   1      1.75800000000     1.00000000000
 S 1 
   1      0.78410000000     1.00000000000
 S 1 
   1      0.34800000000     1.00000000000
 S 1 
   1      0.14910000000     1.00000000000
 P 8 
   1   2927.00000000000     0.00023199000
   2    693.50000000000     0.00202329000
   3    224.70000000000     0.01103401000
   4     85.17000000000     0.04383970000
   5     35.53000000000     0.13035900000
   6     15.73000000000     0.27574990000
   7      7.16500000000     0.38764330000
   8      3.32200000000     0.28740740000
 P 8 
   1   2927.00000000000    -0.00006491000
   2    693.50000000000    -0.00056531000
   3    224.70000000000    -0.00310988000
   4     85.17000000000    -0.01246964000
   5     35.53000000000    -0.03822465000
   6     15.73000000000    -0.08307918000
   7      7.16500000000    -0.12459410000
   8      3.32200000000    -0.08329713000
 P 1 
   1      1.47800000000     1.00000000000
 P 1 
   1      0.65520000000     1.00000000000
 P 1 
   1      0.27510000000     1.00000000000
 P 1 
   1      0.10970000000     1.00000000000
 D 1 
   1      0.30900000000     1.00000000000
 D 1 
   1      0.77000000000     1.00000000000
 D 1 
   1      1.91700000000     1.00000000000
 D 1 
   1      4.77600000000     1.00000000000
 F 1 
   1      0.40800000000     1.00000000000
 F 1 
   1      0.82500000000     1.00000000000
 F 1 
   1      1.66800000000     1.00000000000
 G 1 
   1      0.66500000000     1.00000000000
 G 1 
   1      1.56200000000     1.00000000000
 H 1 
   1      1.26400000000     1.00000000000

CALCIUM
 S 22 
   1  28249600.00000000000     0.00000043000
   2  4250190.00000000000     0.00000329000
   3  975014.00000000000     0.00001714000
   4  277446.00000000000     0.00007228000
   5  90454.70000000000     0.00026522000
   6  32515.90000000000     0.00087484000
   7  12610.60000000000     0.00264991000
   8   5190.77000000000     0.00748447000
   9   2242.33000000000     0.01973093000
  10   1011.53000000000     0.04779799000
  11    475.54700000000     0.10359560000
  12    232.07200000000     0.19293020000
  13    116.87400000000     0.28626760000
  14     60.34270000000     0.29278490000
  15     31.52440000000     0.16312800000
  16     16.03080000000     0.03221688000
  17      8.45992000000     0.00059258000
  18      4.52718000000     0.00104790000
  19      2.41859000000    -0.00038379000
  20      1.25129000000     0.00015772000
  21      0.64343000000    -0.00014357000
  22      0.32918000000     0.00005770000
 S 22 
   1  28249600.00000000000    -0.00000012000
   2  4250190.00000000000    -0.00000096000
   3  975014.00000000000    -0.00000497000
   4  277446.00000000000    -0.00002099000
   5  90454.70000000000    -0.00007701000
   6  32515.90000000000    -0.00025431000
   7  12610.60000000000    -0.00077168000
   8   5190.77000000000    -0.00219083000
   9   2242.33000000000    -0.00583567000
  10   1011.53000000000    -0.01446869000
  11    475.54700000000    -0.03280384000
  12    232.07200000000    -0.06674435000
  13    116.87400000000    -0.11668670000
  14     60.34270000000    -0.15919700000
  15     31.52440000000    -0.11620650000
  16     16.03080000000     0.10547010000
  17      8.45992000000     0.42483470000
  18      4.52718000000     0.45779740000
  19      2.41859000000     0.16619970000
  20      1.25129000000     0.01462386000
  21      0.64343000000     0.00204654000
  22      0.32918000000     0.00019519000
 S 22 
   1  28249600.00000000000     0.00000004000
   2  4250190.00000000000     0.00000033000
   3  975014.00000000000     0.00000172000
   4  277446.00000000000     0.00000724000
   5  90454.70000000000     0.00002656000
   6  32515.90000000000     0.00008772000
   7  12610.60000000000     0.00026618000
   8   5190.77000000000     0.00075622000
   9   2242.33000000000     0.00201618000
  10   1011.53000000000     0.00501203000
  11    475.54700000000     0.01141485000
  12    232.07200000000     0.02345426000
  13    116.87400000000     0.04173784000
  14     60.34270000000     0.05894305000
  15     31.52440000000     0.04503419000
  16     16.03080000000    -0.04437618000
  17      8.45992000000    -0.21875450000
  18      4.52718000000    -0.36363040000
  19      2.41859000000    -0.15422070000
  20      1.25129000000     0.35238150000
  21      0.64343000000     0.61412100000
  22      0.32918000000     0.30037280000
 S 22 
   1  28249600.00000000000    -0.00000001000
   2  4250190.00000000000    -0.00000008000
   3  975014.00000000000    -0.00000041000
   4  277446.00000000000    -0.00000173000
   5  90454.70000000000    -0.00000634000
   6  32515.90000000000    -0.00002094000
   7  12610.60000000000    -0.00006356000
   8   5190.77000000000    -0.00018056000
   9   2242.33000000000    -0.00048155000
  10   1011.53000000000    -0.00119721000
  11    475.54700000000    -0.00272889000
  12    232.07200000000    -0.00561187000
  13    116.87400000000    -0.01001305000
  14     60.34270000000    -0.01419051000
  15     31.52440000000    -0.01092170000
  16     16.03080000000     0.01086343000
  17      8.45992000000     0.05501493000
  18      4.52718000000     0.09688214000
  19      2.41859000000     0.03947968000
  20      1.25129000000    -0.10866980000
  21      0.64343000000    -0.22728320000
  22      0.32918000000    -0.25708490000
 S 1 
   1      0.14239000000     1.00000000000
 S 1 
   1      0.07819000000     1.00000000000
 S 1 
   1      0.03763000000     1.00000000000
 S 1 
   1      0.01829000000     1.00000000000
 P 14 
   1  406353.00000000000     0.00000023000
   2  13600.70000000000     0.00002393000
   3   3235.47000000000     0.00021218000
   4   1053.05000000000     0.00122733000
   5    403.56900000000     0.00545277000
   6    171.49000000000     0.01962669000
   7     78.23630000000     0.05827993000
   8     37.60650000000     0.13955300000
   9     18.70900000000     0.25592560000
  10      9.50041000000     0.33998130000
  11      4.90557000000     0.27304770000
  12      2.52670000000     0.09644148000
  13      1.27139000000     0.00955231000
  14      0.62601000000     0.00067589000
 P 14 
   1  406353.00000000000    -0.00000007000
   2  13600.70000000000    -0.00000779000
   3   3235.47000000000    -0.00006908000
   4   1053.05000000000    -0.00040059000
   5    403.56900000000    -0.00178490000
   6    171.49000000000    -0.00648320000
   7     78.23630000000    -0.01956244000
   8     37.60650000000    -0.04824767000
   9     18.70900000000    -0.09128611000
  10      9.50041000000    -0.12842090000
  11      4.90557000000    -0.09952292000
  12      2.52670000000     0.09012384000
  13      1.27139000000     0.35519880000
  14      0.62601000000     0.44448890000
 P 14 
   1  406353.00000000000     0.00000002000
   2  13600.70000000000     0.00000162000
   3   3235.47000000000     0.00001439000
   4   1053.05000000000     0.00008354000
   5    403.56900000000     0.00037208000
   6    171.49000000000     0.00135333000
   7     78.23630000000     0.00408642000
   8     37.60650000000     0.01011073000
   9     18.70900000000     0.01916725000
  10      9.50041000000     0.02716132000
  11      4.90557000000     0.02080774000
  12      2.52670000000    -0.02308515000
  13      1.27139000000    -0.08551094000
  14      0.62601000000    -0.11794500000
 P 1 
   1      0.30099000000     1.00000000000
 P 1 
   1      0.11769000000     1.00000000000
 P 1 
   1      0.05116000000     1.00000000000
 P 1 
   1      0.02142000000     1.00000000000
 D 4 
   1     39.56280000000     0.00344600000
   2     11.43730000000     0.02136000000
   3      3.96743000000     0.07544800000
   4      1.52478000000     0.17152800000
 D 1 
   1      0.59047000000     1.00000000000
 D 1 
   1      0.21914000000     1.00000000000
 D 1 
   1      0.07957000000     1.00000000000
 D 1 
   1      0.02834000000     1.00000000000
 F 1 
   1      0.08600000000     1.00000000000
 F 1 
   1      0.25800000000     1.00000000000
 F 1 
   1      0.77410000000     1.00000000000
 G 1 
   1      0.10120000000     1.00000000000
 G 1 
   1      0.30230000000     1.00000000000
 H 1 
   1      0.25340000000     1.00000000000

SCANDIUM
 S 27 
   1  119495000.00000000000     0.00000006490
   2  21499200.00000000000     0.00000042850
   3  4807030.00000000000     0.00000248500
   4  1284400.00000000000     0.00001142200
   5  396595.00000000000     0.00004446960
   6  137575.00000000000     0.00015132060
   7  52366.80000000000     0.00046413110
   8  21454.90000000000     0.00131183400
   9   9316.06000000000     0.00347453900
  10   4235.40000000000     0.00870308100
  11   1997.44000000000     0.02066048000
  12    970.43000000000     0.04605121000
  13    483.27100000000     0.09414403000
  14    245.80600000000     0.16847870000
  15    127.36000000000     0.24275570000
  16     67.07880000000     0.24000190000
  17     35.83710000000     0.12968990000
  18     19.37130000000     0.05179276000
  19     10.55710000000     0.08932598000
  20      5.77249000000     0.11437410000
  21      3.14540000000     0.05378437000
  22      1.69249000000     0.00707576300
  23      0.88864900000     0.00045992820
  24      0.47109300000    -0.00004575680
  25      0.24928600000     0.00001697890
  26      0.09998800000    -0.00000476240
  27      0.04636900000     0.00001150180
 S 27 
   1  119495000.00000000000    -0.00000003760
   2  21499200.00000000000    -0.00000024840
   3  4807030.00000000000    -0.00000144030
   4  1284400.00000000000    -0.00000662120
   5  396595.00000000000    -0.00002577630
   6  137575.00000000000    -0.00008773840
   7  52366.80000000000    -0.00026914910
   8  21454.90000000000    -0.00076154310
   9   9316.06000000000    -0.00202003700
  10   4235.40000000000    -0.00508089300
  11   1997.44000000000    -0.01215118000
  12    970.43000000000    -0.02752281000
  13    483.27100000000    -0.05797250000
  14    245.80600000000    -0.11012590000
  15    127.36000000000    -0.17810880000
  16     67.07880000000    -0.21983440000
  17     35.83710000000    -0.15299490000
  18     19.37130000000     0.05678122000
  19     10.55710000000     0.35307720000
  20      5.77249000000     0.46634030000
  21      3.14540000000     0.21991630000
  22      1.69249000000     0.02889190000
  23      0.88864900000     0.00077632820
  24      0.47109300000    -0.00084742160
  25      0.24928600000    -0.00012338810
  26      0.09998800000    -0.00001245480
  27      0.04636900000     0.00003906270
 S 27 
   1  119495000.00000000000     0.00000000730
   2  21499200.00000000000     0.00000004810
   3  4807030.00000000000     0.00000027880
   4  1284400.00000000000     0.00000128190
   5  396595.00000000000     0.00000499010
   6  137575.00000000000     0.00001699050
   7  52366.80000000000     0.00005212700
   8  21454.90000000000     0.00014763470
   9   9316.06000000000     0.00039213730
  10   4235.40000000000     0.00099004680
  11   1997.44000000000     0.00238347500
  12    970.43000000000     0.00547568200
  13    483.27100000000     0.01183105000
  14    245.80600000000     0.02357475000
  15    127.36000000000     0.04140241000
  16     67.07880000000     0.05818726000
  17     35.83710000000     0.04596130000
  18     19.37130000000    -0.02847061000
  19     10.55710000000    -0.18175840000
  20      5.77249000000    -0.35121110000
  21      3.14540000000    -0.23242150000
  22      1.69249000000     0.22771880000
  23      0.88864900000     0.57572560000
  24      0.47109300000     0.40622230000
  25      0.24928600000     0.08525293000
  26      0.09998800000     0.00397549800
  27      0.04636900000     0.00195437300
 S 27 
   1  119495000.00000000000    -0.00000000180
   2  21499200.00000000000    -0.00000001160
   3  4807030.00000000000    -0.00000006710
   4  1284400.00000000000    -0.00000030860
   5  396595.00000000000    -0.00000120110
   6  137575.00000000000    -0.00000409000
   7  52366.80000000000    -0.00001254630
   8  21454.90000000000    -0.00003554100
   9   9316.06000000000    -0.00009438160
  10   4235.40000000000    -0.00023836480
  11   1997.44000000000    -0.00057372020
  12    970.43000000000    -0.00131874600
  13    483.27100000000    -0.00284920900
  14    245.80600000000    -0.00568423500
  15    127.36000000000    -0.00999144500
  16     67.07880000000    -0.01409713000
  17     35.83710000000    -0.01116554000
  18     19.37130000000     0.00691225400
  19     10.55710000000     0.04558164000
  20      5.77249000000     0.09219903000
  21      3.14540000000     0.06237781000
  22      1.69249000000    -0.07194592000
  23      0.88864900000    -0.19170540000
  24      0.47109300000    -0.23798720000
  25      0.24928600000    -0.11299990000
  26      0.09998800000     0.34240780000
  27      0.04636900000     0.62630640000
 S 27 
   1  119495000.00000000000     0.00000000300
   2  21499200.00000000000     0.00000002010
   3  4807030.00000000000     0.00000011570
   4  1284400.00000000000     0.00000053640
   5  396595.00000000000     0.00000206610
   6  137575.00000000000     0.00000712670
   7  52366.80000000000     0.00002151880
   8  21454.90000000000     0.00006213600
   9   9316.06000000000     0.00016128390
  10   4235.40000000000     0.00041832920
  11   1997.44000000000     0.00097660170
  12    970.43000000000     0.00232455100
  13    483.27100000000     0.00482702400
  14    245.80600000000     0.01009998000
  15    127.36000000000     0.01673441000
  16     67.07880000000     0.02581961000
  17     35.83710000000     0.01659005000
  18     19.37130000000    -0.00599384400
  19     10.55710000000    -0.09265210000
  20      5.77249000000    -0.14755400000
  21      3.14540000000    -0.15316480000
  22      1.69249000000     0.22785750000
  23      0.88864900000     0.34410650000
  24      0.47109300000     0.74820630000
  25      0.24928600000    -0.75860060000
  26      0.09998800000    -1.49284500000
  27      0.04636900000     0.70892340000
 S 27 
   1  119495000.00000000000    -0.00000000470
   2  21499200.00000000000    -0.00000003120
   3  4807030.00000000000    -0.00000017980
   4  1284400.00000000000    -0.00000083310
   5  396595.00000000000    -0.00000321210
   6  137575.00000000000    -0.00001106580
   7  52366.80000000000    -0.00003346400
   8  21454.90000000000    -0.00009645130
   9   9316.06000000000    -0.00025091280
  10   4235.40000000000    -0.00064920710
  11   1997.44000000000    -0.00152021000
  12    970.43000000000    -0.00360766800
  13    483.27100000000    -0.00752416100
  14    245.80600000000    -0.01568944000
  15    127.36000000000    -0.02620054000
  16     67.07880000000    -0.04021946000
  17     35.83710000000    -0.02662630000
  18     19.37130000000     0.01032930000
  19     10.55710000000     0.14805760000
  20      5.77249000000     0.26601650000
  21      3.14540000000     0.24943360000
  22      1.69249000000    -0.54069740000
  23      0.88864900000    -1.04555600000
  24      0.47109300000    -0.18274190000
  25      0.24928600000     2.74940600000
  26      0.09998800000    -1.32998800000
  27      0.04636900000    -1.65138900000
 S 27 
   1  119495000.00000000000    -0.00000000540
   2  21499200.00000000000    -0.00000003460
   3  4807030.00000000000    -0.00000020770
   4  1284400.00000000000    -0.00000091760
   5  396595.00000000000    -0.00000374920
   6  137575.00000000000    -0.00001202460
   7  52366.80000000000    -0.00003967940
   8  21454.90000000000    -0.00010281800
   9   9316.06000000000    -0.00030336470
  10   4235.40000000000    -0.00067707870
  11   1997.44000000000    -0.00187627800
  12    970.43000000000    -0.00367194100
  13    483.27100000000    -0.00953603300
  14    245.80600000000    -0.01530677000
  15    127.36000000000    -0.03545668000
  16     67.07880000000    -0.03294163000
  17     35.83710000000    -0.05839314000
  18     19.37130000000     0.06538662000
  19     10.55710000000     0.06318978000
  20      5.77249000000     0.59069960000
  21      3.14540000000    -0.13328770000
  22      1.69249000000    -0.30170640000
  23      0.88864900000    -2.96990100000
  24      0.47109300000     4.81408800000
  25      0.24928600000    -0.83521440000
  26      0.09998800000    -4.40183600000
  27      0.04636900000     5.72998900000
 S 27 
   1  119495000.00000000000     0.00000000820
   2  21499200.00000000000     0.00000005530
   3  4807030.00000000000     0.00000031100
   4  1284400.00000000000     0.00000148460
   5  396595.00000000000     0.00000551790
   6  137575.00000000000     0.00001987950
   7  52366.80000000000     0.00005688850
   8  21454.90000000000     0.00017521330
   9   9316.06000000000     0.00042108020
  10   4235.40000000000     0.00119367900
  11   1997.44000000000     0.00252060300
  12    970.43000000000     0.00672664800
  13    483.27100000000     0.01230813000
  14    245.80600000000     0.03008461000
  15    127.36000000000     0.04143790000
  16     67.07880000000     0.08479558000
  17     35.83710000000     0.02415501000
  18     19.37130000000     0.02824664000
  19     10.55710000000    -0.41746690000
  20      5.77249000000    -0.58502580000
  21      3.14540000000    -0.44544880000
  22      1.69249000000     4.12733600000
  23      0.88864900000    -2.30517600000
  24      0.47109300000    -5.71068900000
  25      0.24928600000     9.54857200000
  26      0.09998800000    -8.56371500000
  27      0.04636900000     6.18561100000
 S 1 
   1      0.02160600000     1.00000000000
 P 19 
   1  55070.50000000000     0.00000200000
   2  13741.70000000000     0.00002100000
   3   4365.40000000000     0.00013000000
   4   1642.26000000000     0.00061200000
   5    694.06600000000     0.00239700000
   6    317.74200000000     0.00807300000
   7    153.89900000000     0.02372600000
   8     77.76650000000     0.06062000000
   9     40.67360000000     0.12985500000
  10     21.90610000000     0.22109800000
  11     12.07950000000     0.29323200000
  12      6.75349000000     0.27675000000
  13      3.76321000000     0.14779400000
  14      2.04973000000     0.03202400000
  15      1.08645000000     0.00028900000
  16      0.56408700000    -0.00146700000
  17      0.28102000000    -0.00076700000
  18      0.12154400000    -0.00005800000
  19      0.05345900000    -0.00001100000
 P 19 
   1  55070.50000000000    -0.00000100000
   2  13741.70000000000    -0.00000700000
   3   4365.40000000000    -0.00004200000
   4   1642.26000000000    -0.00020100000
   5    694.06600000000    -0.00078900000
   6    317.74200000000    -0.00266900000
   7    153.89900000000    -0.00792200000
   8     77.76650000000    -0.02059800000
   9     40.67360000000    -0.04537500000
  10     21.90610000000    -0.07963200000
  11     12.07950000000    -0.11061800000
  12      6.75349000000    -0.10820400000
  13      3.76321000000    -0.00092000000
  14      2.04973000000     0.21756600000
  15      1.08645000000     0.39219000000
  16      0.56408700000     0.36397700000
  17      0.28102000000     0.14995300000
  18      0.12154400000     0.01514700000
  19      0.05345900000     0.00056900000
 P 18 
   1  13741.70000000000     0.00000200000
   2   4365.40000000000     0.00001000000
   3   1642.26000000000     0.00004900000
   4    694.06600000000     0.00019300000
   5    317.74200000000     0.00064900000
   6    153.89900000000     0.00194200000
   7     77.76650000000     0.00502200000
   8     40.67360000000     0.01117500000
   9     21.90610000000     0.01947300000
  10     12.07950000000     0.02764700000
  11      6.75349000000     0.02646600000
  12      3.76321000000    -0.00146000000
  13      2.04973000000    -0.06499500000
  14      1.08645000000    -0.11560500000
  15      0.56408700000    -0.13820000000
  16      0.28102000000     0.00728100000
  17      0.12154400000     0.36214100000
  18      0.05345900000     0.54201200000
 P 18 
   1  13741.70000000000     0.00000200000
   2   4365.40000000000     0.00001200000
   3   1642.26000000000     0.00005900000
   4    694.06600000000     0.00023200000
   5    317.74200000000     0.00078800000
   6    153.89900000000     0.00233000000
   7     77.76650000000     0.00609400000
   8     40.67360000000     0.01337600000
   9     21.90610000000     0.02370100000
  10     12.07950000000     0.03278900000
  11      6.75349000000     0.03290900000
  12      3.76321000000    -0.00223100000
  13      2.04973000000    -0.07361100000
  14      1.08645000000    -0.13695400000
  15      0.56408700000    -0.16770600000
  16      0.28102000000    -0.05268600000
  17      0.12154400000     0.57443300000
  18      0.05345900000     0.52365000000
 P 18 
   1  13741.70000000000     0.00000400000
   2   4365.40000000000     0.00002700000
   3   1642.26000000000     0.00011500000
   4    694.06600000000     0.00049200000
   5    317.74200000000     0.00152700000
   6    153.89900000000     0.00493600000
   7     77.76650000000     0.01174700000
   8     40.67360000000     0.02860300000
   9     21.90610000000     0.04436000000
  10     12.07950000000     0.07619200000
  11      6.75349000000     0.05760600000
  12      3.76321000000     0.02398700000
  13      2.04973000000    -0.21556800000
  14      1.08645000000    -0.37537800000
  15      0.56408700000    -0.43693400000
  16      0.28102000000     1.22247200000
  17      0.12154400000     0.42942900000
  18      0.05345900000    -0.93458900000
 P 18 
   1  13741.70000000000    -0.00000600000
   2   4365.40000000000    -0.00002400000
   3   1642.26000000000    -0.00017300000
   4    694.06600000000    -0.00045500000
   5    317.74200000000    -0.00227500000
   6    153.89900000000    -0.00454300000
   7     77.76650000000    -0.01774200000
   8     40.67360000000    -0.02427100000
   9     21.90610000000    -0.07561100000
  10     12.07950000000    -0.04487900000
  11      6.75349000000    -0.18996300000
  12      3.76321000000     0.12735100000
  13      2.04973000000     0.11611700000
  14      1.08645000000     1.34869800000
  15      0.56408700000    -1.51231100000
  16      0.28102000000    -0.94361100000
  17      0.12154400000     2.30745000000
  18      0.05345900000    -1.21723700000
 P 19 
   1  55070.50000000000    -0.00000100000
   2  13741.70000000000    -0.00000700000
   3   4365.40000000000    -0.00004300000
   4   1642.26000000000    -0.00021700000
   5    694.06600000000    -0.00080700000
   6    317.74200000000    -0.00288700000
   7    153.89900000000    -0.00816100000
   8     77.76650000000    -0.02271300000
   9     40.67360000000    -0.04739600000
  10     21.90610000000    -0.08968000000
  11     12.07950000000    -0.10779400000
  12      6.75349000000    -0.19137400000
  13      3.76321000000     0.03672400000
  14      2.04973000000     1.20101600000
  15      1.08645000000     0.33995500000
  16      0.56408700000    -3.80228900000
  17      0.28102000000     4.44887600000
  18      0.12154400000    -2.51309600000
  19      0.05345900000     0.40214400000
 P 1 
   1      0.02321500000     1.00000000000
 D 11 
   1    205.60600000000     0.00023800000
   2     61.02270000000     0.00216700000
   3     23.36300000000     0.01084900000
   4      9.96346000000     0.03588100000
   5      4.48945000000     0.09349100000
   6      2.11795000000     0.18107600000
   7      1.01201800000     0.25759300000
   8      0.48104500000     0.29185500000
   9      0.22648800000     0.26900600000
  10      0.10505700000     0.18817400000
  11      0.04768200000     0.07324300000
 D 11 
   1    205.60600000000    -0.00024300000
   2     61.02270000000    -0.00221400000
   3     23.36300000000    -0.01110700000
   4      9.96346000000    -0.03697000000
   5      4.48945000000    -0.09781500000
   6      2.11795000000    -0.18456700000
   7      1.01201800000    -0.24727900000
   8      0.48104500000    -0.20537700000
   9      0.22648800000     0.10367200000
  10      0.10505700000     0.46189800000
  11      0.04768200000     0.38340000000
 D 11 
   1    205.60600000000    -0.00032200000
   2     61.02270000000    -0.00287600000
   3     23.36300000000    -0.01481800000
   4      9.96346000000    -0.04843800000
   5      4.48945000000    -0.13075800000
   6      2.11795000000    -0.24284200000
   7      1.01201800000    -0.28443100000
   8      0.48104500000     0.10372600000
   9      0.22648800000     0.74302800000
  10      0.10505700000     0.09533700000
  11      0.04768200000    -0.66511700000
 D 11 
   1    205.60600000000    -0.00045300000
   2     61.02270000000    -0.00379600000
   3     23.36300000000    -0.02077300000
   4      9.96346000000    -0.06544600000
   5      4.48945000000    -0.19434200000
   6      2.11795000000    -0.31471400000
   7      1.01201800000    -0.25162800000
   8      0.48104500000     1.08531500000
   9      0.22648800000    -0.01291800000
  10      0.10505700000    -1.24378300000
  11      0.04768200000     0.77239900000
 D 11 
   1    205.60600000000    -0.00052400000
   2     61.02270000000    -0.00679300000
   3     23.36300000000    -0.02631900000
   4      9.96346000000    -0.12193200000
   5      4.48945000000    -0.24982000000
   6      2.11795000000    -0.61816900000
   7      1.01201800000     0.99891800000
   8      0.48104500000     0.59624500000
   9      0.22648800000    -2.13824300000
  10      0.10505700000     1.97308200000
  11      0.04768200000    -0.65273700000
 D 1 
   1      0.02066000000     1.00000000000
 F 1 
   1      2.34000000000     1.00000000000
 F 1 
   1      0.76570000000     1.00000000000
 F 1 
   1      0.25050000000     1.00000000000
 F 1 
   1      0.08200000000     1.00000000000
 G 1 
   1      1.72720000000     1.00000000000
 G 1 
   1      0.54450000000     1.00000000000
 G 1 
   1      0.17170000000     1.00000000000
 H 1 
   1      1.15920000000     1.00000000000
 H 1 
   1      0.33080000000     1.00000000000
 I 1 
   1      0.57200000000     1.00000000000

TITANIUM
 S 27 
   1  122647000.00000000000     0.00000007100
   2  21956200.00000000000     0.00000047160
   3  4902330.00000000000     0.00000273440
   4  1310600.00000000000     0.00001254720
   5  405228.00000000000     0.00004874740
   6  140757.00000000000     0.00016562130
   7  53625.10000000000     0.00050764500
   8  21976.20000000000     0.00143501900
   9   9539.60000000000     0.00380241200
  10   4334.37000000000     0.00952377900
  11   2042.89000000000     0.02256875000
  12    992.30800000000     0.05005125000
  13    494.44600000000     0.10124140000
  14    251.90700000000     0.17776440000
  15    130.90500000000     0.24791590000
  16     69.23680000000     0.23267470000
  17     37.18470000000     0.11788730000
  18     20.21570000000     0.05105946000
  19     11.07650000000     0.09307720000
  20      6.07867000000     0.10868460000
  21      3.31277000000     0.04564404000
  22      1.77250000000     0.00516804700
  23      0.91737800000     0.00032339960
  24      0.46928300000    -0.00004994150
  25      0.21926700000     0.00001320420
  26      0.10581100000    -0.00000023240
  27      0.04844300000     0.00001693380
 S 27 
   1  122647000.00000000000    -0.00000004080
   2  21956200.00000000000    -0.00000027090
   3  4902330.00000000000    -0.00000157070
   4  1310600.00000000000    -0.00000720830
   5  405228.00000000000    -0.00002800380
   6  140757.00000000000    -0.00009517170
   7  53625.10000000000    -0.00029177200
   8  21976.20000000000    -0.00082568450
   9   9539.60000000000    -0.00219159200
  10   4334.37000000000    -0.00551360800
  11   2042.89000000000    -0.01317331000
  12    992.30800000000    -0.02972775000
  13    494.44600000000    -0.06213528000
  14    251.90700000000    -0.11641830000
  15    130.90500000000    -0.18411560000
  16     69.23680000000    -0.21850940000
  17     37.18470000000    -0.13808680000
  18     20.21570000000     0.08418941000
  19     11.07650000000     0.38116520000
  20      6.07867000000     0.45569960000
  21      3.31277000000     0.19179660000
  22      1.77250000000     0.02151962000
  23      0.91737800000     0.00019591750
  24      0.46928300000    -0.00080891560
  25      0.21926700000    -0.00005422210
  26      0.10581100000     0.00001652840
  27      0.04844300000     0.00006140260
 S 27 
   1  122647000.00000000000     0.00000000810
   2  21956200.00000000000     0.00000005400
   3  4902330.00000000000     0.00000031320
   4  1310600.00000000000     0.00000143750
   5  405228.00000000000     0.00000558330
   6  140757.00000000000     0.00001898420
   7  53625.10000000000     0.00005819600
   8  21976.20000000000     0.00016490190
   9   9539.60000000000     0.00043819110
  10   4334.37000000000     0.00110723100
  11   2042.89000000000     0.00266310800
  12    992.30800000000     0.00610396600
  13    494.44600000000     0.01310044000
  14    251.90700000000     0.02583473000
  15    130.90500000000     0.04449334000
  16     69.23680000000     0.06033054000
  17     37.18470000000     0.04260364000
  18     20.21570000000    -0.04039406000
  19     11.07650000000    -0.20756890000
  20      6.07867000000    -0.36546480000
  21      3.31277000000    -0.19369360000
  22      1.77250000000     0.29883420000
  23      0.91737800000     0.60677120000
  24      0.46928300000     0.35521500000
  25      0.21926700000     0.04285188000
  26      0.10581100000    -0.00048354600
  27      0.04844300000     0.00274403300
 S 27 
   1  122647000.00000000000    -0.00000000190
   2  21956200.00000000000    -0.00000001280
   3  4902330.00000000000    -0.00000007390
   4  1310600.00000000000    -0.00000033930
   5  405228.00000000000    -0.00000131760
   6  140757.00000000000    -0.00000448140
   7  53625.10000000000    -0.00001373280
   8  21976.20000000000    -0.00003893000
   9   9539.60000000000    -0.00010339770
  10   4334.37000000000    -0.00026143670
  11   2042.89000000000    -0.00062844150
  12    992.30800000000    -0.00144185300
  13    494.44600000000    -0.00309301500
  14    251.90700000000    -0.00611139700
  15    130.90500000000    -0.01052833000
  16     69.23680000000    -0.01435524000
  17     37.18470000000    -0.01013538000
  18     20.21570000000     0.00960690900
  19     11.07650000000     0.05144379000
  20      6.07867000000     0.09453862000
  21      3.31277000000     0.05074349000
  22      1.77250000000    -0.09206241000
  23      0.91737800000    -0.20885300000
  24      0.46928300000    -0.23973260000
  25      0.21926700000    -0.06020934000
  26      0.10581100000     0.37854450000
  27      0.04844300000     0.60646330000
 S 27 
   1  122647000.00000000000     0.00000000350
   2  21956200.00000000000     0.00000002360
   3  4902330.00000000000     0.00000013680
   4  1310600.00000000000     0.00000062800
   5  405228.00000000000     0.00000243900
   6  140757.00000000000     0.00000829310
   7  53625.10000000000     0.00002542190
   8  21976.20000000000     0.00007203920
   9   9539.60000000000     0.00019142640
  10   4334.37000000000     0.00048377890
  11   2042.89000000000     0.00116373500
  12    992.30800000000     0.00266862300
  13    494.44600000000     0.00573130800
  14    251.90700000000     0.01132130000
  15    130.90500000000     0.01955315000
  16     69.23680000000     0.02667333000
  17     37.18470000000     0.01900155000
  18     20.21570000000    -0.01799341000
  19     11.07650000000    -0.09813293000
  20      6.07867000000    -0.18866580000
  21      3.31277000000    -0.09633798000
  22      1.77250000000     0.22754360000
  23      0.91737800000     0.57166400000
  24      0.46928300000     0.38425110000
  25      0.21926700000    -0.94028940000
  26      0.10581100000    -1.10523900000
  27      0.04844300000     0.72631520000
 S 27 
   1  122647000.00000000000    -0.00000000550
   2  21956200.00000000000    -0.00000003630
   3  4902330.00000000000    -0.00000021150
   4  1310600.00000000000    -0.00000096560
   5  405228.00000000000    -0.00000377570
   6  140757.00000000000    -0.00001273210
   7  53625.10000000000    -0.00003942850
   8  21976.20000000000    -0.00011036390
   9   9539.60000000000    -0.00029760000
  10   4334.37000000000    -0.00073942470
  11   2042.89000000000    -0.00181423200
  12    992.30800000000    -0.00406936400
  13    494.44600000000    -0.00897509700
  14    251.90700000000    -0.01720642000
  15    130.90500000000    -0.03100851000
  16     69.23680000000    -0.03994524000
  17     37.18470000000    -0.03317775000
  18     20.21570000000     0.03508550000
  19     11.07650000000     0.14721940000
  20      6.07867000000     0.35664000000
  21      3.31277000000     0.10906470000
  22      1.77250000000    -0.57562670000
  23      0.91737800000    -1.40384500000
  24      0.46928300000     1.20155300000
  25      0.21926700000     2.16374100000
  26      0.10581100000    -2.23839900000
  27      0.04844300000    -0.81083720000
 S 27 
   1  122647000.00000000000    -0.00000000650
   2  21956200.00000000000    -0.00000004300
   3  4902330.00000000000    -0.00000025150
   4  1310600.00000000000    -0.00000114130
   5  405228.00000000000    -0.00000449480
   6  140757.00000000000    -0.00001502520
   7  53625.10000000000    -0.00004703010
   8  21976.20000000000    -0.00012994330
   9   9539.60000000000    -0.00035587670
  10   4334.37000000000    -0.00086841530
  11   2042.89000000000    -0.00217575000
  12    992.30800000000    -0.00476757600
  13    494.44600000000    -0.01081297000
  14    251.90700000000    -0.02009361000
  15    130.90500000000    -0.03788017000
  16     69.23680000000    -0.04603327000
  17     37.18470000000    -0.04444843000
  18     20.21570000000     0.04721242000
  19     11.07650000000     0.18341860000
  20      6.07867000000     0.55206380000
  21      3.31277000000    -0.04585806000
  22      1.77250000000    -1.24726900000
  23      0.91737800000    -1.47836900000
  24      0.46928300000     4.82075200000
  25      0.21926700000    -3.00788100000
  26      0.10581100000    -1.89111500000
  27      0.04844300000     4.37643500000
 S 27 
   1  122647000.00000000000    -0.00000000890
   2  21956200.00000000000    -0.00000006260
   3  4902330.00000000000    -0.00000033900
   4  1310600.00000000000    -0.00000168630
   5  405228.00000000000    -0.00000593270
   6  140757.00000000000    -0.00002274960
   7  53625.10000000000    -0.00006006260
   8  21976.20000000000    -0.00020338960
   9   9539.60000000000    -0.00043589110
  10   4334.37000000000    -0.00141024800
  11   2042.89000000000    -0.00254425000
  12    992.30800000000    -0.00807729600
  13    494.44600000000    -0.01186207000
  14    251.90700000000    -0.03676473000
  15    130.90500000000    -0.03464619000
  16     69.23680000000    -0.11015000000
  17     37.18470000000     0.02928617000
  18     20.21570000000    -0.11495190000
  19     11.07650000000     0.68088410000
  20      6.07867000000     0.32395760000
  21      3.31277000000     0.52677150000
  22      1.77250000000    -5.39259400000
  23      0.91737800000     6.76658200000
  24      0.46928300000    -1.19265400000
  25      0.21926700000    -5.84098600000
  26      0.10581100000     8.57920500000
  27      0.04844300000    -6.43824300000
 S 1 
   1      0.02253500000     1.00000000000
 P 19 
   1  59284.90000000000     0.00000300000
   2  14323.60000000000     0.00002300000
   3   4537.22000000000     0.00014400000
   4   1726.54000000000     0.00066000000
   5    741.07500000000     0.00250900000
   6    343.80700000000     0.00829400000
   7    167.88400000000     0.02424700000
   8     85.03940000000     0.06223100000
   9     44.38290000000     0.13422000000
  10     23.79280000000     0.22905000000
  11     13.05360000000     0.30039800000
  12      7.26872000000     0.27226100000
  13      4.03805000000     0.13508200000
  14      2.19294000000     0.02602900000
  15      1.16162000000    -0.00030400000
  16      0.60325000000    -0.00143400000
  17      0.30017400000    -0.00065400000
  18      0.13026400000    -0.00004000000
  19      0.05729800000    -0.00001000000
 P 19 
   1  59284.90000000000    -0.00000100000
   2  14323.60000000000    -0.00000800000
   3   4537.22000000000    -0.00004800000
   4   1726.54000000000    -0.00022100000
   5    741.07500000000    -0.00084400000
   6    343.80700000000    -0.00280200000
   7    167.88400000000    -0.00827800000
   8     85.03940000000    -0.02163500000
   9     44.38290000000    -0.04804700000
  10     23.79280000000    -0.08466500000
  11     13.05360000000    -0.11674800000
  12      7.26872000000    -0.10712900000
  13      4.03805000000     0.01908800000
  14      2.19294000000     0.24619400000
  15      1.16162000000     0.40137800000
  16      0.60325000000     0.34156500000
  17      0.30017400000     0.12688900000
  18      0.13026400000     0.01132000000
  19      0.05729800000     0.00067400000
 P 18 
   1  14323.60000000000     0.00000200000
   2   4537.22000000000     0.00001200000
   3   1726.54000000000     0.00005300000
   4    741.07500000000     0.00020300000
   5    343.80700000000     0.00067000000
   6    167.88400000000     0.00199600000
   7     85.03940000000     0.00518900000
   8     44.38290000000     0.01164000000
   9     23.79280000000     0.02037500000
  10     13.05360000000     0.02871400000
  11      7.26872000000     0.02572600000
  12      4.03805000000    -0.00668800000
  13      2.19294000000    -0.07198500000
  14      1.16162000000    -0.11841500000
  15      0.60325000000    -0.13000000000
  16      0.30017400000     0.03071100000
  17      0.13026400000     0.37914300000
  18      0.05729800000     0.52761500000
 P 18 
   1  14323.60000000000     0.00000200000
   2   4537.22000000000     0.00001400000
   3   1726.54000000000     0.00006600000
   4    741.07500000000     0.00025200000
   5    343.80700000000     0.00083300000
   6    167.88400000000     0.00247400000
   7     85.03940000000     0.00644300000
   8     44.38290000000     0.01441100000
   9     23.79280000000     0.02531500000
  10     13.05360000000     0.03547800000
  11      7.26872000000     0.03218500000
  12      4.03805000000    -0.00773200000
  13      2.19294000000    -0.08691600000
  14      1.16162000000    -0.14258000000
  15      0.60325000000    -0.17043500000
  16      0.30017400000     0.00673600000
  17      0.13026400000     0.59668500000
  18      0.05729800000     0.47533800000
 P 19 
   1  59284.90000000000     0.00000100000
   2  14323.60000000000     0.00000400000
   3   4537.22000000000     0.00003000000
   4   1726.54000000000     0.00012600000
   5    741.07500000000     0.00051900000
   6    343.80700000000     0.00160200000
   7    167.88400000000     0.00509100000
   8     85.03940000000     0.01237200000
   9     44.38290000000     0.02981400000
  10     23.79280000000     0.04775900000
  11     13.05360000000     0.07821500000
  12      7.26872000000     0.05826000000
  13      4.03805000000     0.00512800000
  14      2.19294000000    -0.23931700000
  15      1.16162000000    -0.39890200000
  16      0.60325000000    -0.31137400000
  17      0.30017400000     1.25023000000
  18      0.13026400000     0.27904800000
  19      0.05729800000    -0.89888700000
 P 19 
   1  59284.90000000000    -0.00000100000
   2  14323.60000000000    -0.00000700000
   3   4537.22000000000    -0.00003000000
   4   1726.54000000000    -0.00019000000
   5    741.07500000000    -0.00053000000
   6    343.80700000000    -0.00239500000
   7    167.88400000000    -0.00520200000
   8     85.03940000000    -0.01850700000
   9     44.38290000000    -0.02911900000
  10     23.79280000000    -0.07784500000
  11     13.05360000000    -0.06077800000
  12      7.26872000000    -0.18267500000
  13      4.03805000000     0.11663900000
  14      2.19294000000     0.29936100000
  15      1.16162000000     1.23208900000
  16      0.60325000000    -1.89424800000
  17      0.30017400000    -0.36731900000
  18      0.13026400000     2.01077000000
  19      0.05729800000    -1.18686700000
 P 19 
   1  59284.90000000000    -0.00000100000
   2  14323.60000000000    -0.00000800000
   3   4537.22000000000    -0.00005100000
   4   1726.54000000000    -0.00021600000
   5    741.07500000000    -0.00089800000
   6    343.80700000000    -0.00273900000
   7    167.88400000000    -0.00885100000
   8     85.03940000000    -0.02138800000
   9     44.38290000000    -0.05257400000
  10     23.79280000000    -0.08250500000
  11     13.05360000000    -0.13443400000
  12      7.26872000000    -0.18281000000
  13      4.03805000000     0.09623300000
  14      2.19294000000     1.44556900000
  15      1.16162000000    -0.50302300000
  16      0.60325000000    -2.97223600000
  17      0.30017400000     4.27304300000
  18      0.13026400000    -2.83037100000
  19      0.05729800000     0.75000800000
 P 1 
   1      0.02495200000     1.00000000000
 D 11 
   1    249.35600000000     0.00023100000
   2     74.74830000000     0.00208000000
   3     28.93990000000     0.01054200000
   4     12.52790000000     0.03536700000
   5      5.73431000000     0.09260700000
   6      2.74531000000     0.18313200000
   7      1.33212000000     0.26501600000
   8      0.64108800000     0.30002100000
   9      0.30278100000     0.26739000000
  10      0.13905300000     0.17131100000
  11      0.06202900000     0.05892900000
 D 11 
   1    249.35600000000    -0.00023400000
   2     74.74830000000    -0.00211500000
   3     28.93990000000    -0.01074200000
   4     12.52790000000    -0.03633400000
   5      5.73431000000    -0.09710000000
   6      2.74531000000    -0.18772900000
   7      1.33212000000    -0.24644700000
   8      0.64108800000    -0.18291400000
   9      0.30278100000     0.13644300000
  10      0.13905300000     0.47358600000
  11      0.06202900000     0.36690100000
 D 11 
   1    249.35600000000    -0.00037700000
   2     74.74830000000    -0.00338200000
   3     28.93990000000    -0.01748800000
   4     12.52790000000    -0.05956100000
   5      5.73431000000    -0.16399100000
   6      2.74531000000    -0.29582300000
   7      1.33212000000    -0.26749800000
   8      0.64108800000     0.24252500000
   9      0.30278100000     0.70028800000
  10      0.13905300000    -0.05622800000
  11      0.06202900000    -0.58935600000
 D 11 
   1    249.35600000000    -0.00045200000
   2     74.74830000000    -0.00384300000
   3     28.93990000000    -0.02098000000
   4     12.52790000000    -0.06914100000
   5      5.73431000000    -0.21189300000
   6      2.74531000000    -0.32883900000
   7      1.33212000000    -0.08351000000
   8      0.64108800000     1.03966700000
   9      0.30278100000    -0.24523400000
  10      0.13905300000    -1.06561400000
  11      0.06202900000     0.76258400000
 D 11 
   1    249.35600000000    -0.00056300000
   2     74.74830000000    -0.00655700000
   3     28.93990000000    -0.02803500000
   4     12.52790000000    -0.12430400000
   5      5.73431000000    -0.29805300000
   6      2.74531000000    -0.50855800000
   7      1.33212000000     1.04612100000
   8      0.64108800000     0.36152100000
   9      0.30278100000    -1.88232200000
  10      0.13905300000     1.74746000000
  11      0.06202900000    -0.45120100000
 D 1 
   1      0.02643956000     1.00000000000
 F 1 
   1      3.54380000000     1.00000000000
 F 1 
   1      1.17590000000     1.00000000000
 F 1 
   1      0.39020000000     1.00000000000
 F 1 
   1      0.12950000000     1.00000000000
 G 1 
   1      2.56110000000     1.00000000000
 G 1 
   1      0.81110000000     1.00000000000
 G 1 
   1      0.25690000000     1.00000000000
 H 1 
   1      1.82570000000     1.00000000000
 H 1 
   1      0.51030000000     1.00000000000
 I 1 
   1      1.01050000000     1.00000000000

VANADIUM
 S 27 
   1  128349000.00000000000     0.00000007560
   2  22904400.00000000000     0.00000050440
   3  5107770.00000000000     0.00000292620
   4  1365280.00000000000     0.00001342410
   5  422228.00000000000     0.00005213140
   6  146685.00000000000     0.00017712050
   7  55872.30000000000     0.00054324040
   8  22881.30000000000     0.00153773400
   9   9920.45000000000     0.00408193200
  10   4499.92000000000     0.01024296000
  11   2116.75000000000     0.02429719000
  12   1026.06000000000     0.05382741000
  13    510.25700000000     0.10830460000
  14    259.53200000000     0.18775100000
  15    134.70900000000     0.25487940000
  16     71.21040000000     0.22753920000
  17     38.24960000000     0.10752940000
  18     20.81020000000     0.05099967000
  19     11.41580000000     0.09479662000
  20      6.27302000000     0.09804244000
  21      3.42177000000     0.03562689000
  22      1.83044000000     0.00344370200
  23      0.94523500000     0.00020311520
  24      0.47592800000    -0.00004464830
  25      0.18638100000     0.00000690890
  26      0.10676800000     0.00000707740
  27      0.04997900000     0.00001993250
 S 27 
   1  128349000.00000000000    -0.00000004230
   2  22904400.00000000000    -0.00000028250
   3  5107770.00000000000    -0.00000163870
   4  1365280.00000000000    -0.00000751850
   5  422228.00000000000    -0.00002919690
   6  146685.00000000000    -0.00009922460
   7  55872.30000000000    -0.00030441760
   8  22881.30000000000    -0.00086264930
   9   9920.45000000000    -0.00229436400
  10   4499.92000000000    -0.00578436100
  11   2116.75000000000    -0.01384521000
  12   1026.06000000000    -0.03125257000
  13    510.25700000000    -0.06517593000
  14    259.53200000000    -0.12124520000
  15    134.70900000000    -0.18879220000
  16     71.21040000000    -0.21608910000
  17     38.24960000000    -0.12077300000
  18     20.81020000000     0.11892070000
  19     11.41580000000     0.41450440000
  20      6.27302000000     0.43659600000
  21      3.42177000000     0.15876860000
  22      1.83044000000     0.01503861000
  23      0.94523500000    -0.00031379700
  24      0.47592800000    -0.00072319980
  25      0.18638100000    -0.00005192450
  26      0.10676800000     0.00006466420
  27      0.04997900000     0.00007544840
 S 27 
   1  128349000.00000000000     0.00000000880
   2  22904400.00000000000     0.00000005850
   3  5107770.00000000000     0.00000033930
   4  1365280.00000000000     0.00000155710
   5  422228.00000000000     0.00000604460
   6  146685.00000000000     0.00002055510
   7  55872.30000000000     0.00006304710
   8  22881.30000000000     0.00017893270
   9   9920.45000000000     0.00047635340
  10   4499.92000000000     0.00120668100
  11   2116.75000000000     0.00290738000
  12   1026.06000000000     0.00667153700
  13    510.25700000000     0.01429445000
  14    259.53200000000     0.02805248000
  15    134.70900000000     0.04764851000
  16     71.21040000000     0.06239290000
  17     38.24960000000     0.03815300000
  18     20.81020000000    -0.05632949000
  19     11.41580000000    -0.23945150000
  20      6.27302000000    -0.37306110000
  21      3.42177000000    -0.13783590000
  22      1.83044000000     0.36541970000
  23      0.94523500000     0.60746020000
  24      0.47592800000     0.30159660000
  25      0.18638100000     0.02613175000
  26      0.10676800000    -0.00455545900
  27      0.04997900000     0.00335721600
 S 27 
   1  128349000.00000000000    -0.00000000200
   2  22904400.00000000000    -0.00000001350
   3  5107770.00000000000    -0.00000007850
   4  1365280.00000000000    -0.00000036040
   5  422228.00000000000    -0.00000139900
   6  146685.00000000000    -0.00000475830
   7  55872.30000000000    -0.00001459130
   8  22881.30000000000    -0.00004142350
   9   9920.45000000000    -0.00011024310
  10   4499.92000000000    -0.00027939010
  11   2116.75000000000    -0.00067293880
  12   1026.06000000000    -0.00154535800
  13    510.25700000000    -0.00331066900
  14    259.53200000000    -0.00650806500
  15    134.70900000000    -0.01106511000
  16     71.21040000000    -0.01456548000
  17     38.24960000000    -0.00892051100
  18     20.81020000000     0.01323718000
  19     11.41580000000     0.05853341000
  20      6.27302000000     0.09535172000
  21      3.42177000000     0.03433249000
  22      1.83044000000    -0.10995050000
  23      0.94523500000    -0.21739910000
  24      0.47592800000    -0.22377570000
  25      0.18638100000    -0.01020157000
  26      0.10676800000     0.40124640000
  27      0.04997900000     0.57278200000
 S 27 
   1  128349000.00000000000    -0.00000000390
   2  22904400.00000000000    -0.00000002600
   3  5107770.00000000000    -0.00000015190
   4  1365280.00000000000    -0.00000069200
   5  422228.00000000000    -0.00000271120
   6  146685.00000000000    -0.00000911600
   7  55872.30000000000    -0.00002835050
   8  22881.30000000000    -0.00007912840
   9   9920.45000000000    -0.00021487840
  10   4499.92000000000    -0.00053196500
  11   2116.75000000000    -0.00131635700
  12   1026.06000000000    -0.00293181300
  13    510.25700000000    -0.00651189400
  14    259.53200000000    -0.01226756000
  15    134.70900000000    -0.02210677000
  16     71.21040000000    -0.02664568000
  17     38.24960000000    -0.02085328000
  18     20.81020000000     0.03285405000
  19     11.41580000000     0.10370390000
  20      6.27302000000     0.22402090000
  21      3.42177000000     0.02243918000
  22      1.83044000000    -0.22695880000
  23      0.94523500000    -0.72563020000
  24      0.47592800000    -0.02136386000
  25      0.18638100000     1.22671900000
  26      0.10676800000     0.53556370000
  27      0.04997900000    -0.68208910000
 S 27 
   1  128349000.00000000000    -0.00000000610
   2  22904400.00000000000    -0.00000004020
   3  5107770.00000000000    -0.00000023550
   4  1365280.00000000000    -0.00000106650
   5  422228.00000000000    -0.00000420800
   6  146685.00000000000    -0.00001402660
   7  55872.30000000000    -0.00004408570
   8  22881.30000000000    -0.00012148520
   9   9920.45000000000    -0.00033493490
  10   4499.92000000000    -0.00081476380
  11   2116.75000000000    -0.00205757500
  12   1026.06000000000    -0.00447948900
  13    510.25700000000    -0.01022640000
  14    259.53200000000    -0.01867514000
  15    134.70900000000    -0.03518784000
  16     71.21040000000    -0.03981114000
  17     38.24960000000    -0.03673509000
  18     20.81020000000     0.05969102000
  19     11.41580000000     0.15883610000
  20      6.27302000000     0.42222800000
  21      3.42177000000    -0.03835624000
  22      1.83044000000    -0.65671550000
  23      0.94523500000    -1.45746200000
  24      0.47592800000     2.06986800000
  25      0.18638100000     1.65428100000
  26      0.10676800000    -2.80480200000
  27      0.04997900000    -0.19890100000
 S 27 
   1  128349000.00000000000    -0.00000000740
   2  22904400.00000000000    -0.00000004980
   3  5107770.00000000000    -0.00000028470
   4  1365280.00000000000    -0.00000133060
   5  422228.00000000000    -0.00000505110
   6  146685.00000000000    -0.00001765500
   7  55872.30000000000    -0.00005235950
   8  22881.30000000000    -0.00015475420
   9   9920.45000000000    -0.00039269280
  10   4499.92000000000    -0.00105208700
  11   2116.75000000000    -0.00237914900
  12   1026.06000000000    -0.00587998900
  13    510.25700000000    -0.01160458000
  14    259.53200000000    -0.02534133000
  15    134.70900000000    -0.03801562000
  16     71.21040000000    -0.06218123000
  17     38.24960000000    -0.01933881000
  18     20.81020000000     0.01617214000
  19     11.41580000000     0.34770250000
  20      6.27302000000     0.43612870000
  21      3.42177000000     0.00364923400
  22      1.83044000000    -2.07583200000
  23      0.94523500000     0.28891840000
  24      0.47592800000     3.52168900000
  25      0.18638100000    -4.73461000000
  26      0.10676800000     1.20679100000
  27      0.04997900000     2.95980400000
 S 27 
   1  128349000.00000000000    -0.00000000960
   2  22904400.00000000000    -0.00000006720
   3  5107770.00000000000    -0.00000036580
   4  1365280.00000000000    -0.00000180880
   5  422228.00000000000    -0.00000640660
   6  146685.00000000000    -0.00002435350
   7  55872.30000000000    -0.00006507090
   8  22881.30000000000    -0.00021768910
   9   9920.45000000000    -0.00047564480
  10   4499.92000000000    -0.00151197600
  11   2116.75000000000    -0.00280119500
  12   1026.06000000000    -0.00866619700
  13    510.25700000000    -0.01312669000
  14    259.53200000000    -0.03917805000
  15    134.70900000000    -0.03801547000
  16     71.21040000000    -0.11326960000
  17     38.24960000000     0.03595954000
  18     20.81020000000    -0.09739948000
  19     11.41580000000     0.78219520000
  20      6.27302000000     0.35387180000
  21      3.42177000000    -0.13552170000
  22      1.83044000000    -5.10732200000
  23      0.94523500000     8.68295000000
  24      0.47592800000    -5.21294000000
  25      0.18638100000    -2.37265200000
  26      0.10676800000     7.16249900000
  27      0.04997900000    -6.22937300000
 S 1 
   1      0.02350100000     1.00000000000
 P 19 
   1  67602.10000000001     0.00000200000
   2  16330.10000000000     0.00002200000
   3   5149.59000000000     0.00013800000
   4   1950.03000000000     0.00063700000
   5    834.46300000000     0.00243000000
   6    386.99000000000     0.00802900000
   7    189.37200000000     0.02342200000
   8     96.28450000000     0.06003500000
   9     50.46400000000     0.13008200000
  10     27.14830000000     0.22465200000
  11     14.92560000000     0.29948400000
  12      8.31617000000     0.27663300000
  13      4.62086000000     0.14022700000
  14      2.51138000000     0.02785200000
  15      1.33091000000    -0.00017400000
  16      0.69041500000    -0.00147100000
  17      0.34320700000    -0.00068000000
  18      0.14589600000    -0.00004200000
  19      0.06297100000    -0.00000800000
 P 19 
   1  67602.10000000001    -0.00000100000
   2  16330.10000000000    -0.00000800000
   3   5149.59000000000    -0.00004700000
   4   1950.03000000000    -0.00021700000
   5    834.46300000000    -0.00083100000
   6    386.99000000000    -0.00275800000
   7    189.37200000000    -0.00813100000
   8     96.28450000000    -0.02122500000
   9     50.46400000000    -0.04735800000
  10     27.14830000000    -0.08454400000
  11     14.92560000000    -0.11843700000
  12      8.31617000000    -0.11075000000
  13      4.62086000000     0.01592400000
  14      2.51138000000     0.24557500000
  15      1.33091000000     0.40189800000
  16      0.69041500000     0.34193500000
  17      0.34320700000     0.12914000000
  18      0.14589600000     0.01176900000
  19      0.06297100000     0.00038100000
 P 18 
   1  16330.10000000000     0.00000200000
   2   5149.59000000000     0.00001100000
   3   1950.03000000000     0.00005200000
   4    834.46300000000     0.00020100000
   5    386.99000000000     0.00066300000
   6    189.37200000000     0.00197300000
   7     96.28450000000     0.00511600000
   8     50.46400000000     0.01155200000
   9     27.14830000000     0.02045500000
  10     14.92560000000     0.02934900000
  11      8.31617000000     0.02669400000
  12      4.62086000000    -0.00605900000
  13      2.51138000000    -0.07354500000
  14      1.33091000000    -0.11943600000
  15      0.69041500000    -0.12478300000
  16      0.34320700000     0.03660500000
  17      0.14589600000     0.37289000000
  18      0.06297100000     0.52464900000
 P 18 
   1  16330.10000000000     0.00000200000
   2   5149.59000000000     0.00001400000
   3   1950.03000000000     0.00006500000
   4    834.46300000000     0.00024900000
   5    386.99000000000     0.00082300000
   6    189.37200000000     0.00243800000
   7     96.28450000000     0.00634200000
   8     50.46400000000     0.01424900000
   9     27.14830000000     0.02537000000
  10     14.92560000000     0.03611200000
  11      8.31617000000     0.03346200000
  12      4.62086000000    -0.00682600000
  13      2.51138000000    -0.08746200000
  14      1.33091000000    -0.14511700000
  15      0.69041500000    -0.16696000000
  16      0.34320700000     0.01619700000
  17      0.14589600000     0.59468100000
  18      0.06297100000     0.47286300000
 P 19 
   1  67602.10000000001     0.00000100000
   2  16330.10000000000     0.00000400000
   3   5149.59000000000     0.00003000000
   4   1950.03000000000     0.00012700000
   5    834.46300000000     0.00052900000
   6    386.99000000000     0.00161000000
   7    189.37200000000     0.00518100000
   8     96.28450000000     0.01238100000
   9     50.46400000000     0.03049600000
  10     27.14830000000     0.04855200000
  11     14.92560000000     0.08243200000
  12      8.31617000000     0.06037000000
  13      4.62086000000     0.01012200000
  14      2.51138000000    -0.26053900000
  15      1.33091000000    -0.39240900000
  16      0.69041500000    -0.29542100000
  17      0.34320700000     1.23914500000
  18      0.14589600000     0.25257600000
  19      0.06297100000    -0.87927000000
 P 19 
   1  67602.10000000001    -0.00000100000
   2  16330.10000000000    -0.00000700000
   3   5149.59000000000    -0.00003200000
   4   1950.03000000000    -0.00019300000
   5    834.46300000000    -0.00056900000
   6    386.99000000000    -0.00244600000
   7    189.37200000000    -0.00556400000
   8     96.28450000000    -0.01888600000
   9     50.46400000000    -0.03159300000
  10     27.14830000000    -0.07991600000
  11     14.92560000000    -0.07083500000
  12      8.31617000000    -0.18226100000
  13      4.62086000000     0.10775500000
  14      2.51138000000     0.39216700000
  15      1.33091000000     1.08947500000
  16      0.69041500000    -1.83287800000
  17      0.34320700000    -0.29433000000
  18      0.14589600000     1.90290400000
  19      0.06297100000    -1.15206100000
 P 19 
   1  67602.10000000001    -0.00000100000
   2  16330.10000000000    -0.00000700000
   3   5149.59000000000    -0.00005400000
   4   1950.03000000000    -0.00021000000
   5    834.46300000000    -0.00096300000
   6    386.99000000000    -0.00267800000
   7    189.37200000000    -0.00946900000
   8     96.28450000000    -0.02076700000
   9     50.46400000000    -0.05680200000
  10     27.14830000000    -0.07998000000
  11     14.92560000000    -0.16018100000
  12      8.31617000000    -0.16777100000
  13      4.62086000000     0.09808000000
  14      2.51138000000     1.55681500000
  15      1.33091000000    -0.80273700000
  16      0.69041500000    -2.62281500000
  17      0.34320700000     4.02336600000
  18      0.14589600000    -2.75462100000
  19      0.06297100000     0.83256300000
 P 1 
   1      0.02692200000     1.00000000000
 D 11 
   1    298.42400000000     0.00021800000
   2     88.36650000000     0.00203400000
   3     34.05590000000     0.01057400000
   4     14.77990000000     0.03595500000
   5      6.82905000000     0.09350000000
   6      3.31109000000     0.18403700000
   7      1.62861000000     0.26626700000
   8      0.79339300000     0.29958400000
   9      0.37882600000     0.26280300000
  10      0.17586200000     0.16542100000
  11      0.07885800000     0.05803900000
 D 11 
   1    298.42400000000    -0.00023000000
   2     88.36650000000    -0.00215400000
   3     34.05590000000    -0.01123400000
   4     14.77990000000    -0.03854200000
   5      6.82905000000    -0.10277400000
   6      3.31109000000    -0.19816200000
   7      1.62861000000    -0.25182900000
   8      0.79339300000    -0.16122700000
   9      0.37882600000     0.15953800000
  10      0.17586200000     0.45933800000
  11      0.07885800000     0.35836800000
 D 11 
   1    298.42400000000    -0.00035900000
   2     88.36650000000    -0.00335100000
   3     34.05590000000    -0.01770900000
   4     14.77990000000    -0.06148400000
   5      6.82905000000    -0.16964200000
   6      3.31109000000    -0.30660700000
   7      1.62861000000    -0.24998300000
   8      0.79339300000     0.28244400000
   9      0.37882600000     0.67314900000
  10      0.17586200000    -0.07853800000
  11      0.07885800000    -0.58382000000
 D 11 
   1    298.42400000000    -0.00047500000
   2     88.36650000000    -0.00429100000
   3     34.05590000000    -0.02352100000
   4     14.77990000000    -0.08109300000
   5      6.82905000000    -0.24814800000
   6      3.31109000000    -0.37304600000
   7      1.62861000000     0.07381100000
   8      0.79339300000     1.02141900000
   9      0.37882600000    -0.41081800000
  10      0.17586200000    -0.91391100000
  11      0.07885800000     0.70993800000
 D 11 
   1    298.42400000000    -0.00056200000
   2     88.36650000000    -0.00623000000
   3     34.05590000000    -0.02934000000
   4     14.77990000000    -0.12576200000
   5      6.82905000000    -0.33586100000
   6      3.31109000000    -0.41126500000
   7      1.62861000000     1.12302400000
   8      0.79339300000     0.09425100000
   9      0.37882600000    -1.69353400000
  10      0.17586200000     1.69137100000
  11      0.07885800000    -0.38872600000
 D 1 
   1      0.03338200000     1.00000000000
 F 1 
   1      4.69160000000     1.00000000000
 F 1 
   1      1.57910000000     1.00000000000
 F 1 
   1      0.53150000000     1.00000000000
 F 1 
   1      0.17890000000     1.00000000000
 G 1 
   1      3.41950000000     1.00000000000
 G 1 
   1      1.10330000000     1.00000000000
 G 1 
   1      0.35600000000     1.00000000000
 H 1 
   1      2.46090000000     1.00000000000
 H 1 
   1      0.70020000000     1.00000000000
 I 1 
   1      1.57570000000     1.00000000000

CHROMIUM
 S 27 
   1  135540000.00000000000     0.00000007860
   2  24240400.00000000000     0.00000052310
   3  5412270.00000000000     0.00000303090
   4  1447920.00000000000     0.00001388900
   5  448199.00000000000     0.00005386080
   6  155899.00000000000     0.00018262270
   7  59479.60000000000     0.00055863250
   8  24408.10000000000     0.00157629900
   9  10607.00000000000     0.00416993900
  10   4823.08000000000     0.01042776000
  11   2274.08000000000     0.02465857000
  12   1104.54000000000     0.05448660000
  13    550.09900000000     0.10941520000
  14    280.01000000000     0.18933560000
  15    145.33000000000     0.25617240000
  16     76.75510000000     0.22684740000
  17     41.15940000000     0.10557080000
  18     22.34450000000     0.05199165000
  19     12.22930000000     0.09691052000
  20      6.70777000000     0.09468708000
  21      3.65694000000     0.03194821000
  22      1.95978000000     0.00293146900
  23      1.01758000000     0.00021111930
  24      0.51291300000    -0.00001653900
  25      0.19479800000     0.00000426570
  26      0.11096900000     0.00001479580
  27      0.05212300000     0.00002379860
 S 27 
   1  135540000.00000000000    -0.00000004390
   2  24240400.00000000000    -0.00000029230
   3  5412270.00000000000    -0.00000169380
   4  1447920.00000000000    -0.00000776260
   5  448199.00000000000    -0.00003010310
   6  155899.00000000000    -0.00010209410
   7  59479.60000000000    -0.00031240260
   8  24408.10000000000    -0.00088247820
   9  10607.00000000000    -0.00233925800
  10   4823.08000000000    -0.00587770900
  11   2274.08000000000    -0.01402849000
  12   1104.54000000000    -0.03159558000
  13    550.09900000000    -0.06581587000
  14    280.01000000000    -0.12238940000
  15    145.33000000000    -0.19049260000
  16     76.75510000000    -0.21700720000
  17     41.15940000000    -0.11738080000
  18     22.34450000000     0.13208720000
  19     12.22930000000     0.43009990000
  20      6.70777000000     0.42735690000
  21      3.65694000000     0.14412340000
  22      1.95978000000     0.01289772000
  23      1.01758000000    -0.00027265760
  24      0.51291300000    -0.00055542240
  25      0.19479800000    -0.00005978170
  26      0.11096900000     0.00010179090
  27      0.05212300000     0.00009249080
 S 27 
   1  135540000.00000000000     0.00000000930
   2  24240400.00000000000     0.00000006160
   3  5412270.00000000000     0.00000035710
   4  1447920.00000000000     0.00000163710
   5  448199.00000000000     0.00000634630
   6  155899.00000000000     0.00002153700
   7  59479.60000000000     0.00006588560
   8  24408.10000000000     0.00018640460
   9  10607.00000000000     0.00049458620
  10   4823.08000000000     0.00124876200
  11   2274.08000000000     0.00300030200
  12   1104.54000000000     0.00687064100
  13    550.09900000000     0.01470680000
  14    280.01000000000     0.02886345000
  15    145.33000000000     0.04902786000
  16     76.75510000000     0.06391156000
  17     41.15940000000     0.03765591000
  18     22.34450000000    -0.06346137000
  19     12.22930000000    -0.25729920000
  20      6.70777000000    -0.37726400000
  21      3.65694000000    -0.10601930000
  22      1.95978000000     0.39295180000
  23      1.01758000000     0.59597450000
  24      0.51291300000     0.28121880000
  25      0.19479800000     0.02272335000
  26      0.11096900000    -0.00422735600
  27      0.05212300000     0.00348843100
 S 27 
   1  135540000.00000000000    -0.00000000210
   2  24240400.00000000000    -0.00000001400
   3  5412270.00000000000    -0.00000008100
   4  1447920.00000000000    -0.00000037130
   5  448199.00000000000    -0.00000143900
   6  155899.00000000000    -0.00000488440
   7  59479.60000000000    -0.00001493880
   8  24408.10000000000    -0.00004227740
   9  10607.00000000000    -0.00011214050
  10   4823.08000000000    -0.00028326620
  11   2274.08000000000    -0.00068036720
  12   1104.54000000000    -0.00155922300
  13    550.09900000000    -0.00333730400
  14    280.01000000000    -0.00656111300
  15    145.33000000000    -0.01115752000
  16     76.75510000000    -0.01462359000
  17     41.15940000000    -0.00863329800
  18     22.34450000000     0.01464739000
  19     12.22930000000     0.06184511000
  20      6.70777000000     0.09478115000
  21      3.65694000000     0.02513425000
  22      1.95978000000    -0.11648140000
  23      1.01758000000    -0.21399590000
  24      0.51291300000    -0.20999940000
  25      0.19479800000     0.01313418000
  26      0.11096900000     0.40297700000
  27      0.05212300000     0.55749890000
 S 27 
   1  135540000.00000000000    -0.00000000410
   2  24240400.00000000000    -0.00000002740
   3  5412270.00000000000    -0.00000016010
   4  1447920.00000000000    -0.00000072790
   5  448199.00000000000    -0.00000285090
   6  155899.00000000000    -0.00000955290
   7  59479.60000000000    -0.00002968210
   8  24408.10000000000    -0.00008241070
   9  10607.00000000000    -0.00022362030
  10   4823.08000000000    -0.00055010760
  11   2274.08000000000    -0.00136223100
  12   1104.54000000000    -0.00301573600
  13    550.09900000000    -0.00672227400
  14    280.01000000000    -0.01259995000
  15    145.33000000000    -0.02285648000
  16     76.75510000000    -0.02715659000
  17     41.15940000000    -0.02113804000
  18     22.34450000000     0.03721168000
  19     12.22930000000     0.11143590000
  20      6.70777000000     0.23146280000
  21      3.65694000000    -0.00416197300
  22      1.95978000000    -0.24496310000
  23      1.01758000000    -0.73607780000
  24      0.51291300000     0.07004895000
  25      0.19479800000     1.27740300000
  26      0.11096900000     0.39566140000
  27      0.05212300000    -0.67698120000
 S 27 
   1  135540000.00000000000    -0.00000000650
   2  24240400.00000000000    -0.00000004280
   3  5412270.00000000000    -0.00000025080
   4  1447920.00000000000    -0.00000113400
   5  448199.00000000000    -0.00000447070
   6  155899.00000000000    -0.00001486070
   7  59479.60000000000    -0.00004663090
   8  24408.10000000000    -0.00012793150
   9  10607.00000000000    -0.00035210840
  10   4823.08000000000    -0.00085202130
  11   2274.08000000000    -0.00215067800
  12   1104.54000000000    -0.00466065700
  13    550.09900000000    -0.01065980000
  14    280.01000000000    -0.01941515000
  15    145.33000000000    -0.03670850000
  16     76.75510000000    -0.04117897000
  17     41.15940000000    -0.03736427000
  18     22.34450000000     0.06683735000
  19     12.22930000000     0.17633210000
  20      6.70777000000     0.43991910000
  21      3.65694000000    -0.09880462000
  22      1.95978000000    -0.72556680000
  23      1.01758000000    -1.37085000000
  24      0.51291300000     2.22335500000
  25      0.19479800000     1.30855000000
  26      0.11096900000    -2.71490800000
  27      0.05212300000     0.01730143000
 S 27 
   1  135540000.00000000000    -0.00000000810
   2  24240400.00000000000    -0.00000005450
   3  5412270.00000000000    -0.00000030930
   4  1447920.00000000000    -0.00000145290
   5  448199.00000000000    -0.00000546590
   6  155899.00000000000    -0.00001924480
   7  59479.60000000000    -0.00005626570
   8  24408.10000000000    -0.00016813950
   9  10607.00000000000    -0.00041802690
  10   4823.08000000000    -0.00113875100
  11   2274.08000000000    -0.00250953300
  12   1104.54000000000    -0.00635311600
  13    550.09900000000    -0.01215760000
  14    280.01000000000    -0.02751230000
  15    145.33000000000    -0.03944079000
  16     76.75510000000    -0.06872967000
  17     41.15940000000    -0.01402938000
  18     22.34450000000     0.01289964000
  19     12.22930000000     0.42028050000
  20      6.70777000000     0.41542180000
  21      3.65694000000    -0.09602780000
  22      1.95978000000    -2.30563100000
  23      1.01758000000     1.01857500000
  24      0.51291300000     2.87767300000
  25      0.19479800000    -4.93335200000
  26      0.11096900000     2.06267000000
  27      0.05212300000     2.31618400000
 S 27 
   1  135540000.00000000000    -0.00000001000
   2  24240400.00000000000    -0.00000006930
   3  5412270.00000000000    -0.00000038160
   4  1447920.00000000000    -0.00000185800
   5  448199.00000000000    -0.00000668700
   6  155899.00000000000    -0.00002484930
   7  59479.60000000000    -0.00006793020
   8  24408.10000000000    -0.00021993800
   9  10607.00000000000    -0.00049633620
  10   4823.08000000000    -0.00151098300
  11   2274.08000000000    -0.00292673900
  12   1104.54000000000    -0.00857424500
  13    550.09900000000    -0.01384885000
  14    280.01000000000    -0.03834684000
  15    145.33000000000    -0.04190377000
  16     76.75510000000    -0.10709070000
  17     41.15940000000     0.02132387000
  18     22.34450000000    -0.05710773000
  19     12.22930000000     0.77536460000
  20      6.70777000000     0.44210970000
  21      3.65694000000    -0.66064070000
  22      1.95978000000    -4.45259400000
  23      1.01758000000     8.69209400000
  24      0.51291300000    -5.93927900000
  25      0.19479800000    -0.84005720000
  26      0.11096900000     5.71811600000
  27      0.05212300000    -5.79416600000
 S 1 
   1      0.02448900000     1.00000000000
 P 19 
   1  72029.60000000001     0.00000300000
   2  17890.90000000000     0.00002200000
   3   5678.28000000000     0.00013700000
   4   2138.75000000000     0.00064400000
   5    905.85500000000     0.00251100000
   6    415.64500000000     0.00844700000
   7    201.69500000000     0.02486200000
   8    102.04000000000     0.06370500000
   9     53.39550000000     0.13660800000
  10     28.75700000000     0.23210200000
  11     15.85360000000     0.30235700000
  12      8.86385000000     0.26832200000
  13      4.94334000000     0.12884700000
  14      2.69732000000     0.02401400000
  15      1.43643000000    -0.00023600000
  16      0.74851800000    -0.00129100000
  17      0.37331000000    -0.00057300000
  18      0.15771200000    -0.00003300000
  19      0.06748400000    -0.00000700000
 P 19 
   1  72029.60000000001    -0.00000100000
   2  17890.90000000000    -0.00000800000
   3   5678.28000000000    -0.00004700000
   4   2138.75000000000    -0.00022300000
   5    905.85500000000    -0.00087200000
   6    415.64500000000    -0.00294700000
   7    201.69500000000    -0.00877100000
   8    102.04000000000    -0.02291400000
   9     53.39550000000    -0.05066700000
  10     28.75700000000    -0.08911600000
  11     15.85360000000    -0.12231200000
  12      8.86385000000    -0.10678800000
  13      4.94334000000     0.03261800000
  14      2.69732000000     0.26160900000
  15      1.43643000000     0.40133600000
  16      0.74851800000     0.32725100000
  17      0.37331000000     0.11954400000
  18      0.15771200000     0.01051000000
  19      0.06748400000     0.00029300000
 P 18 
   1  17890.90000000000    -0.00000200000
   2   5678.28000000000    -0.00001100000
   3   2138.75000000000    -0.00005200000
   4    905.85500000000    -0.00020700000
   5    415.64500000000    -0.00069300000
   6    201.69500000000    -0.00208200000
   7    102.04000000000    -0.00540500000
   8     53.39550000000    -0.01209400000
   9     28.75700000000    -0.02109800000
  10     15.85360000000    -0.02969800000
  11      8.86385000000    -0.02504700000
  12      4.94334000000     0.01028200000
  13      2.69732000000     0.07688800000
  14      1.43643000000     0.11732200000
  15      0.74851800000     0.11632800000
  16      0.37331000000    -0.04505200000
  17      0.15771200000    -0.37246100000
  18      0.06748400000    -0.52076200000
 P 18 
   1  17890.90000000000     0.00000200000
   2   5678.28000000000     0.00001400000
   3   2138.75000000000     0.00006700000
   4    905.85500000000     0.00026200000
   5    415.64500000000     0.00088100000
   6    201.69500000000     0.00263500000
   7    102.04000000000     0.00685900000
   8     53.39550000000     0.01528100000
   9     28.75700000000     0.02680000000
  10     15.85360000000     0.03746900000
  11      8.86385000000     0.03225800000
  12      4.94334000000    -0.01241600000
  13      2.69732000000    -0.09434200000
  14      1.43643000000    -0.14794500000
  15      0.74851800000    -0.15957400000
  16      0.37331000000     0.04226400000
  17      0.15771200000     0.60088000000
  18      0.06748400000     0.45371200000
 P 19 
   1  72029.60000000001     0.00000100000
   2  17890.90000000000     0.00000500000
   3   5678.28000000000     0.00003100000
   4   2138.75000000000     0.00013500000
   5    905.85500000000     0.00057200000
   6    415.64500000000     0.00179200000
   7    201.69500000000     0.00575500000
   8    102.04000000000     0.01392100000
   9     53.39550000000     0.03366000000
  10     28.75700000000     0.05334000000
  11     15.85360000000     0.08832400000
  12      8.86385000000     0.06067200000
  13      4.94334000000    -0.00551300000
  14      2.69732000000    -0.29938000000
  15      1.43643000000    -0.40219200000
  16      0.74851800000    -0.19270600000
  17      0.37331000000     1.23940700000
  18      0.15771200000     0.14422600000
  19      0.06748400000    -0.83078400000
 P 19 
   1  72029.60000000001     0.00000100000
   2  17890.90000000000     0.00000700000
   3   5678.28000000000     0.00003500000
   4   2138.75000000000     0.00020200000
   5    905.85500000000     0.00064600000
   6    415.64500000000     0.00266500000
   7    201.69500000000     0.00649300000
   8    102.04000000000     0.02087300000
   9     53.39550000000     0.03669200000
  10     28.75700000000     0.08631300000
  11     15.85360000000     0.08250400000
  12      8.86385000000     0.18304000000
  13      4.94334000000    -0.15243000000
  14      2.69732000000    -0.49893300000
  15      1.43643000000    -0.90109300000
  16      0.74851800000     1.93113900000
  17      0.37331000000    -0.00828700000
  18      0.15771200000    -1.72523100000
  19      0.06748400000     1.14311000000
 P 19 
   1  72029.60000000001    -0.00000100000
   2  17890.90000000000    -0.00000700000
   3   5678.28000000000    -0.00005900000
   4   2138.75000000000    -0.00021500000
   5    905.85500000000    -0.00107500000
   6    415.64500000000    -0.00287100000
   7    201.69500000000    -0.01088500000
   8    102.04000000000    -0.02240700000
   9     53.39550000000    -0.06552500000
  10     28.75700000000    -0.08171900000
  11     15.85360000000    -0.19398500000
  12      8.86385000000    -0.14169500000
  13      4.94334000000     0.20815800000
  14      2.69732000000     1.64884300000
  15      1.43643000000    -1.44621800000
  16      0.74851800000    -1.84629100000
  17      0.37331000000     3.63581200000
  18      0.15771200000    -2.74496900000
  19      0.06748400000     0.96095300000
 P 1 
   1      0.02859500000     1.00000000000
 D 11 
   1    384.32400000000     0.00016600000
   2    115.62100000000     0.00153300000
   3     44.84780000000     0.00827300000
   4     19.61290000000     0.02962800000
   5      9.10083000000     0.08043200000
   6      4.41832000000     0.16825500000
   7      2.18287000000     0.25734700000
   8      1.06840000000     0.30130100000
   9      0.51062400000     0.27543000000
  10      0.23514100000     0.18207700000
  11      0.10283600000     0.06753400000
 D 11 
   1    384.32400000000    -0.00018700000
   2    115.62100000000    -0.00173600000
   3     44.84780000000    -0.00942500000
   4     19.61290000000    -0.03396900000
   5      9.10083000000    -0.09496200000
   6      4.41832000000    -0.19721300000
   7      2.18287000000    -0.26396800000
   8      1.06840000000    -0.17712200000
   9      0.51062400000     0.13880500000
  10      0.23514100000     0.45263300000
  11      0.10283600000     0.37420400000
 D 11 
   1    384.32400000000    -0.00027000000
   2    115.62100000000    -0.00249100000
   3     44.84780000000    -0.01369000000
   4     19.61290000000    -0.04975200000
   5      9.10083000000    -0.14459600000
   6      4.41832000000    -0.29220800000
   7      2.18287000000    -0.27746900000
   8      1.06840000000     0.20577000000
   9      0.51062400000     0.68688000000
  10      0.23514100000     0.00680000000
  11      0.10283600000    -0.63149300000
 D 11 
   1    384.32400000000    -0.00039800000
   2    115.62100000000    -0.00348800000
   3     44.84780000000    -0.02024800000
   4     19.61290000000    -0.07195400000
   5      9.10083000000    -0.23625800000
   6      4.41832000000    -0.40940400000
   7      2.18287000000     0.01674000000
   8      1.06840000000     1.00703200000
   9      0.51062400000    -0.24229000000
  10      0.23514100000    -1.00462300000
  11      0.10283600000     0.69095800000
 D 11 
   1    384.32400000000     0.00045300000
   2    115.62100000000     0.00485300000
   3     44.84780000000     0.02415500000
   4     19.61290000000     0.10546700000
   5      9.10083000000     0.32381400000
   6      4.41832000000     0.45422100000
   7      2.18287000000    -1.00937000000
   8      1.06840000000    -0.34284100000
   9      0.51062400000     1.83029700000
  10      0.23514100000    -1.63169900000
  11      0.10283600000     0.30245000000
 D 1 
   1      0.04142500000     1.00000000000
 F 1 
   1      5.62360000000     1.00000000000
 F 1 
   1      1.90390000000     1.00000000000
 F 1 
   1      0.64450000000     1.00000000000
 F 1 
   1      0.21820000000     1.00000000000
 G 1 
   1      4.11210000000     1.00000000000
 G 1 
   1      1.33250000000     1.00000000000
 G 1 
   1      0.43180000000     1.00000000000
 H 1 
   1      3.00670000000     1.00000000000
 H 1 
   1      0.87700000000     1.00000000000
 I 1 
   1      2.11310000000     1.00000000000

MANGANESE
 S 27 
   1  137766000.00000000000     0.00000008840
   2  24564000.00000000000     0.00000059060
   3  5479990.00000000000     0.00000342130
   4  1466640.00000000000     0.00001566040
   5  454421.00000000000     0.00006063850
   6  158216.00000000000     0.00020536630
   7  60404.30000000000     0.00062781800
   8  24793.60000000000     0.00177153400
   9  10772.30000000000     0.00468768200
  10   4895.54000000000     0.01172341000
  11   2306.56000000000     0.02769121000
  12   1119.56000000000     0.06096465000
  13    557.38100000000     0.12139850000
  14    283.77800000000     0.20672360000
  15    147.43600000000     0.27165520000
  16     78.02270000000     0.22962620000
  17     41.96790000000     0.09993531000
  18     22.87780000000     0.04335678000
  19     12.58450000000     0.07097637000
  20      6.94170000000     0.06195771000
  21      3.80629000000     0.01878693000
  22      2.05031000000     0.00145571100
  23      1.06838000000    -0.00005045610
  24      0.53660600000    -0.00008380840
  25      0.18326000000    -0.00000097760
  26      0.10529700000     0.00000977950
  27      0.05146400000     0.00001146030
 S 27 
   1  137766000.00000000000    -0.00000004220
   2  24564000.00000000000    -0.00000028170
   3  5479990.00000000000    -0.00000163220
   4  1466640.00000000000    -0.00000747130
   5  454421.00000000000    -0.00002893180
   6  158216.00000000000    -0.00009800410
   7  60404.30000000000    -0.00029975480
   8  24793.60000000000    -0.00084681210
   9  10772.30000000000    -0.00224652300
  10   4895.54000000000    -0.00564900800
  11   2306.56000000000    -0.01349329000
  12   1119.56000000000    -0.03037651000
  13    557.38100000000    -0.06317168000
  14    283.77800000000    -0.11695860000
  15    147.43600000000    -0.18049170000
  16     78.02270000000    -0.19995690000
  17     41.96790000000    -0.09135649000
  18     22.87780000000     0.17052240000
  19     12.58450000000     0.45629840000
  20      6.94170000000     0.40581340000
  21      3.80629000000     0.12282050000
  22      2.05031000000     0.00902045800
  23      1.06838000000    -0.00182543600
  24      0.53660600000    -0.00109326200
  25      0.18326000000    -0.00008298620
  26      0.10529700000     0.00010531720
  27      0.05146400000     0.00005625670
 S 27 
   1  137766000.00000000000     0.00000001020
   2  24564000.00000000000     0.00000006780
   3  5479990.00000000000     0.00000039290
   4  1466640.00000000000     0.00000179890
   5  454421.00000000000     0.00000696360
   6  158216.00000000000     0.00002360280
   7  60404.30000000000     0.00007217250
   8  24793.60000000000     0.00020418350
   9  10772.30000000000     0.00054211830
  10   4895.54000000000     0.00136924100
  11   2306.56000000000     0.00329000500
  12   1119.56000000000     0.00751881200
  13    557.38100000000     0.01602116000
  14    283.77800000000     0.03113189000
  15    147.43600000000     0.05187931000
  16     78.02270000000     0.06455440000
  17     41.96790000000     0.03109453000
  18     22.87780000000    -0.08134397000
  19     12.58450000000    -0.28308470000
  20      6.94170000000    -0.36832820000
  21      3.80629000000    -0.05599023000
  22      2.05031000000     0.42855090000
  23      1.06838000000     0.58196230000
  24      0.53660600000     0.24960800000
  25      0.18326000000     0.01728022000
  26      0.10529700000    -0.00479503100
  27      0.05146400000     0.00344043300
 S 27 
   1  137766000.00000000000    -0.00000000220
   2  24564000.00000000000    -0.00000001500
   3  5479990.00000000000    -0.00000008690
   4  1466640.00000000000    -0.00000039800
   5  454421.00000000000    -0.00000154060
   6  158216.00000000000    -0.00000522250
   7  60404.30000000000    -0.00001596670
   8  24793.60000000000    -0.00004518130
   9  10772.30000000000    -0.00011993360
  10   4895.54000000000    -0.00030302470
  11   2306.56000000000    -0.00072796950
  12   1119.56000000000    -0.00166473900
  13    557.38100000000    -0.00354763100
  14    283.77800000000    -0.00690479000
  15    147.43600000000    -0.01152342000
  16     78.02270000000    -0.01441381000
  17     41.96790000000    -0.00696178300
  18     22.87780000000     0.01838929000
  19     12.58450000000     0.06658310000
  20      6.94170000000     0.09026754000
  21      3.80629000000     0.01114062000
  22      2.05031000000    -0.12327790000
  23      1.06838000000    -0.20945920000
  24      0.53660600000    -0.19251290000
  25      0.18326000000     0.07524310000
  26      0.10529700000     0.40964570000
  27      0.05146400000     0.51388810000
 S 27 
   1  137766000.00000000000    -0.00000000450
   2  24564000.00000000000    -0.00000003000
   3  5479990.00000000000    -0.00000017580
   4  1466640.00000000000    -0.00000079480
   5  454421.00000000000    -0.00000312560
   6  158216.00000000000    -0.00001039020
   7  60404.30000000000    -0.00003253640
   8  24793.60000000000    -0.00008943430
   9  10772.30000000000    -0.00024571640
  10   4895.54000000000    -0.00059641970
  11   2306.56000000000    -0.00150046100
  12   1119.56000000000    -0.00325520900
  13    557.38100000000    -0.00737962300
  14    283.77800000000    -0.01333239000
  15    147.43600000000    -0.02461735000
  16     78.02270000000    -0.02607861000
  17     41.96790000000    -0.02088826000
  18     22.87780000000     0.05123107000
  19     12.58450000000     0.11302950000
  20      6.94170000000     0.24667710000
  21      3.80629000000    -0.06508546000
  22      2.05031000000    -0.23244030000
  23      1.06838000000    -0.78846860000
  24      0.53660600000     0.25712500000
  25      0.18326000000     1.47350000000
  26      0.10529700000    -0.01641997000
  27      0.05146400000    -0.61767940000
 S 27 
   1  137766000.00000000000    -0.00000000710
   2  24564000.00000000000    -0.00000004720
   3  5479990.00000000000    -0.00000027740
   4  1466640.00000000000    -0.00000124810
   5  454421.00000000000    -0.00000493670
   6  158216.00000000000    -0.00001629370
   7  60404.30000000000    -0.00005147110
   8  24793.60000000000    -0.00013998720
   9  10772.30000000000    -0.00038948820
  10   4895.54000000000    -0.00093167010
  11   2306.56000000000    -0.00238412600
  12   1119.56000000000    -0.00507525100
  13    557.38100000000    -0.01177533000
  14    283.77800000000    -0.02073168000
  15    147.43600000000    -0.03978041000
  16     78.02270000000    -0.03983610000
  17     41.96790000000    -0.03723219000
  18     22.87780000000     0.09006454000
  19     12.58450000000     0.18339790000
  20      6.94170000000     0.46764770000
  21      3.80629000000    -0.21282830000
  22      2.05031000000    -0.76803240000
  23      1.06838000000    -1.24961700000
  24      0.53660600000     2.41279700000
  25      0.18326000000     0.72277950000
  26      0.10529700000    -2.52184300000
  27      0.05146400000     0.33025030000
 S 27 
   1  137766000.00000000000     0.00000000890
   2  24564000.00000000000     0.00000006110
   3  5479990.00000000000     0.00000034410
   4  1466640.00000000000     0.00000162960
   5  454421.00000000000     0.00000605260
   6  158216.00000000000     0.00002158210
   7  60404.30000000000     0.00006199580
   8  24793.60000000000     0.00018909310
   9  10772.30000000000     0.00045904060
  10   4895.54000000000     0.00128660100
  11   2306.56000000000     0.00274442900
  12   1119.56000000000     0.00719722500
  13    557.38100000000     0.01311149000
  14    283.77800000000     0.03103962000
  15    147.43600000000     0.04028608000
  16     78.02270000000     0.07611996000
  17     41.96790000000    -0.00392903900
  18     22.87780000000    -0.00821230800
  19     12.58450000000    -0.50820190000
  20      6.94170000000    -0.33434520000
  21      3.80629000000     0.08969441000
  22      2.05031000000     2.78847200000
  23      1.06838000000    -2.23870700000
  24      0.53660600000    -1.62151400000
  25      0.18326000000     5.05022600000
  26      0.10529700000    -3.45804000000
  27      0.05146400000    -1.28506800000
 S 27 
   1  137766000.00000000000    -0.00000001070
   2  24564000.00000000000    -0.00000007320
   3  5479990.00000000000    -0.00000040960
   4  1466640.00000000000    -0.00000195300
   5  454421.00000000000    -0.00000719260
   6  158216.00000000000    -0.00002591350
   7  60404.30000000000    -0.00007349070
   8  24793.60000000000    -0.00022762350
   9  10772.30000000000    -0.00054252680
  10   4895.54000000000    -0.00155347300
  11   2306.56000000000    -0.00323532100
  12   1119.56000000000    -0.00872868800
  13    557.38100000000    -0.01543349000
  14    283.77800000000    -0.03803991000
  15    147.43600000000    -0.04719394000
  16     78.02270000000    -0.09654593000
  17     41.96790000000     0.01102053000
  18     22.87780000000     0.00226864300
  19     12.58450000000     0.72357140000
  20      6.94170000000     0.62842620000
  21      3.80629000000    -1.38687300000
  22      2.05031000000    -3.61823000000
  23      1.06838000000     8.74722400000
  24      0.53660600000    -6.94469300000
  25      0.18326000000     1.92040400000
  26      0.10529700000     2.76732400000
  27      0.05146400000    -4.80341800000
 S 1 
   1      0.02467800000     1.00000000000
 P 19 
   1  79296.80000000000     0.00000300000
   2  19317.10000000000     0.00002300000
   3   6114.10000000000     0.00014000000
   4   2316.26000000000     0.00064900000
   5    989.69000000000     0.00249000000
   6    457.94200000000     0.00827800000
   7    223.64200000000     0.02425600000
   8    113.59400000000     0.06226300000
   9     59.56210000000     0.13442500000
  10     32.10720000000     0.23054600000
  11     17.71030000000     0.30280200000
  12      9.90621000000     0.27092900000
  13      5.52243000000     0.13112400000
  14      3.00832000000     0.02387600000
  15      1.59873000000    -0.00133300000
  16      0.83086800000    -0.00220100000
  17      0.41353800000    -0.00089200000
  18      0.17110800000    -0.00005800000
  19      0.07216600000    -0.00000600000
 P 19 
   1  79296.80000000000    -0.00000100000
   2  19317.10000000000    -0.00000800000
   3   6114.10000000000    -0.00004900000
   4   2316.26000000000    -0.00022600000
   5    989.69000000000    -0.00086700000
   6    457.94200000000    -0.00289900000
   7    223.64200000000    -0.00858800000
   8    113.59400000000    -0.02248100000
   9     59.56210000000    -0.05006300000
  10     32.10720000000    -0.08900500000
  11     17.71030000000    -0.12315600000
  12      9.90621000000    -0.10813300000
  13      5.52243000000     0.03309100000
  14      3.00832000000     0.26491600000
  15      1.59873000000     0.40348300000
  16      0.83086800000     0.32485400000
  17      0.41353800000     0.11743000000
  18      0.17110800000     0.01011600000
  19      0.07216600000     0.00013900000
 P 18 
   1  19317.10000000000    -0.00000200000
   2   6114.10000000000    -0.00001100000
   3   2316.26000000000    -0.00005200000
   4    989.69000000000    -0.00020100000
   5    457.94200000000    -0.00066400000
   6    223.64200000000    -0.00198900000
   7    113.59400000000    -0.00516300000
   8     59.56210000000    -0.01165300000
   9     32.10720000000    -0.02049900000
  10     17.71030000000    -0.02915100000
  11      9.90621000000    -0.02461500000
  12      5.52243000000     0.00971500000
  13      3.00832000000     0.07544100000
  14      1.59873000000     0.11320400000
  15      0.83086800000     0.11177600000
  16      0.41353800000    -0.04406900000
  17      0.17110800000    -0.36632400000
  18      0.07216600000    -0.52175000000
 P 18 
   1  19317.10000000000     0.00000200000
   2   6114.10000000000     0.00001500000
   3   2316.26000000000     0.00006900000
   4    989.69000000000     0.00026800000
   5    457.94200000000     0.00088700000
   6    223.64200000000     0.00265100000
   7    113.59400000000     0.00688700000
   8     59.56210000000     0.01551800000
   9     32.10720000000     0.02735900000
  10     17.71030000000     0.03886200000
  11      9.90621000000     0.03312400000
  12      5.52243000000    -0.01232200000
  13      3.00832000000    -0.09938200000
  14      1.59873000000    -0.15210700000
  15      0.83086800000    -0.15643100000
  16      0.41353800000     0.06500500000
  17      0.17110800000     0.60602000000
  18      0.07216600000     0.43660300000
 P 19 
   1  79296.80000000000     0.00000100000
   2  19317.10000000000     0.00000500000
   3   6114.10000000000     0.00003400000
   4   2316.26000000000     0.00014300000
   5    989.69000000000     0.00059800000
   6    457.94200000000     0.00183600000
   7    223.64200000000     0.00592600000
   8    113.59400000000     0.01424700000
   9     59.56210000000     0.03496600000
  10     32.10720000000     0.05553900000
  11     17.71030000000     0.09322800000
  12      9.90621000000     0.06374800000
  13      5.52243000000    -0.00482000000
  14      3.00832000000    -0.33139600000
  15      1.59873000000    -0.40860800000
  16      0.83086800000    -0.12063200000
  17      0.41353800000     1.21305300000
  18      0.17110800000     0.08342200000
  19      0.07216600000    -0.79845700000
 P 19 
   1  79296.80000000000     0.00000100000
   2  19317.10000000000     0.00000800000
   3   6114.10000000000     0.00003800000
   4   2316.26000000000     0.00021800000
   5    989.69000000000     0.00068700000
   6    457.94200000000     0.00280500000
   7    223.64200000000     0.00681900000
   8    113.59400000000     0.02191700000
   9     59.56210000000     0.03917300000
  10     32.10720000000     0.09167300000
  11     17.71030000000     0.08898900000
  12      9.90621000000     0.19384300000
  13      5.52243000000    -0.16709100000
  14      3.00832000000    -0.60300800000
  15      1.59873000000    -0.74698000000
  16      0.83086800000     1.98646500000
  17      0.41353800000    -0.26403700000
  18      0.17110800000    -1.52782000000
  19      0.07216600000     1.11027700000
 P 19 
   1  79296.80000000000    -0.00000100000
   2  19317.10000000000    -0.00000900000
   3   6114.10000000000    -0.00006100000
   4   2316.26000000000    -0.00025800000
   5    989.69000000000    -0.00109000000
   6    457.94200000000    -0.00333600000
   7    223.64200000000    -0.01087900000
   8    113.59400000000    -0.02621700000
   9     59.56210000000    -0.06514200000
  10     32.10720000000    -0.10365900000
  11     17.71030000000    -0.17981500000
  12      9.90621000000    -0.23721200000
  13      5.52243000000     0.42893300000
  14      3.00832000000     1.71594500000
  15      1.59873000000    -2.18894300000
  16      0.83086800000    -0.78860700000
  17      0.41353800000     2.90455000000
  18      0.17110800000    -2.49753800000
  19      0.07216600000     0.99691600000
 P 1 
   1      0.03016500000     1.00000000000
 D 11 
   1    435.10000000000     0.00016400000
   2    130.98200000000     0.00152200000
   3     50.88160000000     0.00827300000
   4     22.30080000000     0.03000900000
   5     10.35520000000     0.08258000000
   6      5.01521000000     0.17357700000
   7      2.46793000000     0.26265100000
   8      1.20369000000     0.29847900000
   9      0.57415200000     0.26568100000
  10      0.26411400000     0.18028300000
  11      0.11512800000     0.07661300000
 D 11 
   1    435.10000000000    -0.00016700000
   2    130.98200000000    -0.00155200000
   3     50.88160000000    -0.00846500000
   4     22.30080000000    -0.03087900000
   5     10.35520000000    -0.08697400000
   6      5.01521000000    -0.18389900000
   7      2.46793000000    -0.25233400000
   8      1.20369000000    -0.17052400000
   9      0.57415200000     0.12263300000
  10      0.26411400000     0.42165700000
  11      0.11512800000     0.40694800000
 D 11 
   1    435.10000000000    -0.00026400000
   2    130.98200000000    -0.00246500000
   3     50.88160000000    -0.01357900000
   4     22.30080000000    -0.05013400000
   5     10.35520000000    -0.14705700000
   6      5.01521000000    -0.30056800000
   7      2.46793000000    -0.27473400000
   8      1.20369000000     0.19953700000
   9      0.57415200000     0.63042400000
  10      0.26411400000     0.09364800000
  11      0.11512800000    -0.57803200000
 D 11 
   1    435.10000000000    -0.00033500000
   2    130.98200000000    -0.00311700000
   3     50.88160000000    -0.01735100000
   4     22.30080000000    -0.06442800000
   5     10.35520000000    -0.20319700000
   6      5.01521000000    -0.41226300000
   7      2.46793000000    -0.01044800000
   8      1.20369000000     0.93830600000
   9      0.57415200000    -0.10671800000
  10      0.26411400000    -0.98153400000
  11      0.11512800000     0.46371500000
 D 11 
   1    435.10000000000     0.00042800000
   2    130.98200000000     0.00406500000
   3     50.88160000000     0.02248000000
   4     22.30080000000     0.08819600000
   5     10.35520000000     0.30152300000
   6      5.01521000000     0.45487600000
   7      2.46793000000    -0.85627400000
   8      1.20369000000    -0.48544700000
   9      0.57415200000     1.60970400000
  10      0.26411400000    -1.00020500000
  11      0.11512800000    -0.34515600000
 D 1 
   1      0.04608200000     1.00000000000
 F 1 
   1      6.56010000000     1.00000000000
 F 1 
   1      2.24900000000     1.00000000000
 F 1 
   1      0.77100000000     1.00000000000
 F 1 
   1      0.26430000000     1.00000000000
 G 1 
   1      4.93720000000     1.00000000000
 G 1 
   1      1.63300000000     1.00000000000
 G 1 
   1      0.54010000000     1.00000000000
 H 1 
   1      3.58890000000     1.00000000000
 H 1 
   1      1.07930000000     1.00000000000
 I 1 
   1      2.60520000000     1.00000000000

IRON
 S 27 
   1  149769000.00000000000     0.00000008660
   2  26722500.00000000000     0.00000057790
   3  5959000.00000000000     0.00000335160
   4  1593610.00000000000     0.00001535770
   5  493464.00000000000     0.00005949690
   6  171790.00000000000     0.00020141520
   7  65620.89999999999     0.00061490370
   8  26965.60000000000     0.00173132100
   9  11735.30000000000     0.00456936800
  10   5343.43000000000     0.01139791000
  11   2522.50000000000     0.02686784000
  12   1226.43000000000     0.05910762000
  13    611.26900000000     0.11784260000
  14    311.30800000000     0.20137620000
  15    161.62400000000     0.26607740000
  16     85.37670000000     0.22598620000
  17     45.79110000000     0.09893890000
  18     24.86770000000     0.04932559000
  19     13.62020000000     0.08604376000
  20      7.48106000000     0.07322462000
  21      4.08817000000     0.02117450000
  22      2.19905000000     0.00162314300
  23      1.14815000000     0.00000119720
  24      0.57726500000    -0.00005963670
  25      0.19763500000    -0.00000079820
  26      0.10898600000     0.00000966470
  27      0.05321600000     0.00000913220
 S 27 
   1  149769000.00000000000    -0.00000004470
   2  26722500.00000000000    -0.00000029820
   3  5959000.00000000000    -0.00000172930
   4  1593610.00000000000    -0.00000792390
   5  493464.00000000000    -0.00003070040
   6  171790.00000000000    -0.00010394950
   7  65620.89999999999    -0.00031750450
   8  26965.60000000000    -0.00089494870
   9  11735.30000000000    -0.00236781200
  10   5343.43000000000    -0.00593692600
  11   2522.50000000000    -0.01414486000
  12   1226.43000000000    -0.03178413000
  13    611.26900000000    -0.06604630000
  14    311.30800000000    -0.12227030000
  15    161.62400000000    -0.18869200000
  16     85.37670000000    -0.20909700000
  17     45.79110000000    -0.09698896000
  18     24.86770000000     0.17319160000
  19     13.62020000000     0.46247720000
  20      7.48106000000     0.39983400000
  21      4.08817000000     0.11524080000
  22      2.19905000000     0.00840874700
  23      1.14815000000    -0.00129691000
  24      0.57726500000    -0.00075502380
  25      0.19763500000    -0.00006907420
  26      0.10898600000     0.00008777600
  27      0.05321600000     0.00003250700
 S 27 
   1  149769000.00000000000     0.00000001030
   2  26722500.00000000000     0.00000006850
   3  5959000.00000000000     0.00000039700
   4  1593610.00000000000     0.00000181970
   5  493464.00000000000     0.00000704770
   6  171790.00000000000     0.00002387770
   7  65620.89999999999     0.00007291470
   8  26965.60000000000     0.00020583920
   9  11735.30000000000     0.00054510350
  10   5343.43000000000     0.00137327800
  11   2522.50000000000     0.00329311700
  12   1226.43000000000     0.00752074600
  13    611.26900000000     0.01604652000
  14    311.30800000000     0.03130265000
  15    161.62400000000     0.05252865000
  16     85.37670000000     0.06605295000
  17     45.79110000000     0.03249377000
  18     24.86770000000    -0.08476809000
  19     13.62020000000    -0.29501800000
  20      7.48106000000    -0.37095470000
  21      4.08817000000    -0.03464813000
  22      2.19905000000     0.44624860000
  23      1.14815000000     0.57175860000
  24      0.57726500000     0.23486780000
  25      0.19763500000     0.01506233000
  26      0.10898600000    -0.00343733900
  27      0.05321600000     0.00325418800
 S 27 
   1  149769000.00000000000    -0.00000000220
   2  26722500.00000000000    -0.00000001480
   3  5959000.00000000000    -0.00000008580
   4  1593610.00000000000    -0.00000039350
   5  493464.00000000000    -0.00000152390
   6  171790.00000000000    -0.00000516380
   7  65620.89999999999    -0.00001576560
   8  26965.60000000000    -0.00004451790
   9  11735.30000000000    -0.00011786200
  10   5343.43000000000    -0.00029705060
  11   2522.50000000000    -0.00071215000
  12   1226.43000000000    -0.00162757800
  13    611.26900000000    -0.00347281300
  14    311.30800000000    -0.00678638700
  15    161.62400000000    -0.01140447000
  16     85.37670000000    -0.01442020000
  17     45.79110000000    -0.00711219900
  18     24.86770000000     0.01875196000
  19     13.62020000000     0.06800067000
  20      7.48106000000     0.08897549000
  21      4.08817000000     0.00537566500
  22      2.19905000000    -0.12624550000
  23      1.14815000000    -0.20477760000
  24      0.57726500000    -0.18133730000
  25      0.19763500000     0.08926755000
  26      0.10898600000     0.41523510000
  27      0.05321600000     0.49804810000
 S 27 
   1  149769000.00000000000    -0.00000000440
   2  26722500.00000000000    -0.00000002930
   3  5959000.00000000000    -0.00000017170
   4  1593610.00000000000    -0.00000077730
   5  493464.00000000000    -0.00000305600
   6  171790.00000000000    -0.00001016450
   7  65620.89999999999    -0.00003175110
   8  26965.60000000000    -0.00008719810
   9  11735.30000000000    -0.00023862280
  10   5343.43000000000    -0.00057862080
  11   2522.50000000000    -0.00145024300
  12   1226.43000000000    -0.00315086200
  13    611.26900000000    -0.00713263400
  14    311.30800000000    -0.01299059000
  15    161.62400000000    -0.02399757000
  16     85.37670000000    -0.02606463000
  17     45.79110000000    -0.02037216000
  18     24.86770000000     0.05015681000
  19     13.62020000000     0.11719660000
  20      7.48106000000     0.23763840000
  21      4.08817000000    -0.07287353000
  22      2.19905000000    -0.24958890000
  23      1.14815000000    -0.73172220000
  24      0.57726500000     0.25624260000
  25      0.19763500000     1.35606100000
  26      0.10898600000     0.05874061000
  27      0.05321600000    -0.56239170000
 S 27 
   1  149769000.00000000000    -0.00000000730
   2  26722500.00000000000    -0.00000004820
   3  5959000.00000000000    -0.00000028390
   4  1593610.00000000000    -0.00000127830
   5  493464.00000000000    -0.00000506070
   6  171790.00000000000    -0.00001668750
   7  65620.89999999999    -0.00005268050
   8  26965.60000000000    -0.00014282690
   9  11735.30000000000    -0.00039688420
  10   5343.43000000000    -0.00094534970
  11   2522.50000000000    -0.00241901700
  12   1226.43000000000    -0.00513498100
  13    611.26900000000    -0.01195244000
  14    311.30800000000    -0.02109359000
  15    161.62400000000    -0.04075824000
  16     85.37670000000    -0.04137104000
  17     45.79110000000    -0.03873370000
  18     24.86770000000     0.09345579000
  19     13.62020000000     0.19220050000
  20      7.48106000000     0.48980340000
  21      4.08817000000    -0.24208920000
  22      2.19905000000    -0.87646170000
  23      1.14815000000    -1.07445200000
  24      0.57726500000     2.35177300000
  25      0.19763500000     0.52404340000
  26      0.10898600000    -2.25172600000
  27      0.05321600000     0.26958950000
 S 27 
   1  149769000.00000000000     0.00000000900
   2  26722500.00000000000     0.00000006110
   3  5959000.00000000000     0.00000034760
   4  1593610.00000000000     0.00000162890
   5  493464.00000000000     0.00000613970
   6  171790.00000000000     0.00002150850
   7  65620.89999999999     0.00006302970
   8  26965.60000000000     0.00018703180
   9  11735.30000000000     0.00046676230
  10   5343.43000000000     0.00126039800
  11   2522.50000000000     0.00279365800
  12   1226.43000000000     0.00699293000
  13    611.26900000000     0.01347323000
  14    311.30800000000     0.02996288000
  15    161.62400000000     0.04304064000
  16     85.37670000000     0.07114008000
  17     45.79110000000     0.00991124000
  18     24.86770000000    -0.03635768000
  19     13.62020000000    -0.44357270000
  20      7.48106000000    -0.51596470000
  21      4.08817000000     0.32765210000
  22      2.19905000000     2.90036300000
  23      1.14815000000    -2.83822300000
  24      0.57726500000    -1.04305900000
  25      0.19763500000     4.53166500000
  26      0.10898600000    -3.26996200000
  27      0.05321600000    -1.02606100000
 S 27 
   1  149769000.00000000000    -0.00000001050
   2  26722500.00000000000    -0.00000007060
   3  5959000.00000000000    -0.00000040800
   4  1593610.00000000000    -0.00000187650
   5  493464.00000000000    -0.00000723710
   6  171790.00000000000    -0.00002464970
   7  65620.89999999999    -0.00007478960
   8  26965.60000000000    -0.00021282810
   9  11735.30000000000    -0.00055852570
  10   5343.43000000000    -0.00142342000
  11   2522.50000000000    -0.00337547600
  12   1226.43000000000    -0.00783812400
  13    611.26900000000    -0.01654157000
  14    311.30800000000    -0.03319364000
  15    161.62400000000    -0.05533150000
  16     85.37670000000    -0.07431718000
  17     45.79110000000    -0.03576261000
  18     24.86770000000     0.09555264000
  19     13.62020000000     0.49204630000
  20      7.48106000000     1.20923900000
  21      4.08817000000    -2.53310600000
  22      2.19905000000    -2.32771900000
  23      1.14815000000     8.19541700000
  24      0.57726500000    -7.24488100000
  25      0.19763500000     3.12924600000
  26      0.10898600000     1.16136200000
  27      0.05321600000    -3.87582400000
 S 1 
   1      0.02557100000     1.00000000000
 P 19 
   1  86947.30000000000     0.00000200000
   2  21254.00000000000     0.00002200000
   3   6741.14000000000     0.00013700000
   4   2557.16000000000     0.00063300000
   5   1093.51000000000     0.00242800000
   6    506.16100000000     0.00808800000
   7    247.13900000000     0.02380100000
   8    125.41500000000     0.06149000000
   9     65.65120000000     0.13389600000
  10     35.30790000000     0.23159000000
  11     19.42600000000     0.30516400000
  12     10.84380000000     0.27096100000
  13      6.04359000000     0.12908500000
  14      3.30245000000     0.02343200000
  15      1.76389000000    -0.00091200000
  16      0.92138600000    -0.00188000000
  17      0.46037300000    -0.00077400000
  18      0.18361300000    -0.00005000000
  19      0.07585700000    -0.00000200000
 P 19 
   1  86947.30000000000    -0.00000100000
   2  21254.00000000000    -0.00000800000
   3   6741.14000000000    -0.00004800000
   4   2557.16000000000    -0.00022300000
   5   1093.51000000000    -0.00085800000
   6    506.16100000000    -0.00287400000
   7    247.13900000000    -0.00854900000
   8    125.41500000000    -0.02252800000
   9     65.65120000000    -0.05061200000
  10     35.30790000000    -0.09085300000
  11     19.42600000000    -0.12616700000
  12     10.84380000000    -0.10878300000
  13      6.04359000000     0.03801400000
  14      3.30245000000     0.26860100000
  15      1.76389000000     0.40111800000
  16      0.92138600000     0.32015900000
  17      0.46037300000     0.11782800000
  18      0.18361300000     0.01032100000
  19      0.07585700000    -0.00020700000
 P 18 
   1  21254.00000000000     0.00000200000
   2   6741.14000000000     0.00001100000
   3   2557.16000000000     0.00004900000
   4   1093.51000000000     0.00019000000
   5    506.16100000000     0.00062900000
   6    247.13900000000     0.00189600000
   7    125.41500000000     0.00494000000
   8     65.65120000000     0.01128400000
   9     35.30790000000     0.01997500000
  10     19.42600000000     0.02865200000
  11     10.84380000000     0.02344700000
  12      6.04359000000    -0.01015700000
  13      3.30245000000    -0.07378100000
  14      1.76389000000    -0.10603300000
  15      0.92138600000    -0.10721400000
  16      0.46037300000     0.03888700000
  17      0.18361300000     0.35600200000
  18      0.07585700000     0.52561900000
 P 18 
   1  21254.00000000000     0.00000300000
   2   6741.14000000000     0.00001600000
   3   2557.16000000000     0.00007200000
   4   1093.51000000000     0.00028500000
   5    506.16100000000     0.00093100000
   6    247.13900000000     0.00283700000
   7    125.41500000000     0.00730900000
   8     65.65120000000     0.01689000000
   9     35.30790000000     0.02948800000
  10     19.42600000000     0.04331500000
  11     10.84380000000     0.03426200000
  12      6.04359000000    -0.01264200000
  13      3.30245000000    -0.11538000000
  14      1.76389000000    -0.15979900000
  15      0.92138600000    -0.16246600000
  16      0.46037300000     0.11574900000
  17      0.18361300000     0.63340800000
  18      0.07585700000     0.38482200000
 P 19 
   1  86947.30000000000     0.00000100000
   2  21254.00000000000     0.00000500000
   3   6741.14000000000     0.00003500000
   4   2557.16000000000     0.00014800000
   5   1093.51000000000     0.00063000000
   6    506.16100000000     0.00191300000
   7    247.13900000000     0.00628200000
   8    125.41500000000     0.01502500000
   9     65.65120000000     0.03767000000
  10     35.30790000000     0.05952100000
  11     19.42600000000     0.10230200000
  12     10.84380000000     0.06671600000
  13      6.04359000000    -0.00469800000
  14      3.30245000000    -0.39425400000
  15      1.76389000000    -0.41024800000
  16      0.92138600000    -0.01014100000
  17      0.46037300000     1.18917300000
  18      0.18361300000    -0.04768800000
  19      0.07585700000    -0.74062300000
 P 19 
   1  86947.30000000000     0.00000100000
   2  21254.00000000000     0.00000800000
   3   6741.14000000000     0.00003900000
   4   2557.16000000000     0.00022400000
   5   1093.51000000000     0.00069300000
   6    506.16100000000     0.00288000000
   7    247.13900000000     0.00694400000
   8    125.41500000000     0.02274700000
   9     65.65120000000     0.04062500000
  10     35.30790000000     0.09665800000
  11     19.42600000000     0.09220400000
  12     10.84380000000     0.21329700000
  13      6.04359000000    -0.20605400000
  14      3.30245000000    -0.69704000000
  15      1.76389000000    -0.58617900000
  16      0.92138600000     2.09539700000
  17      0.46037300000    -0.62060400000
  18      0.18361300000    -1.27610300000
  19      0.07585700000     1.09494400000
 P 19 
   1  86947.30000000000     0.00000100000
   2  21254.00000000000     0.00001000000
   3   6741.14000000000     0.00005700000
   4   2557.16000000000     0.00029800000
   5   1093.51000000000     0.00102400000
   6    506.16100000000     0.00384800000
   7    247.13900000000     0.01031900000
   8    125.41500000000     0.03071100000
   9     65.65120000000     0.06179900000
  10     35.30790000000     0.13000200000
  11     19.42600000000     0.15210100000
  12     10.84380000000     0.38027400000
  13      6.04359000000    -0.81249700000
  14      3.30245000000    -1.53367600000
  15      1.76389000000     2.74530800000
  16      0.92138600000    -0.19352200000
  17      0.46037300000    -2.15177100000
  18      0.18361300000     2.20053900000
  19      0.07585700000    -1.01917700000
 P 1 
   1      0.03114700000     1.00000000000
 D 11 
   1    489.11500000000     0.00016100000
   2    147.20800000000     0.00150400000
   3     57.12780000000     0.00826400000
   4     25.04290000000     0.03030800000
   5     11.66720000000     0.08331000000
   6      5.68250000000     0.17347700000
   7      2.81325000000     0.26148300000
   8      1.37733000000     0.29968000000
   9      0.65653400000     0.26956400000
  10      0.30070000000     0.17862600000
  11      0.13018700000     0.06919500000
 D 11 
   1    489.11500000000    -0.00017700000
   2    147.20800000000    -0.00166200000
   3     57.12780000000    -0.00916700000
   4     25.04290000000    -0.03381300000
   5     11.66720000000    -0.09525300000
   6      5.68250000000    -0.20097300000
   7      2.81325000000    -0.27166500000
   8      1.37733000000    -0.16189900000
   9      0.65653400000     0.16333400000
  10      0.30070000000     0.43601600000
  11      0.13018700000     0.36887400000
 D 11 
   1    489.11500000000     0.00025500000
   2    147.20800000000     0.00241700000
   3     57.12780000000     0.01336000000
   4     25.04290000000     0.05011300000
   5     11.66720000000     0.14621500000
   6      5.68250000000     0.30740500000
   7      2.81325000000     0.26705100000
   8      1.37733000000    -0.26213100000
   9      0.65653400000    -0.63199900000
  10      0.30070000000    -0.00251600000
  11      0.13018700000     0.60170100000
 D 11 
   1    489.11500000000    -0.00034300000
   2    147.20800000000    -0.00337000000
   3     57.12780000000    -0.01824500000
   4     25.04290000000    -0.07077200000
   5     11.66720000000    -0.21786200000
   6      5.68250000000    -0.47743300000
   7      2.81325000000     0.11012500000
   8      1.37733000000     1.01661600000
   9      0.65653400000    -0.38078300000
  10      0.30070000000    -0.84750000000
  11      0.13018700000     0.59344100000
 D 11 
   1    489.11500000000    -0.00048000000
   2    147.20800000000    -0.00411400000
   3     57.12780000000    -0.02512800000
   4     25.04290000000    -0.09087600000
   5     11.66720000000    -0.35693000000
   6      5.68250000000    -0.49830400000
   7      2.81325000000     1.28702200000
   8      1.37733000000    -0.10200500000
   9      0.65653400000    -1.45302500000
  10      0.30070000000     1.42037600000
  11      0.13018700000    -0.21296400000
 D 1 
   1      0.05158200000     1.00000000000
 F 1 
   1      7.53840000000     1.00000000000
 F 1 
   1      2.62290000000     1.00000000000
 F 1 
   1      0.91260000000     1.00000000000
 F 1 
   1      0.31750000000     1.00000000000
 G 1 
   1      5.83240000000     1.00000000000
 G 1 
   1      1.97040000000     1.00000000000
 G 1 
   1      0.66570000000     1.00000000000
 H 1 
   1      4.26000000000     1.00000000000
 H 1 
   1      1.31560000000     1.00000000000
 I 1 
   1      3.15020000000     1.00000000000

COBALT
 S 27 
   1  161030000.00000000000     0.00000008660
   2  28755800.00000000000     0.00000057720
   3  6423240.00000000000     0.00000333880
   4  1721200.00000000000     0.00001525640
   5  533994.00000000000     0.00005896430
   6  186194.00000000000     0.00019927020
   7  71201.70000000000     0.00060777890
   8  29276.20000000000     0.00171096100
   9  12742.30000000000     0.00451747400
  10   5800.51000000000     0.01127782000
  11   2736.96000000000     0.02661227000
  12   1329.99000000000     0.05860637000
  13    662.61100000000     0.11694820000
  14    337.41500000000     0.19997460000
  15    175.23400000000     0.26437840000
  16     92.64340000000     0.22493410000
  17     49.75760000000     0.09906240000
  18     27.07280000000     0.05071482000
  19     14.86100000000     0.08902685000
  20      8.18121000000     0.07586152000
  21      4.47941000000     0.02214222000
  22      2.41191000000     0.00171753100
  23      1.25844000000    -0.00000540940
  24      0.63123400000    -0.00006718430
  25      0.21529700000    -0.00000071790
  26      0.11851000000     0.00000603260
  27      0.05720900000     0.00000612630
 S 27 
   1  161030000.00000000000    -0.00000004560
   2  28755800.00000000000    -0.00000030360
   3  6423240.00000000000    -0.00000175620
   4  1721200.00000000000    -0.00000802480
   5  533994.00000000000    -0.00003101770
   6  186194.00000000000    -0.00010484280
   7  71201.70000000000    -0.00031993140
   8  29276.20000000000    -0.00090161050
   9  12742.30000000000    -0.00238639000
  10   5800.51000000000    -0.00598810000
  11   2736.96000000000    -0.01428063000
  12   1329.99000000000    -0.03211732000
  13    662.61100000000    -0.06678496000
  14    337.41500000000    -0.12366230000
  15    175.23400000000    -0.19080180000
  16     92.64340000000    -0.21154680000
  17     49.75760000000    -0.09922228000
  18     27.07280000000     0.17229460000
  19     14.86100000000     0.46192150000
  20      8.18121000000     0.39962470000
  21      4.47941000000     0.11627980000
  22      2.41191000000     0.00860449800
  23      1.25844000000    -0.00126529300
  24      0.63123400000    -0.00076485860
  25      0.21529700000    -0.00006404350
  26      0.11851000000     0.00006372630
  27      0.05720900000     0.00001662970
 S 27 
   1  161030000.00000000000     0.00000001040
   2  28755800.00000000000     0.00000006940
   3  6423240.00000000000     0.00000040140
   4  1721200.00000000000     0.00000183500
   5  533994.00000000000     0.00000709040
   6  186194.00000000000     0.00002398080
   7  71201.70000000000     0.00007316290
   8  29276.20000000000     0.00020649440
   9  12742.30000000000     0.00054709300
  10   5800.51000000000     0.00137935900
  11   2736.96000000000     0.00331150300
  12   1329.99000000000     0.00757077400
  13    662.61100000000     0.01617381000
  14    337.41500000000     0.03158299000
  15    175.23400000000     0.05307111000
  16     92.64340000000     0.06689319000
  17     49.75760000000     0.03338852000
  18     27.07280000000    -0.08553213000
  19     14.86100000000    -0.29832110000
  20      8.18121000000    -0.37206810000
  21      4.47941000000    -0.03313281000
  22      2.41191000000     0.44767130000
  23      1.25844000000     0.57112230000
  24      0.63123400000     0.23463700000
  25      0.21529700000     0.01505834000
  26      0.11851000000    -0.00344435300
  27      0.05720900000     0.00321236900
 S 27 
   1  161030000.00000000000    -0.00000000220
   2  28755800.00000000000    -0.00000001470
   3  6423240.00000000000    -0.00000008480
   4  1721200.00000000000    -0.00000038780
   5  533994.00000000000    -0.00000149810
   6  186194.00000000000    -0.00000506790
   7  71201.70000000000    -0.00001545760
   8  29276.20000000000    -0.00004364220
   9  12742.30000000000    -0.00011558670
  10   5800.51000000000    -0.00029157330
  11   2736.96000000000    -0.00069973880
  12   1329.99000000000    -0.00160114300
  13    662.61100000000    -0.00342023400
  14    337.41500000000    -0.00669184700
  15    175.23400000000    -0.01125825000
  16     92.64340000000    -0.01427562000
  17     49.75760000000    -0.00713476800
  18     27.07280000000     0.01848341000
  19     14.86100000000     0.06724484000
  20      8.18121000000     0.08704356000
  21      4.47941000000     0.00499801400
  22      2.41191000000    -0.12385560000
  23      1.25844000000    -0.19895200000
  24      0.63123400000    -0.17599400000
  25      0.21529700000     0.07944520000
  26      0.11851000000     0.40249330000
  27      0.05720900000     0.50340630000
 S 27 
   1  161030000.00000000000    -0.00000000430
   2  28755800.00000000000    -0.00000002850
   3  6423240.00000000000    -0.00000016630
   4  1721200.00000000000    -0.00000075150
   5  533994.00000000000    -0.00000294470
   6  186194.00000000000    -0.00000978960
   7  71201.70000000000    -0.00003050380
   8  29276.20000000000    -0.00008391910
   9  12742.30000000000    -0.00022920770
  10   5800.51000000000    -0.00055782240
  11   2736.96000000000    -0.00139505200
  12   1329.99000000000    -0.00304592200
  13    662.61100000000    -0.00687344400
  14    337.41500000000    -0.01259770000
  15    175.23400000000    -0.02314866000
  16     92.64340000000    -0.02548397000
  17     49.75760000000    -0.01958046000
  18     27.07280000000     0.04772897000
  19     14.86100000000     0.11492970000
  20      8.18121000000     0.22570420000
  21      4.47941000000    -0.06554148000
  22      2.41191000000    -0.24934250000
  23      1.25844000000    -0.66863890000
  24      0.63123400000     0.20411080000
  25      0.21529700000     1.22790700000
  26      0.11851000000     0.18575180000
  27      0.05720900000    -0.47632810000
 S 27 
   1  161030000.00000000000    -0.00000000760
   2  28755800.00000000000    -0.00000005010
   3  6423240.00000000000    -0.00000029390
   4  1721200.00000000000    -0.00000131940
   5  533994.00000000000    -0.00000521170
   6  186194.00000000000    -0.00001715260
   7  71201.70000000000    -0.00005410970
   8  29276.20000000000    -0.00014664550
   9  12742.30000000000    -0.00040772400
  10   5800.51000000000    -0.00097191380
  11   2736.96000000000    -0.00248963900
  12   1329.99000000000    -0.00529102100
  13    662.61100000000    -0.01233031000
  14    337.41500000000    -0.02177919000
  15    175.23400000000    -0.04215306000
  16     92.64340000000    -0.04281763000
  17     49.75760000000    -0.04064818000
  18     27.07280000000     0.09666274000
  19     14.86100000000     0.19524510000
  20      8.18121000000     0.51394520000
  21      4.47941000000    -0.25450050000
  22      2.41191000000    -0.92195390000
  23      1.25844000000    -1.00864300000
  24      0.63123400000     2.26466200000
  25      0.21529700000     0.58034640000
  26      0.11851000000    -2.10535900000
  27      0.05720900000     0.08909444000
 S 27 
   1  161030000.00000000000     0.00000000920
   2  28755800.00000000000     0.00000006190
   3  6423240.00000000000     0.00000035350
   4  1721200.00000000000     0.00000163960
   5  533994.00000000000     0.00000622360
   6  186194.00000000000     0.00002151490
   7  71201.70000000000     0.00006389720
   8  29276.20000000000     0.00018632100
   9  12742.30000000000     0.00047496940
  10   5800.51000000000     0.00125297400
  11   2736.96000000000     0.00285920900
  12   1329.99000000000     0.00694062400
  13    662.61100000000     0.01389573000
  14    337.41500000000     0.02959972000
  15    175.23400000000     0.04516314000
  16     92.64340000000     0.06841808000
  17     49.75760000000     0.01839713000
  18     27.07280000000    -0.05186229000
  19     14.86100000000    -0.39745220000
  20      8.18121000000    -0.66067750000
  21      4.47941000000     0.52155810000
  22      2.41191000000     2.83814600000
  23      1.25844000000    -2.97065800000
  24      0.63123400000    -0.85075570000
  25      0.21529700000     4.24555900000
  26      0.11851000000    -2.93729300000
  27      0.05720900000    -1.14095400000
 S 27 
   1  161030000.00000000000    -0.00000001070
   2  28755800.00000000000    -0.00000007040
   3  6423240.00000000000    -0.00000041420
   4  1721200.00000000000    -0.00000185400
   5  533994.00000000000    -0.00000735000
   6  186194.00000000000    -0.00002408410
   7  71201.70000000000    -0.00007638730
   8  29276.20000000000    -0.00020569450
   9  12742.30000000000    -0.00057637210
  10   5800.51000000000    -0.00136251500
  11   2736.96000000000    -0.00352742400
  12   1329.99000000000    -0.00742429300
  13    662.61100000000    -0.01758255000
  14    337.41500000000    -0.03075095000
  15    175.23400000000    -0.06133217000
  16     92.64340000000    -0.06129559000
  17     49.75760000000    -0.06543693000
  18     27.07280000000     0.15239380000
  19     14.86100000000     0.34849880000
  20      8.18121000000     1.60440000000
  21      4.47941000000    -3.27446500000
  22      2.41191000000    -1.44925200000
  23      1.25844000000     7.54717000000
  24      0.63123400000    -6.99147000000
  25      0.21529700000     3.15520200000
  26      0.11851000000     0.97841410000
  27      0.05720900000    -3.64336400000
 S 1 
   1      0.02716600000     1.00000000000
 P 19 
   1  97512.60000000001     0.00000200000
   2  23815.10000000000     0.00002100000
   3   7540.43000000000     0.00013000000
   4   2854.08000000000     0.00060500000
   5   1217.69000000000     0.00233100000
   6    562.51500000000     0.00780700000
   7    274.27400000000     0.02308900000
   8    139.11400000000     0.05990800000
   9     72.85980000000     0.13112000000
  10     39.24480000000     0.22832300000
  11     21.64300000000     0.30338900000
  12     12.11490000000     0.27353200000
  13      6.76912000000     0.13399100000
  14      3.70528000000     0.02551600000
  15      1.97901000000    -0.00069000000
  16      1.03127000000    -0.00186100000
  17      0.51360900000    -0.00078800000
  18      0.20426400000    -0.00004800000
  19      0.08387800000    -0.00000200000
 P 19 
   1  97512.60000000001    -0.00000100000
   2  23815.10000000000    -0.00000700000
   3   7540.43000000000    -0.00004600000
   4   2854.08000000000    -0.00021500000
   5   1217.69000000000    -0.00083200000
   6    562.51500000000    -0.00280100000
   7    274.27400000000    -0.00837300000
   8    139.11400000000    -0.02216000000
   9     72.85980000000    -0.05004300000
  10     39.24480000000    -0.09050200000
  11     21.64300000000    -0.12666800000
  12     12.11490000000    -0.11131900000
  13      6.76912000000     0.03270500000
  14      3.70528000000     0.26418900000
  15      1.97901000000     0.40160300000
  16      1.03127000000     0.32442200000
  17      0.51360900000     0.12131800000
  18      0.20426400000     0.01081500000
  19      0.08387800000    -0.00025100000
 P 18 
   1  23815.10000000000     0.00000200000
   2   7540.43000000000     0.00001000000
   3   2854.08000000000     0.00004700000
   4   1217.69000000000     0.00018500000
   5    562.51500000000     0.00061300000
   6    274.27400000000     0.00186000000
   7    139.11400000000     0.00486400000
   8     72.85980000000     0.01117500000
   9     39.24480000000     0.01991100000
  10     21.64300000000     0.02880900000
  11     12.11490000000     0.02409000000
  12      6.76912000000    -0.00866100000
  13      3.70528000000    -0.07295300000
  14      1.97901000000    -0.10667600000
  15      1.03127000000    -0.10791200000
  16      0.51360900000     0.03961500000
  17      0.20426400000     0.35604000000
  18      0.08387800000     0.52490900000
 P 18 
   1  23815.10000000000     0.00000300000
   2   7540.43000000000     0.00001600000
   3   2854.08000000000     0.00007300000
   4   1217.69000000000     0.00029000000
   5    562.51500000000     0.00095100000
   6    274.27400000000     0.00292200000
   7    139.11400000000     0.00753600000
   8     72.85980000000     0.01756600000
   9     39.24480000000     0.03077000000
  10     21.64300000000     0.04585400000
  11     12.11490000000     0.03678900000
  12      6.76912000000    -0.01078600000
  13      3.70528000000    -0.12314900000
  14      1.97901000000    -0.17051700000
  15      1.03127000000    -0.15956300000
  16      0.51360900000     0.13565100000
  17      0.20426400000     0.62549300000
  18      0.08387800000     0.37706700000
 P 19 
   1  97512.60000000001     0.00000100000
   2  23815.10000000000     0.00000500000
   3   7540.43000000000     0.00003500000
   4   2854.08000000000     0.00014800000
   5   1217.69000000000     0.00063400000
   6    562.51500000000     0.00193500000
   7    274.27400000000     0.00638300000
   8    139.11400000000     0.01534000000
   9     72.85980000000     0.03865400000
  10     39.24480000000     0.06150600000
  11     21.64300000000     0.10635400000
  12     12.11490000000     0.07265900000
  13      6.76912000000     0.00026700000
  14      3.70528000000    -0.42278600000
  15      1.97901000000    -0.42361700000
  16      1.03127000000     0.06119600000
  17      0.51360900000     1.14103500000
  18      0.20426400000    -0.07076800000
  19      0.08387800000    -0.71971100000
 P 19 
   1  97512.60000000001     0.00000100000
   2  23815.10000000000     0.00000800000
   3   7540.43000000000     0.00003800000
   4   2854.08000000000     0.00021700000
   5   1217.69000000000     0.00069000000
   6    562.51500000000     0.00282600000
   7    274.27400000000     0.00698300000
   8    139.11400000000     0.02254100000
   9     72.85980000000     0.04133500000
  10     39.24480000000     0.09648600000
  11     21.64300000000     0.09631100000
  12     12.11490000000     0.21875800000
  13      6.76912000000    -0.19916200000
  14      3.70528000000    -0.75789600000
  15      1.97901000000    -0.48819400000
  16      1.03127000000     2.06565400000
  17      0.51360900000    -0.69018200000
  18      0.20426400000    -1.20648200000
  19      0.08387800000     1.06357800000
 P 19 
   1  97512.60000000001     0.00000100000
   2  23815.10000000000     0.00001100000
   3   7540.43000000000     0.00005400000
   4   2854.08000000000     0.00030700000
   5   1217.69000000000     0.00097200000
   6    562.51500000000     0.00400500000
   7    274.27400000000     0.00991100000
   8    139.11400000000     0.03230300000
   9     72.85980000000     0.05947300000
  10     39.24480000000     0.14088900000
  11     21.64300000000     0.13932200000
  12     12.11490000000     0.45638400000
  13      6.76912000000    -0.98631300000
  14      3.70528000000    -1.40093100000
  15      1.97901000000     2.82816900000
  16      1.03127000000    -0.45441900000
  17      0.51360900000    -1.92626800000
  18      0.20426400000     2.08511700000
  19      0.08387800000    -0.96537700000
 P 1 
   1      0.03414200000     1.00000000000
 D 11 
   1    495.24800000000     0.00019500000
   2    149.03800000000     0.00182000000
   3     57.87280000000     0.00986000000
   4     25.37960000000     0.03541700000
   5     11.85940000000     0.09488200000
   6      5.79630000000     0.18865100000
   7      2.87275000000     0.27039500000
   8      1.40783600000     0.29634700000
   9      0.67240700000     0.25655900000
  10      0.30883500000     0.16405500000
  11      0.13429700000     0.06056700000
 D 11 
   1    495.24800000000    -0.00022600000
   2    149.03800000000    -0.00211700000
   3     57.87280000000    -0.01150600000
   4     25.37960000000    -0.04167300000
   5     11.85940000000    -0.11485000000
   6      5.79630000000    -0.23003600000
   7      2.87275000000    -0.27872200000
   8      1.40783600000    -0.10904400000
   9      0.67240700000     0.23091800000
  10      0.30883500000     0.43417800000
  11      0.13429700000     0.31468100000
 D 11 
   1    495.24800000000     0.00029800000
   2    149.03800000000     0.00284100000
   3     57.87280000000     0.01538000000
   4     25.37960000000     0.05693200000
   5     11.85940000000     0.16201800000
   6      5.79630000000     0.32512400000
   7      2.87275000000     0.20714400000
   8      1.40783600000    -0.36874000000
   9      0.67240700000    -0.58084900000
  10      0.30883500000     0.12670600000
  11      0.13429700000     0.58760600000
 D 11 
   1    495.24800000000    -0.00041900000
   2    149.03800000000    -0.00407900000
   3     57.87280000000    -0.02189500000
   4     25.37960000000    -0.08303100000
   5     11.85940000000    -0.25689100000
   6      5.79630000000    -0.50375100000
   7      2.87275000000     0.34976100000
   8      1.40783600000     0.93487000000
   9      0.67240700000    -0.63839400000
  10      0.30883500000    -0.63725600000
  11      0.13429700000     0.62545600000
 D 11 
   1    495.24800000000    -0.00065000000
   2    149.03800000000    -0.00463300000
   3     57.87280000000    -0.03251900000
   4     25.37960000000    -0.10107800000
   5     11.85940000000    -0.46501900000
   6      5.79630000000    -0.31860100000
   7      2.87275000000     1.51499100000
   8      1.40783600000    -0.76126700000
   9      0.67240700000    -0.96716800000
  10      0.30883500000     1.44333000000
  11      0.13429700000    -0.47420000000
 D 1 
   1      0.05361900000     1.00000000000
 F 1 
   1      8.59200000000     1.00000000000
 F 1 
   1      3.01870000000     1.00000000000
 F 1 
   1      1.06060000000     1.00000000000
 F 1 
   1      0.37260000000     1.00000000000
 G 1 
   1      6.77230000000     1.00000000000
 G 1 
   1      2.31900000000     1.00000000000
 G 1 
   1      0.79410000000     1.00000000000
 H 1 
   1      4.95110000000     1.00000000000
 H 1 
   1      1.55130000000     1.00000000000
 I 1 
   1      3.69500000000     1.00000000000

NICKEL
 S 27 
   1  168793000.00000000000     0.00000009540
   2  30136900.00000000000     0.00000063620
   3  6730750.00000000000     0.00000368060
   4  1803370.00000000000     0.00001682100
   5  559438.00000000000     0.00006501480
   6  195064.00000000000     0.00021970310
   7  74600.70000000000     0.00066991430
   8  30681.70000000000     0.00188480600
   9  13360.30000000000     0.00497186200
  10   6086.16000000000     0.01239603000
  11   2874.62000000000     0.02919925000
  12   1398.72000000000     0.06417304000
  13    697.98100000000     0.12780670000
  14    356.11000000000     0.21838490000
  15    185.34600000000     0.28976290000
  16     98.22210000000     0.25020110000
  17     52.88340000000     0.10912510000
  18     28.84240000000     0.02418062000
  19     15.86640000000     0.02017083000
  20      8.74933000000     0.01584540000
  21      4.79482000000     0.00457371300
  22      2.58124000000     0.00053668500
  23      1.34450000000     0.00032856520
  24      0.67237400000     0.00010563740
  25      0.22464000000     0.00001152730
  26      0.12019200000    -0.00000498290
  27      0.05815400000     0.00000288850
 S 27 
   1  168793000.00000000000    -0.00000003340
   2  30136900.00000000000    -0.00000022260
   3  6730750.00000000000    -0.00000128810
   4  1803370.00000000000    -0.00000588710
   5  559438.00000000000    -0.00002275730
   6  195064.00000000000    -0.00007691940
   7  74600.70000000000    -0.00023470700
   8  30681.70000000000    -0.00066128960
   9  13360.30000000000    -0.00175030300
  10   6086.16000000000    -0.00439395200
  11   2874.62000000000    -0.01049957000
  12   1398.72000000000    -0.02373066000
  13    697.98100000000    -0.04989615000
  14    356.11000000000    -0.09438365000
  15    185.34600000000    -0.15111860000
  16     98.22210000000    -0.17531370000
  17     52.88340000000    -0.07893694000
  18     28.84240000000     0.18627330000
  19     15.86640000000     0.47115170000
  20      8.74933000000     0.39400730000
  21      4.79482000000     0.11242900000
  22      2.58124000000     0.01373033000
  23      1.34450000000     0.00575796300
  24      0.67237400000     0.00206769700
  25      0.22464000000     0.00011662640
  26      0.12019200000    -0.00002380530
  27      0.05815400000     0.00000634580
 S 27 
   1  168793000.00000000000     0.00000001120
   2  30136900.00000000000     0.00000007490
   3  6730750.00000000000     0.00000043310
   4  1803370.00000000000     0.00000198000
   5  559438.00000000000     0.00000765150
   6  195064.00000000000     0.00002587540
   7  74600.70000000000     0.00007892470
   8  30681.70000000000     0.00022260610
   9  13360.30000000000     0.00058923840
  10   6086.16000000000     0.00148328300
  11   2874.62000000000     0.00355373100
  12   1398.72000000000     0.00810015000
  13    697.98100000000     0.01724042000
  14    356.11000000000     0.03348912000
  15    185.34600000000     0.05585983000
  16     98.22210000000     0.06942521000
  17     52.88340000000     0.03279768000
  18     28.84240000000    -0.09364737000
  19     15.86640000000    -0.31273330000
  20      8.74933000000    -0.37260990000
  21      4.79482000000    -0.01765121000
  22      2.58124000000     0.45807600000
  23      1.34450000000     0.56166170000
  24      0.67237400000     0.22393130000
  25      0.22464000000     0.01414205000
  26      0.12019200000    -0.00044029520
  27      0.05815400000     0.00700177500
 S 27 
   1  168793000.00000000000    -0.00000000230
   2  30136900.00000000000    -0.00000001560
   3  6730750.00000000000    -0.00000009030
   4  1803370.00000000000    -0.00000041270
   5  559438.00000000000    -0.00000159450
   6  195064.00000000000    -0.00000539330
   7  74600.70000000000    -0.00001644640
   8  30681.70000000000    -0.00004640300
   9  13360.30000000000    -0.00012278840
  10   6086.16000000000    -0.00030926790
  11   2874.62000000000    -0.00074075370
  12   1398.72000000000    -0.00169022000
  13    697.98100000000    -0.00359826500
  14    356.11000000000    -0.00700765400
  15    185.34600000000    -0.01171488000
  16     98.22210000000    -0.01467085000
  17     52.88340000000    -0.00694995700
  18     28.84240000000     0.02016183000
  19     15.86640000000     0.07054184000
  20      8.74933000000     0.08743265000
  21      4.79482000000     0.00089259690
  22      2.58124000000    -0.12848790000
  23      1.34450000000    -0.19926980000
  24      0.67237400000    -0.16870380000
  25      0.22464000000     0.09663179000
  26      0.12019200000     0.40917170000
  27      0.05815400000     0.48656050000
 S 27 
   1  168793000.00000000000    -0.00000000450
   2  30136900.00000000000    -0.00000002990
   3  6730750.00000000000    -0.00000017470
   4  1803370.00000000000    -0.00000078910
   5  559438.00000000000    -0.00000309350
   6  195064.00000000000    -0.00001027780
   7  74600.70000000000    -0.00003203880
   8  30681.70000000000    -0.00008801090
   9  13360.30000000000    -0.00024041620
  10   6086.16000000000    -0.00058345370
  11   2874.62000000000    -0.00145867000
  12   1398.72000000000    -0.00316943900
  13    697.98100000000    -0.00714673600
  14    356.11000000000    -0.01299317000
  15    185.34600000000    -0.02384859000
  16     98.22210000000    -0.02566345000
  17     52.88340000000    -0.01953197000
  18     28.84240000000     0.05137546000
  19     15.86640000000     0.11797120000
  20      8.74933000000     0.23051820000
  21      4.79482000000    -0.07602184000
  22      2.58124000000    -0.27364180000
  23      1.34450000000    -0.66682190000
  24      0.67237400000     0.27795950000
  25      0.22464000000     1.18481100000
  26      0.12019200000     0.14530910000
  27      0.05815400000    -0.44752090000
 S 27 
   1  168793000.00000000000    -0.00000000800
   2  30136900.00000000000    -0.00000005250
   3  6730750.00000000000    -0.00000030820
   4  1803370.00000000000    -0.00000138460
   5  559438.00000000000    -0.00000546610
   6  195064.00000000000    -0.00001800370
   7  74600.70000000000    -0.00005672170
   8  30681.70000000000    -0.00015381240
   9  13360.30000000000    -0.00042667890
  10   6086.16000000000    -0.00101704700
  11   2874.62000000000    -0.00259628700
  12   1398.72000000000    -0.00550999500
  13    697.98100000000    -0.01278063000
  14    356.11000000000    -0.02249312000
  15    185.34600000000    -0.04323339000
  16     98.22210000000    -0.04327035000
  17     52.88340000000    -0.04001807000
  18     28.84240000000     0.10141230000
  19     15.86640000000     0.19956430000
  20      8.74933000000     0.53379740000
  21      4.79482000000    -0.28480260000
  22      2.58124000000    -1.00862600000
  23      1.34450000000    -0.85897070000
  24      0.67237400000     2.25713500000
  25      0.22464000000     0.31583660000
  26      0.12019200000    -1.89313400000
  27      0.05815400000     0.13821950000
 S 27 
   1  168793000.00000000000     0.00000001000
   2  30136900.00000000000     0.00000006670
   3  6730750.00000000000     0.00000038380
   4  1803370.00000000000     0.00000176430
   5  559438.00000000000     0.00000677110
   6  195064.00000000000     0.00002309430
   7  74600.70000000000     0.00006971020
   8  30681.70000000000     0.00019914570
   9  13360.30000000000     0.00051934450
  10   6086.16000000000     0.00133102300
  11   2874.62000000000     0.00312839700
  12   1398.72000000000     0.00730741500
  13    697.98100000000     0.01519845000
  14    356.11000000000     0.03067699000
  15    185.34600000000     0.04966778000
  16     98.22210000000     0.06716041000
  17     52.88340000000     0.02675145000
  18     28.84240000000    -0.07690265000
  19     15.86640000000    -0.36604990000
  20      8.74933000000    -0.89306620000
  21      4.79482000000     0.98683590000
  22      2.58124000000     2.71400400000
  23      1.34450000000    -3.54918400000
  24      0.67237400000    -0.10820870000
  25      0.22464000000     3.74035800000
  26      0.12019200000    -2.94699100000
  27      0.05815400000    -0.75647740000
 S 27 
   1  168793000.00000000000     0.00000001110
   2  30136900.00000000000     0.00000007140
   3  6730750.00000000000     0.00000043120
   4  1803370.00000000000     0.00000187260
   5  559438.00000000000     0.00000770460
   6  195064.00000000000     0.00002410280
   7  74600.70000000000     0.00008084300
   8  30681.70000000000     0.00020302730
   9  13360.30000000000     0.00061630520
  10   6086.16000000000     0.00132153000
  11   2874.62000000000     0.00380728300
  12   1398.72000000000     0.00703508300
  13    697.98100000000     0.01919484000
  14    356.11000000000     0.02784042000
  15    185.34600000000     0.06926812000
  16     98.22210000000     0.04334989000
  17     52.88340000000     0.10032380000
  18     28.84240000000    -0.22828210000
  19     15.86640000000    -0.17883020000
  20      8.74933000000    -2.16328400000
  21      4.79482000000     4.67683000000
  22      2.58124000000    -0.50821540000
  23      1.34450000000    -6.16305000000
  24      0.67237400000     6.75523500000
  25      0.22464000000    -4.17768700000
  26      0.12019200000     0.63156920000
  27      0.05815400000     2.65800600000
 S 1 
   1      0.02772300000     1.00000000000
 P 19 
   1  104158.00000000000     0.00000200000
   2  25289.10000000000     0.00002200000
   3   7974.06000000000     0.00013600000
   4   3013.01000000000     0.00063100000
   5   1286.41000000000     0.00242100000
   6    595.85500000000     0.00804900000
   7    291.65600000000     0.02361600000
   8    148.54400000000     0.06086100000
   9     78.07370000000     0.13260300000
  10     42.14780000000     0.23047300000
  11     23.25990000000     0.30516200000
  12     13.01210000000     0.27136900000
  13      7.26399000000     0.12962300000
  14      3.97357000000     0.02401400000
  15      2.12156000000    -0.00035900000
  16      1.10515000000    -0.00146200000
  17      0.54995000000    -0.00061400000
  18      0.21074000000    -0.00003000000
  19      0.08473100000    -0.00000100000
 P 19 
   1  104158.00000000000    -0.00000100000
   2  25289.10000000000    -0.00000800000
   3   7974.06000000000    -0.00004900000
   4   3013.01000000000    -0.00022700000
   5   1286.41000000000    -0.00087300000
   6    595.85500000000    -0.00291900000
   7    291.65600000000    -0.00865900000
   8    148.54400000000    -0.02277400000
   9     78.07370000000    -0.05121300000
  10     42.14780000000    -0.09253300000
  11     23.25990000000    -0.12907600000
  12     13.01210000000    -0.11017800000
  13      7.26399000000     0.04097600000
  14      3.97357000000     0.27281000000
  15      2.12156000000     0.40164200000
  16      1.10515000000     0.31613900000
  17      0.54995000000     0.11680000000
  18      0.21074000000     0.01001100000
  19      0.08473100000    -0.00049000000
 P 18 
   1  25289.10000000000     0.00000200000
   2   7974.06000000000     0.00001000000
   3   3013.01000000000     0.00004500000
   4   1286.41000000000     0.00017700000
   5    595.85500000000     0.00058400000
   6    291.65600000000     0.00176200000
   7    148.54400000000     0.00456300000
   8     78.07370000000     0.01048400000
   9     42.14780000000     0.01857900000
  10     23.25990000000     0.02697100000
  11     13.01210000000     0.02147400000
  12      7.26399000000    -0.00959800000
  13      3.97357000000    -0.06914800000
  14      2.12156000000    -0.09557100000
  15      1.10515000000    -0.09892500000
  16      0.54995000000     0.03645000000
  17      0.21074000000     0.34471200000
  18      0.08473100000     0.52775000000
 P 18 
   1  25289.10000000000     0.00000300000
   2   7974.06000000000     0.00002000000
   3   3013.01000000000     0.00009000000
   4   1286.41000000000     0.00036700000
   5    595.85500000000     0.00116200000
   6    291.65600000000     0.00364200000
   7    148.54400000000     0.00908100000
   8     78.07370000000     0.02173400000
   9     42.14780000000     0.03666900000
  10     23.25990000000     0.05745900000
  11     13.01210000000     0.04044400000
  12      7.26399000000    -0.01228700000
  13      3.97357000000    -0.17200000000
  14      2.12156000000    -0.19643100000
  15      1.10515000000    -0.16097700000
  16      0.54995000000     0.27157200000
  17      0.21074000000     0.63583100000
  18      0.08473100000     0.27218800000
 P 19 
   1  104158.00000000000     0.00000100000
   2  25289.10000000000     0.00000500000
   3   7974.06000000000     0.00003800000
   4   3013.01000000000     0.00015900000
   5   1286.41000000000     0.00068000000
   6    595.85500000000     0.00205400000
   7    291.65600000000     0.00675700000
   8    148.54400000000     0.01606500000
   9     78.07370000000     0.04054000000
  10     42.14780000000     0.06406600000
  11     23.25990000000     0.11138600000
  12     13.01210000000     0.07391900000
  13      7.26399000000    -0.01056200000
  14      3.97357000000    -0.48131100000
  15      2.12156000000    -0.39647500000
  16      1.10515000000     0.21492100000
  17      0.54995000000     1.06465800000
  18      0.21074000000    -0.25595000000
  19      0.08473100000    -0.65985700000
 P 19 
   1  104158.00000000000     0.00000100000
   2  25289.10000000000     0.00000800000
   3   7974.06000000000     0.00004200000
   4   3013.01000000000     0.00023400000
   5   1286.41000000000     0.00075200000
   6    595.85500000000     0.00301000000
   7    291.65600000000     0.00749400000
   8    148.54400000000     0.02371300000
   9     78.07370000000     0.04400500000
  10     42.14780000000     0.10041200000
  11     23.25990000000     0.10546200000
  12     13.01210000000     0.22916700000
  13      7.26399000000    -0.25273700000
  14      3.97357000000    -0.85664200000
  15      2.12156000000    -0.24779600000
  16      1.10515000000     2.12070500000
  17      0.54995000000    -1.08611200000
  18      0.21074000000    -0.88184300000
  19      0.08473100000     1.01280000000
 P 19 
   1  104158.00000000000     0.00000100000
   2  25289.10000000000     0.00001200000
   3   7974.06000000000     0.00005700000
   4   3013.01000000000     0.00034700000
   5   1286.41000000000     0.00102500000
   6    595.85500000000     0.00448200000
   7    291.65600000000     0.01029300000
   8    148.54400000000     0.03574300000
   9     78.07370000000     0.06091100000
  10     42.14780000000     0.15650600000
  11     23.25990000000     0.14360900000
  12     13.01210000000     0.53438200000
  13      7.26399000000    -1.40831800000
  14      3.97357000000    -0.95738600000
  15      2.12156000000     3.10389200000
  16      1.10515000000    -1.36938900000
  17      0.54995000000    -1.14376400000
  18      0.21074000000     1.79105300000
  19      0.08473100000    -1.00276100000
 P 1 
   1      0.03390200000     1.00000000000
 D 11 
   1    568.86650000000     0.00017700000
   2    171.25010000000     0.00166500000
   3     66.49195000000     0.00915300000
   4     29.20541000000     0.03348100000
   5     13.67848000000     0.09090200000
   6      6.69788000000     0.18339800000
   7      3.32585000000     0.26636100000
   8      1.63148000000     0.29454100000
   9      0.77901400000     0.25888600000
  10      0.35754600000     0.17300300000
  11      0.15516300000     0.07024100000
 D 11 
   1    568.86650000000    -0.00018700000
   2    171.25010000000    -0.00176300000
   3     66.49195000000    -0.00971800000
   4     29.20541000000    -0.03577700000
   5     13.67848000000    -0.09945800000
   6      6.69788000000    -0.20281200000
   7      3.32585000000    -0.26042400000
   8      1.63148000000    -0.14626500000
   9      0.77901400000     0.14121400000
  10      0.35754600000     0.40045900000
  11      0.15516300000     0.40075800000
 D 11 
   1    568.86650000000    -0.00027000000
   2    171.25010000000    -0.00258400000
   3     66.49195000000    -0.01420000000
   4     29.20541000000    -0.05319600000
   5     13.67848000000    -0.15246000000
   6      6.69788000000    -0.31825800000
   7      3.32585000000    -0.25695000000
   8      1.63148000000     0.28285800000
   9      0.77901400000     0.60453600000
  10      0.35754600000     0.03847700000
  11      0.15516300000    -0.56678600000
 D 11 
   1    568.86650000000    -0.00037500000
   2    171.25010000000    -0.00380300000
   3     66.49195000000    -0.02014800000
   4     29.20541000000    -0.07931500000
   5     13.67848000000    -0.24083800000
   6      6.69788000000    -0.52006700000
   7      3.32585000000     0.26948500000
   8      1.63148000000     0.94842200000
   9      0.77901400000    -0.46138400000
  10      0.35754600000    -0.72829300000
  11      0.15516300000     0.49563500000
 D 11 
   1    568.86650000000    -0.00056600000
   2    171.25010000000    -0.00421500000
   3     66.49195000000    -0.02900400000
   4     29.20541000000    -0.09314500000
   5     13.67848000000    -0.42274700000
   6      6.69788000000    -0.41716200000
   7      3.32585000000     1.46910900000
   8      1.63148000000    -0.51875000000
   9      0.77901400000    -1.13734400000
  10      0.35754600000     1.33532500000
  11      0.15516300000    -0.23687400000
 D 1 
   1      0.06140200000     1.00000000000
 F 1 
   1      9.80290000000     1.00000000000
 F 1 
   1      3.49360000000     1.00000000000
 F 1 
   1      1.24510000000     1.00000000000
 F 1 
   1      0.44370000000     1.00000000000
 G 1 
   1      7.93560000000     1.00000000000
 G 1 
   1      2.76480000000     1.00000000000
 G 1 
   1      0.96330000000     1.00000000000
 H 1 
   1      5.80760000000     1.00000000000
 H 1 
   1      1.85260000000     1.00000000000
 I 1 
   1      4.35490000000     1.00000000000

COPPER
 S 27 
   1  193188000.00000000000     0.00000008190
   2  33945200.00000000000     0.00000055800
   3  7510460.00000000000     0.00000325410
   4  2001990.00000000000     0.00001494160
   5  619378.00000000000     0.00005787620
   6  215606.00000000000     0.00019593050
   7  82327.10000000001     0.00059885280
   8  33788.40000000000     0.00169100000
   9  14670.00000000000     0.00448255800
  10   6657.44000000000     0.01124215000
  11   3130.26000000000     0.02664563000
  12   1515.61000000000     0.05887107000
  13    752.58800000000     0.11751960000
  14    382.24900000000     0.19995040000
  15    198.23700000000     0.26050240000
  16    104.81000000000     0.21541940000
  17     56.38850000000     0.09248247000
  18     30.78300000000     0.05710446000
  19     16.97700000000     0.10240030000
  20      9.39725000000     0.08323474000
  21      5.17238000000     0.02348642000
  22      2.79535000000     0.00177506100
  23      1.45890000000    -0.00004661880
  24      0.72871100000    -0.00008666470
  25      0.23764200000    -0.00000106890
  26      0.12782100000     0.00000012980
  27      0.06181500000    -0.00000051030
 S 27 
   1  193188000.00000000000    -0.00000004610
   2  33945200.00000000000    -0.00000031420
   3  7510460.00000000000    -0.00000183230
   4  2001990.00000000000    -0.00000841300
   5  619378.00000000000    -0.00003259130
   6  215606.00000000000    -0.00011034690
   7  82327.10000000001    -0.00033745100
   8  33788.40000000000    -0.00095381710
   9  14670.00000000000    -0.00253470400
  10   6657.44000000000    -0.00638853700
  11   3130.26000000000    -0.01530315000
  12   1515.61000000000    -0.03452258000
  13    752.58800000000    -0.07182859000
  14    382.24900000000    -0.13240450000
  15    198.23700000000    -0.20176600000
  16    104.81000000000    -0.21789030000
  17     56.38850000000    -0.09441542000
  18     30.78300000000     0.18745710000
  19     16.97700000000     0.46639180000
  20      9.39725000000     0.38369150000
  21      5.17238000000     0.10793290000
  22      2.79535000000     0.00774290100
  23      1.45890000000    -0.00124470400
  24      0.72871100000    -0.00074189430
  25      0.23764200000    -0.00004731810
  26      0.12782100000     0.00002312510
  27      0.06181500000    -0.00001379900
 S 27 
   1  193188000.00000000000     0.00000001020
   2  33945200.00000000000     0.00000006940
   3  7510460.00000000000     0.00000040470
   4  2001990.00000000000     0.00000185860
   5  619378.00000000000     0.00000719820
   6  215606.00000000000     0.00002438470
   7  82327.10000000001     0.00007456290
   8  33788.40000000000     0.00021106380
   9  14670.00000000000     0.00056159150
  10   6657.44000000000     0.00142242700
  11   3130.26000000000     0.00343288600
  12   1515.61000000000     0.00788140300
  13    752.58800000000     0.01689595000
  14    382.24900000000     0.03299686000
  15    198.23700000000     0.05521770000
  16    104.81000000000     0.06840131000
  17     56.38850000000     0.03122147000
  18     30.78300000000    -0.09635215000
  19     16.97700000000    -0.31384570000
  20      9.39725000000    -0.36493430000
  21      5.17238000000    -0.00887999200
  22      2.79535000000     0.46083360000
  23      1.45890000000     0.56188700000
  24      0.72871100000     0.22292060000
  25      0.23764200000     0.01340137000
  26      0.12782100000    -0.00337010200
  27      0.06181500000     0.00306508000
 S 27 
   1  193188000.00000000000    -0.00000000210
   2  33945200.00000000000    -0.00000001400
   3  7510460.00000000000    -0.00000008160
   4  2001990.00000000000    -0.00000037500
   5  619378.00000000000    -0.00000145210
   6  215606.00000000000    -0.00000492060
   7  82327.10000000001    -0.00001504140
   8  33788.40000000000    -0.00004259470
   9  14670.00000000000    -0.00011328570
  10   6657.44000000000    -0.00028711160
  11   3130.26000000000    -0.00069259170
  12   1515.61000000000    -0.00159169100
  13    752.58800000000    -0.00341148500
  14    382.24900000000    -0.00667706400
  15    198.23700000000    -0.01118545000
  16    104.81000000000    -0.01394792000
  17     56.38850000000    -0.00636456100
  18     30.78300000000     0.01991809000
  19     16.97700000000     0.06774441000
  20      9.39725000000     0.08134341000
  21      5.17238000000    -0.00089950350
  22      2.79535000000    -0.12197130000
  23      1.45890000000    -0.18834430000
  24      0.72871100000    -0.16233290000
  25      0.23764200000     0.09426046000
  26      0.12782100000     0.39622200000
  27      0.06181500000     0.48508190000
 S 27 
   1  193188000.00000000000     0.00000000380
   2  33945200.00000000000     0.00000002580
   3  7510460.00000000000     0.00000015200
   4  2001990.00000000000     0.00000069040
   5  619378.00000000000     0.00000270950
   6  215606.00000000000     0.00000902920
   7  82327.10000000001     0.00002817160
   8  33788.40000000000     0.00007782500
   9  14670.00000000000     0.00021313740
  10   6657.44000000000     0.00052214310
  11   3130.26000000000     0.00130950200
  12   1515.61000000000     0.00287944800
  13    752.58800000000     0.00649950500
  14    382.24900000000     0.01195541000
  15    198.23700000000     0.02180180000
  16    104.81000000000     0.02363852000
  17     56.38850000000     0.01706798000
  18     30.78300000000    -0.04783859000
  19     16.97700000000    -0.10975240000
  20      9.39725000000    -0.20275800000
  21      5.17238000000     0.07260363000
  22      2.79535000000     0.23072550000
  23      1.45890000000     0.57659510000
  24      0.72871100000    -0.15701760000
  25      0.23764200000    -1.09197800000
  26      0.12782100000    -0.26913230000
  27      0.06181500000     0.35164670000
 S 27 
   1  193188000.00000000000    -0.00000000780
   2  33945200.00000000000    -0.00000005230
   3  7510460.00000000000    -0.00000030920
   4  2001990.00000000000    -0.00000139590
   5  619378.00000000000    -0.00000552130
   6  215606.00000000000    -0.00001822240
   7  82327.10000000001    -0.00005752980
   8  33788.40000000000    -0.00015667160
   9  14670.00000000000    -0.00043638480
  10   6657.44000000000    -0.00104834400
  11   3130.26000000000    -0.00268917400
  12   1515.61000000000    -0.00576551200
  13    752.58800000000    -0.01341487000
  14    382.24900000000    -0.02383053000
  15    198.23700000000    -0.04568414000
  16    104.81000000000    -0.04575431000
  17     56.38850000000    -0.04125506000
  18     30.78300000000     0.11034930000
  19     16.97700000000     0.21488420000
  20      9.39725000000     0.55221450000
  21      5.17238000000    -0.33952650000
  22      2.79535000000    -0.97710070000
  23      1.45890000000    -0.88085930000
  24      0.72871100000     2.19668700000
  25      0.23764200000     0.43863720000
  26      0.12782100000    -1.81787400000
  27      0.06181500000     0.00301965900
 S 27 
   1  193188000.00000000000     0.00000000900
   2  33945200.00000000000     0.00000006210
   3  7510460.00000000000     0.00000035790
   4  2001990.00000000000     0.00000166580
   5  619378.00000000000     0.00000634610
   6  215606.00000000000     0.00002193900
   7  82327.10000000001     0.00006543420
   8  33788.40000000000     0.00019088910
   9  14670.00000000000     0.00049020820
  10   6657.44000000000     0.00129433700
  11   3130.26000000000     0.00298209900
  12   1515.61000000000     0.00723421400
  13    752.58800000000     0.01461464000
  14    382.24900000000     0.03095278000
  15    198.23700000000     0.04734078000
  16    104.81000000000     0.07000877000
  17     56.38850000000     0.01629399000
  18     30.78300000000    -0.05839350000
  19     16.97700000000    -0.41049350000
  20      9.39725000000    -0.78962620000
  21      5.17238000000     0.93083710000
  22      2.79535000000     2.53304300000
  23      1.45890000000    -3.15866100000
  24      0.72871100000    -0.40076200000
  25      0.23764200000     3.85409900000
  26      0.12782100000    -2.88745700000
  27      0.06181500000    -0.90695990000
 S 27 
   1  193188000.00000000000     0.00000001080
   2  33945200.00000000000     0.00000007160
   3  7510460.00000000000     0.00000043040
   4  2001990.00000000000     0.00000190580
   5  619378.00000000000     0.00000771900
   6  215606.00000000000     0.00002473680
   7  82327.10000000001     0.00008094360
   8  33788.40000000000     0.00021105220
   9  14670.00000000000     0.00061862460
  10   6657.44000000000     0.00140125000
  11   3130.26000000000     0.00384474200
  12   1515.61000000000     0.00764981000
  13    752.58800000000     0.01947297000
  14    382.24900000000     0.03126618000
  15    198.23700000000     0.06932423000
  16    104.81000000000     0.05504615000
  17     56.38850000000     0.08460341000
  18     30.78300000000    -0.19935830000
  19     16.97700000000    -0.31852300000
  20      9.39725000000    -2.01810300000
  21      5.17238000000     4.68936800000
  22      2.79535000000    -0.59332570000
  23      1.45890000000    -5.97576400000
  24      0.72871100000     6.39882900000
  25      0.23764200000    -3.68221600000
  26      0.12782100000     0.20253230000
  27      0.06181500000     2.78227600000
 S 1 
   1      0.02930300000     1.00000000000
 P 19 
   1  110294.00000000000     0.00000200000
   2  26939.10000000000     0.00002200000
   3   8550.71000000000     0.00013600000
   4   3246.19000000000     0.00063000000
   5   1388.46000000000     0.00241800000
   6    642.47400000000     0.00808700000
   7    313.57000000000     0.02390500000
   8    159.16100000000     0.06197100000
   9     83.44140000000     0.13506600000
  10     45.01960000000     0.23347300000
  11     24.88940000000     0.30549900000
  12     13.97310000000     0.26767600000
  13      7.82571000000     0.12649900000
  14      4.28632000000     0.02302100000
  15      2.29034000000    -0.00064100000
  16      1.19342000000    -0.00162700000
  17      0.59376500000    -0.00065700000
  18      0.22398700000    -0.00003300000
  19      0.08902600000    -0.00000100000
 P 19 
   1  110294.00000000000    -0.00000100000
   2  26939.10000000000    -0.00000800000
   3   8550.71000000000    -0.00004900000
   4   3246.19000000000    -0.00022800000
   5   1388.46000000000    -0.00087800000
   6    642.47400000000    -0.00295300000
   7    313.57000000000    -0.00882600000
   8    159.16100000000    -0.02336400000
   9     83.44140000000    -0.05258900000
  10     45.01960000000    -0.09462500000
  11     24.88940000000    -0.13045000000
  12     13.97310000000    -0.10816000000
  13      7.82571000000     0.04668700000
  14      4.28632000000     0.27807700000
  15      2.29034000000     0.40218300000
  16      1.19342000000     0.31129600000
  17      0.59376500000     0.11255100000
  18      0.22398700000     0.00939700000
  19      0.08902600000    -0.00050000000
 P 18 
   1  26939.10000000000     0.00000200000
   2   8550.71000000000     0.00001000000
   3   3246.19000000000     0.00004400000
   4   1388.46000000000     0.00017200000
   5    642.47400000000     0.00057000000
   6    313.57000000000     0.00173600000
   7    159.16100000000     0.00452000000
   8     83.44140000000     0.01040500000
   9     45.01960000000     0.01833200000
  10     24.88940000000     0.02638100000
  11     13.97310000000     0.02018600000
  12      7.82571000000    -0.01025000000
  13      4.28632000000    -0.06805400000
  14      2.29034000000    -0.09149700000
  15      1.19342000000    -0.09495000000
  16      0.59376500000     0.03640600000
  17      0.22398700000     0.33983400000
  18      0.08902600000     0.52812300000
 P 18 
   1  26939.10000000000     0.00000300000
   2   8550.71000000000     0.00001900000
   3   3246.19000000000     0.00008400000
   4   1388.46000000000     0.00034300000
   5    642.47400000000     0.00109000000
   6    313.57000000000     0.00344600000
   7    159.16100000000     0.00863800000
   8     83.44140000000     0.02071800000
   9     45.01960000000     0.03471400000
  10     24.88940000000     0.05412200000
  11     13.97310000000     0.03636800000
  12      7.82571000000    -0.01255600000
  13      4.28632000000    -0.16221500000
  14      2.29034000000    -0.17718800000
  15      1.19342000000    -0.15635500000
  16      0.59376500000     0.23601900000
  17      0.22398700000     0.64121100000
  18      0.08902600000     0.29550200000
 P 19 
   1  110294.00000000000     0.00000100000
   2  26939.10000000000     0.00000600000
   3   8550.71000000000     0.00003900000
   4   3246.19000000000     0.00016500000
   5   1388.46000000000     0.00070400000
   6    642.47400000000     0.00213800000
   7    313.57000000000     0.00708000000
   8    159.16100000000     0.01696100000
   9     83.44140000000     0.04278600000
  10     45.01960000000     0.06727800000
  11     24.88940000000     0.11650200000
  12     13.97310000000     0.07551000000
  13      7.82571000000    -0.01668900000
  14      4.28632000000    -0.51419900000
  15      2.29034000000    -0.37940900000
  16      1.19342000000     0.23134300000
  17      0.59376500000     1.06147500000
  18      0.22398700000    -0.26673400000
  19      0.08902600000    -0.61959300000
 P 19 
   1  110294.00000000000     0.00000100000
   2  26939.10000000000     0.00000800000
   3   8550.71000000000     0.00004100000
   4   3246.19000000000     0.00023300000
   5   1388.46000000000     0.00074200000
   6    642.47400000000     0.00302200000
   7    313.57000000000     0.00751300000
   8    159.16100000000     0.02413500000
   9     83.44140000000     0.04437900000
  10     45.01960000000     0.10223500000
  11     24.88940000000     0.10406600000
  12     13.97310000000     0.23389400000
  13      7.82571000000    -0.28619800000
  14      4.28632000000    -0.84343900000
  15      2.29034000000    -0.18436200000
  16      1.19342000000     2.07033900000
  17      0.59376500000    -1.10766000000
  18      0.22398700000    -0.85284600000
  19      0.08902600000     1.01666900000
 P 19 
   1  110294.00000000000     0.00000100000
   2  26939.10000000000     0.00001100000
   3   8550.71000000000     0.00006000000
   4   3246.19000000000     0.00032000000
   5   1388.46000000000     0.00107700000
   6    642.47400000000     0.00416100000
   7    313.57000000000     0.01097500000
   8    159.16100000000     0.03357300000
   9     83.44140000000     0.06623500000
  10     45.01960000000     0.14250300000
  11     24.88940000000     0.17382200000
  12     13.97310000000     0.46559800000
  13      7.82571000000    -1.35842500000
  14      4.28632000000    -0.88679400000
  15      2.29034000000     2.92262800000
  16      1.19342000000    -1.17584100000
  17      0.59376500000    -1.25490400000
  18      0.22398700000     1.84204500000
  19      0.08902600000    -1.04556100000
 P 1 
   1      0.03521300000     1.00000000000
 D 11 
   1    732.89300000000     0.00012500000
   2    220.75300000000     0.00119800000
   3     85.62680000000     0.00683600000
   4     37.71780000000     0.02626000000
   5     17.76470000000     0.07427300000
   6      8.76415000000     0.15885700000
   7      4.41786600000     0.24585800000
   8      2.21803900000     0.28650900000
   9      1.09353100000     0.26650500000
  10      0.52309100000     0.19656500000
  11      0.23847500000     0.10059700000
 D 11 
   1    732.89300000000    -0.00015500000
   2    220.75300000000    -0.00148800000
   3     85.62680000000    -0.00852700000
   4     37.71780000000    -0.03295500000
   5     17.76470000000    -0.09556500000
   6      8.76415000000    -0.20999100000
   7      4.41786600000    -0.29205600000
   8      2.21803900000    -0.17384400000
   9      1.09353100000     0.14264600000
  10      0.52309100000     0.38355400000
  11      0.23847500000     0.36169400000
 D 11 
   1    732.89300000000     0.00018400000
   2    220.75300000000     0.00180700000
   3     85.62680000000     0.01027700000
   4     37.71780000000     0.04042700000
   5     17.76470000000     0.11975100000
   6      8.76415000000     0.27990600000
   7      4.41786600000     0.28457700000
   8      2.21803900000    -0.20727500000
   9      1.09353100000    -0.57880200000
  10      0.52309100000    -0.16222500000
  11      0.23847500000     0.52004300000
 D 11 
   1    732.89300000000    -0.00025700000
   2    220.75300000000    -0.00277300000
   3     85.62680000000    -0.01474500000
   4     37.71780000000    -0.06229000000
   5     17.76470000000    -0.18621200000
   6      8.76415000000    -0.49703400000
   7      4.41786600000     0.00519700000
   8      2.21803900000     0.99525500000
   9      1.09353100000    -0.09645000000
  10      0.52309100000    -0.91975400000
  11      0.23847500000     0.24288200000
 D 11 
   1    732.89300000000    -0.00038300000
   2    220.75300000000    -0.00328500000
   3     85.62680000000    -0.02112500000
   4     37.71780000000    -0.07673600000
   5     17.76470000000    -0.31938800000
   6      8.76415000000    -0.61624900000
   7      4.41786600000     1.22293200000
   8      2.21803900000     0.22863400000
   9      1.09353100000    -1.61014300000
  10      0.52309100000     1.02696600000
  11      0.23847500000     0.38191500000
 D 1 
   1      0.10002600000     1.00000000000
 F 1 
   1     10.91310000000     1.00000000000
 F 1 
   1      3.90630000000     1.00000000000
 F 1 
   1      1.39820000000     1.00000000000
 F 1 
   1      0.50050000000     1.00000000000
 G 1 
   1      8.84760000000     1.00000000000
 G 1 
   1      3.12560000000     1.00000000000
 G 1 
   1      1.10420000000     1.00000000000
 H 1 
   1      6.54900000000     1.00000000000
 H 1 
   1      2.10240000000     1.00000000000
 I 1 
   1      4.94280000000     1.00000000000

ZINC
 S 27 
   1  187413000.00000000000     0.00000010090
   2  33512700.00000000000     0.00000067050
   3  7504750.00000000000     0.00000386320
   4  2017870.00000000000     0.00001756110
   5  628578.00000000000     0.00006747150
   6  220163.00000000000     0.00022656520
   7  84595.20000000000     0.00068645960
   8  34955.50000000000     0.00191955600
   9  15290.30000000000     0.00503503600
  10   6994.93000000000     0.01249183000
  11   3316.59000000000     0.02931174000
  12   1619.24000000000     0.06427367000
  13    810.34300000000     0.12802920000
  14    414.39300000000     0.21961430000
  15    216.05800000000     0.29432850000
  16    114.63500000000     0.25926390000
  17     61.76230000000     0.11541330000
  18     33.69240000000     0.01748179000
  19     18.53150000000     0.00123447000
  20     10.21440000000     0.00001030890
  21      5.59428000000     0.00005407390
  22      3.00968000000    -0.00009020920
  23      1.56684000000     0.00001229210
  24      0.78143700000    -0.00001291300
  25      0.25811800000     0.00000505300
  26      0.13855600000    -0.00000408330
  27      0.06617100000     0.00000177410
 S 27 
   1  187413000.00000000000    -0.00000003120
   2  33512700.00000000000    -0.00000020700
   3  7504750.00000000000    -0.00000119290
   4  2017870.00000000000    -0.00000542280
   5  628578.00000000000    -0.00002083830
   6  220163.00000000000    -0.00006998990
   7  84595.20000000000    -0.00021223190
   8  34955.50000000000    -0.00059441220
   9  15290.30000000000    -0.00156512100
  10   6994.93000000000    -0.00391282500
  11   3316.59000000000    -0.00932917400
  12   1619.24000000000    -0.02109918000
  13    810.34300000000    -0.04460857000
  14    414.39300000000    -0.08543854000
  15    216.05800000000    -0.13985180000
  16    114.63500000000    -0.16749070000
  17     61.76230000000    -0.07864897000
  18     33.69240000000     0.18714670000
  19     18.53150000000     0.47737400000
  20     10.21440000000     0.39746080000
  21      5.59428000000     0.11191240000
  22      3.00968000000     0.01021018000
  23      1.56684000000     0.00153546600
  24      0.78143700000     0.00035132730
  25      0.25811800000     0.00000870030
  26      0.13855600000     0.00000808590
  27      0.06617100000    -0.00000446580
 S 27 
   1  187413000.00000000000     0.00000001180
   2  33512700.00000000000     0.00000007820
   3  7504750.00000000000     0.00000045040
   4  2017870.00000000000     0.00000204800
   5  628578.00000000000     0.00000786760
   6  220163.00000000000     0.00002643680
   7  84595.20000000000     0.00008013130
   8  34955.50000000000     0.00022461430
   9  15290.30000000000     0.00059125140
  10   6994.93000000000     0.00148082000
  11   3316.59000000000     0.00353395600
  12   1619.24000000000     0.00803224000
  13    810.34300000000     0.01708455000
  14    414.39300000000     0.03323558000
  15    216.05800000000     0.05573178000
  16    114.63500000000     0.07004526000
  17     61.76230000000     0.03460894000
  18     33.69240000000    -0.09417457000
  19     18.53150000000    -0.31857850000
  20     10.21440000000    -0.37401360000
  21      5.59428000000    -0.00722342400
  22      3.00968000000     0.46990510000
  23      1.56684000000     0.56500180000
  24      0.78143700000     0.21284460000
  25      0.25811800000     0.01020773000
  26      0.13855600000    -0.00321664700
  27      0.06617100000     0.00098139010
 S 27 
   1  187413000.00000000000    -0.00000000240
   2  33512700.00000000000    -0.00000001570
   3  7504750.00000000000    -0.00000009020
   4  2017870.00000000000    -0.00000041020
   5  628578.00000000000    -0.00000157600
   6  220163.00000000000    -0.00000529450
   7  84595.20000000000    -0.00001605260
   8  34955.50000000000    -0.00004498260
   9  15290.30000000000    -0.00011846240
  10   6994.93000000000    -0.00029658950
  11   3316.59000000000    -0.00070836590
  12   1619.24000000000    -0.00160979100
  13    810.34300000000    -0.00342967900
  14    414.39300000000    -0.00667783000
  15    216.05800000000    -0.01124816000
  16    114.63500000000    -0.01419067000
  17     61.76230000000    -0.00711978300
  18     33.69240000000     0.01964233000
  19     18.53150000000     0.06866033000
  20     10.21440000000     0.08451691000
  21      5.59428000000    -0.00255859300
  22      3.00968000000    -0.12468730000
  23      1.56684000000    -0.19817320000
  24      0.78143700000    -0.16269830000
  25      0.25811800000     0.12126770000
  26      0.13855600000     0.41476240000
  27      0.06617100000     0.48408720000
 S 27 
   1  187413000.00000000000     0.00000000670
   2  33512700.00000000000     0.00000004420
   3  7504750.00000000000     0.00000025750
   4  2017870.00000000000     0.00000115400
   5  628578.00000000000     0.00000451360
   6  220163.00000000000     0.00001483190
   7  84595.20000000000     0.00004621030
   8  34955.50000000000     0.00012526040
   9  15290.30000000000     0.00034319940
  10   6994.93000000000     0.00082036100
  11   3316.59000000000     0.00206689800
  12   1619.24000000000     0.00441978900
  13    810.34300000000     0.01011367000
  14    414.39300000000     0.01809426000
  15    216.05800000000     0.03416662000
  16    114.63500000000     0.03593265000
  17     61.76230000000     0.03074112000
  18     33.69240000000    -0.07752629000
  19     18.53150000000    -0.16791940000
  20     10.21440000000    -0.35624990000
  21      5.59428000000     0.17769820000
  22      3.00968000000     0.47491290000
  23      1.56684000000     0.85219090000
  24      0.78143700000    -0.77248730000
  25      0.25811800000    -1.43191400000
  26      0.13855600000     0.49919460000
  27      0.06617100000     0.54995850000
 S 27 
   1  187413000.00000000000    -0.00000000930
   2  33512700.00000000000    -0.00000006160
   3  7504750.00000000000    -0.00000035730
   4  2017870.00000000000    -0.00000160990
   5  628578.00000000000    -0.00000625510
   6  220163.00000000000    -0.00002072440
   7  84595.20000000000    -0.00006392040
   8  34955.50000000000    -0.00017542690
   9  15290.30000000000    -0.00047366610
  10   6994.93000000000    -0.00115208500
  11   3316.59000000000    -0.00284650400
  12   1619.24000000000    -0.00623002700
  13    810.34300000000    -0.01389848000
  14    414.39300000000    -0.02572496000
  15    216.05800000000    -0.04674972000
  16    114.63500000000    -0.05304136000
  17     61.76230000000    -0.03846676000
  18     33.69240000000     0.09700309000
  19     18.53150000000     0.27501320000
  20     10.21440000000     0.61491350000
  21      5.59428000000    -0.46482420000
  22      3.00968000000    -1.46881700000
  23      1.56684000000    -0.06123386000
  24      0.78143700000     2.53332600000
  25      0.25811800000    -1.48383100000
  26      0.13855600000    -0.94402430000
  27      0.06617100000     0.99343430000
 S 27 
   1  187413000.00000000000     0.00000001210
   2  33512700.00000000000     0.00000008110
   3  7504750.00000000000     0.00000046020
   4  2017870.00000000000     0.00000213100
   5  628578.00000000000     0.00000800450
   6  220163.00000000000     0.00002765380
   7  84595.20000000000     0.00008099310
   8  34955.50000000000     0.00023672700
   9  15290.30000000000     0.00059286090
  10   6994.93000000000     0.00157495900
  11   3316.59000000000     0.00351711100
  12   1619.24000000000     0.00865160500
  13    810.34300000000     0.01689628000
  14    414.39300000000     0.03686833000
  15    216.05800000000     0.05445003000
  16    114.63500000000     0.08690671000
  17     61.76230000000     0.01740443000
  18     33.69240000000    -0.05212573000
  19     18.53150000000    -0.55117260000
  20     10.21440000000    -1.15435000000
  21      5.59428000000     2.14683700000
  22      3.00968000000     2.46324200000
  23      1.56684000000    -6.09279300000
  24      0.78143700000     3.26048300000
  25      0.25811800000     2.07841200000
  26      0.13855600000    -4.04244700000
  27      0.06617100000     1.74266800000
 S 27 
   1  187413000.00000000000     0.00000001290
   2  33512700.00000000000     0.00000007960
   3  7504750.00000000000     0.00000050280
   4  2017870.00000000000     0.00000204490
   5  628578.00000000000     0.00000899750
   6  220163.00000000000     0.00002548090
   7  84595.20000000000     0.00009502560
   8  34955.50000000000     0.00020575900
   9  15290.30000000000     0.00073222200
  10   6994.93000000000     0.00127906200
  11   3316.59000000000     0.00458379800
  12   1619.24000000000     0.00648843500
  13    810.34300000000     0.02369604000
  14    414.39300000000     0.02360841000
  15    216.05800000000     0.09186954000
  16    114.63500000000     0.01584593000
  17     61.76230000000     0.18322090000
  18     33.69240000000    -0.36208580000
  19     18.53150000000    -0.25620350000
  20     10.21440000000    -2.67841600000
  21      5.59428000000     8.31869800000
  22      3.00968000000    -7.75499700000
  23      1.56684000000     0.57989220000
  24      0.78143700000     4.48067900000
  25      0.25811800000    -7.98566800000
  26      0.13855600000     7.93313300000
  27      0.06617100000    -2.68333900000
 S 1 
   1      0.03098600000     1.00000000000
 P 19 
   1  110349.00000000000     0.00000300000
   2  26971.30000000000     0.00002500000
   3   8560.07000000000     0.00015400000
   4   3248.80000000000     0.00071100000
   5   1389.41000000000     0.00272600000
   6    643.04300000000     0.00907800000
   7    314.00500000000     0.02664700000
   8    159.48900000000     0.06834900000
   9     83.66620000000     0.14622900000
  10     45.15740000000     0.24636600000
  11     24.96300000000     0.30935700000
  12     14.00430000000     0.25183400000
  13      7.83267000000     0.10757700000
  14      4.28410000000     0.01862300000
  15      2.28901000000     0.00184000000
  16      1.19436000000     0.00052600000
  17      0.59425800000     0.00013400000
  18      0.22691400000     0.00001800000
  19      0.09017900000    -0.00000300000
 P 19 
   1  110349.00000000000    -0.00000100000
   2  26971.30000000000    -0.00000900000
   3   8560.07000000000    -0.00005700000
   4   3248.80000000000    -0.00026600000
   5   1389.41000000000    -0.00102300000
   6    643.04300000000    -0.00342600000
   7    314.00500000000    -0.01017800000
   8    159.48900000000    -0.02668400000
   9     83.66620000000    -0.05904400000
  10     45.15740000000    -0.10364500000
  11     24.96300000000    -0.13718600000
  12     14.00430000000    -0.09803000000
  13      7.83267000000     0.07828400000
  14      4.28410000000     0.30689600000
  15      2.28901000000     0.40209100000
  16      1.19436000000     0.28399600000
  17      0.59425800000     0.08692800000
  18      0.22691400000     0.00585400000
  19      0.09017900000    -0.00003700000
 P 18 
   1  26971.30000000000     0.00000200000
   2   8560.07000000000     0.00001100000
   3   3248.80000000000     0.00004900000
   4   1389.41000000000     0.00019000000
   5    643.04300000000     0.00062800000
   6    314.00500000000     0.00189800000
   7    159.48900000000     0.00490500000
   8     83.66620000000     0.01109100000
   9     45.15740000000     0.01911000000
  10     24.96300000000     0.02640400000
  11     14.00430000000     0.01704800000
  12      7.83267000000    -0.01677700000
  13      4.28410000000    -0.07228100000
  14      2.28901000000    -0.08883400000
  15      1.19436000000    -0.08550100000
  16      0.59425800000     0.05147700000
  17      0.22691400000     0.34826300000
  18      0.09017900000     0.52071300000
 P 18 
   1  26971.30000000000     0.00000300000
   2   8560.07000000000     0.00001900000
   3   3248.80000000000     0.00008400000
   4   1389.41000000000     0.00033500000
   5    643.04300000000     0.00107800000
   6    314.00500000000     0.00334200000
   7    159.48900000000     0.00841100000
   8     83.66620000000     0.01956900000
   9     45.15740000000     0.03256700000
  10     24.96300000000     0.04778200000
  11     14.00430000000     0.02795700000
  12      7.83267000000    -0.02453000000
  13      4.28410000000    -0.14649000000
  14      2.28901000000    -0.14925700000
  15      1.19436000000    -0.13631800000
  16      0.59425800000     0.19895200000
  17      0.22691400000     0.65205700000
  18      0.09017900000     0.31011900000
 P 19 
   1  110349.00000000000    -0.00000100000
   2  26971.30000000000    -0.00000700000
   3   8560.07000000000    -0.00004400000
   4   3248.80000000000    -0.00018700000
   5   1389.41000000000    -0.00078600000
   6    643.04300000000    -0.00241900000
   7    314.00500000000    -0.00783200000
   8    159.48900000000    -0.01889200000
   9     83.66620000000    -0.04609500000
  10     45.15740000000    -0.07218700000
  11     24.96300000000    -0.11870600000
  12     14.00430000000    -0.06884500000
  13      7.83267000000     0.06125500000
  14      4.28410000000     0.54829400000
  15      2.28901000000     0.29728200000
  16      1.19436000000    -0.27160100000
  17      0.59425800000    -1.03794000000
  18      0.22691400000     0.28832900000
  19      0.09017900000     0.58292400000
 P 19 
   1  110349.00000000000     0.00000100000
   2  26971.30000000000     0.00000900000
   3   8560.07000000000     0.00004700000
   4   3248.80000000000     0.00025800000
   5   1389.41000000000     0.00084000000
   6    643.04300000000     0.00332900000
   7    314.00500000000     0.00840500000
   8    159.48900000000     0.02621000000
   9     83.66620000000     0.04832600000
  10     45.15740000000     0.10642600000
  11     24.96300000000     0.11124300000
  12     14.00430000000     0.21963400000
  13      7.83267000000    -0.37850600000
  14      4.28410000000    -0.83428300000
  15      2.28901000000     0.03465100000
  16      1.19436000000     1.96675900000
  17      0.59425800000    -1.22484500000
  18      0.22691400000    -0.73773200000
  19      0.09017900000     0.99164400000
 P 19 
   1  110349.00000000000     0.00000100000
   2  26971.30000000000     0.00001100000
   3   8560.07000000000     0.00007500000
   4   3248.80000000000     0.00030700000
   5   1389.41000000000     0.00134300000
   6    643.04300000000     0.00397900000
   7    314.00500000000     0.01350800000
   8    159.48900000000     0.03151800000
   9     83.66620000000     0.08122400000
  10     45.15740000000     0.11774400000
  11     24.96300000000     0.25453700000
  12     14.00430000000     0.28046600000
  13      7.83267000000    -1.38175600000
  14      4.28410000000    -0.58450200000
  15      2.28901000000     2.83195500000
  16      1.19436000000    -1.40308200000
  17      0.59425800000    -1.08664000000
  18      0.22691400000     1.85377900000
  19      0.09017900000    -1.11198500000
 P 1 
   1      0.03571800000     1.00000000000
 D 11 
   1    854.12230000000     0.00011000000
   2    257.94960000000     0.00106000000
   3    100.23190000000     0.00612700000
   4     44.17621000000     0.02422700000
   5     20.78476000000     0.07056800000
   6     10.22756000000     0.15542200000
   7      5.15124100000     0.24646500000
   8      2.59084700000     0.29085400000
   9      1.28580100000     0.26962300000
  10      0.62534400000     0.19320200000
  11      0.29394300000     0.09282400000
 D 11 
   1    854.12230000000     0.00015400000
   2    257.94960000000     0.00148400000
   3    100.23190000000     0.00861500000
   4     44.17621000000     0.03432800000
   5     20.78476000000     0.10265600000
   6     10.22756000000     0.23462300000
   7      5.15124100000     0.33085800000
   8      2.59084700000     0.16641400000
   9      1.28580100000    -0.21915000000
  10      0.62534400000    -0.41717900000
  11      0.29394300000    -0.28798800000
 D 11 
   1    854.12230000000     0.00016800000
   2    257.94960000000     0.00168600000
   3    100.23190000000     0.00955200000
   4     44.17621000000     0.03916900000
   5     20.78476000000     0.11854000000
   6     10.22756000000     0.30601700000
   7      5.15124100000     0.28003300000
   8      2.59084700000    -0.35704400000
   9      1.28580100000    -0.55669300000
  10      0.62534400000    -0.00340700000
  11      0.29394300000     0.55504800000
 D 11 
   1    854.12230000000     0.00020200000
   2    257.94960000000     0.00229200000
   3    100.23190000000     0.01194800000
   4     44.17621000000     0.05348900000
   5     20.78476000000     0.15995700000
   6     10.22756000000     0.46332900000
   7      5.15124100000     0.00189200000
   8      2.59084700000    -0.95924800000
   9      1.28580100000     0.10855300000
  10      0.62534400000     0.98188500000
  11      0.29394300000    -0.30198700000
 D 11 
   1    854.12230000000    -0.00032100000
   2    257.94960000000    -0.00281300000
   3    100.23190000000    -0.01802800000
   4     44.17621000000    -0.06798500000
   5     20.78476000000    -0.28146800000
   6     10.22756000000    -0.63964700000
   7      5.15124100000     1.08296900000
   8      2.59084700000     0.44146900000
   9      1.28580100000    -1.68923000000
  10      0.62534400000     0.90111200000
  11      0.29394300000     0.61214400000
 D 1 
   1      0.12899700000     1.00000000000
 F 1 
   1     12.16690000000     1.00000000000
 F 1 
   1      4.39150000000     1.00000000000
 F 1 
   1      1.58500000000     1.00000000000
 F 1 
   1      0.57210000000     1.00000000000
 G 1 
   1      9.62990000000     1.00000000000
 G 1 
   1      3.39240000000     1.00000000000
 G 1 
   1      1.19510000000     1.00000000000
 H 1 
   1      7.47380000000     1.00000000000
 H 1 
   1      2.42500000000     1.00000000000
 I 1 
   1      5.54870000000     1.00000000000

GALLIUM
 S 22 
   1  108615200.00000000000     0.00000024000
   2  16264540.00000000000     0.00000186000
   3  3700112.00000000000     0.00000980000
   4  1047169.00000000000     0.00004152000
   5  341067.59999999998     0.00015205000
   6  122771.50000000000     0.00050077000
   7  47659.58000000000     0.00151870000
   8  19633.35000000000     0.00430250000
   9   8488.73500000000     0.01145230000
  10   3823.13800000000     0.02856400000
  11   1784.47600000000     0.06574850000
  12    860.05300000000     0.13528950000
  13    426.69870000000     0.23455140000
  14    217.26160000000     0.30783510000
  15    112.96990000000     0.25299470000
  16     59.44944000000     0.09601040000
  17     30.78226000000     0.00978850000
  18     16.42321000000     0.00059120000
  19      8.75788900000    -0.00005540000
  20      4.40962900000     0.00001380000
  21      2.24944900000    -0.00006420000
  22      1.12611500000     0.00001690000
 S 22 
   1  108615200.00000000000    -0.00000007000
   2  16264540.00000000000    -0.00000058000
   3  3700112.00000000000    -0.00000303000
   4  1047169.00000000000    -0.00001287000
   5  341067.59999999998    -0.00004714000
   6  122771.50000000000    -0.00015530000
   7  47659.58000000000    -0.00047180000
   8  19633.35000000000    -0.00134050000
   9   8488.73500000000    -0.00359550000
  10   3823.13800000000    -0.00910160000
  11   1784.47600000000    -0.02163600000
  12    860.05300000000    -0.04733650000
  13    426.69870000000    -0.09249970000
  14    217.26160000000    -0.15043510000
  15    112.96990000000    -0.17212270000
  16     59.44944000000    -0.04401790000
  17     30.78226000000     0.29738280000
  18     16.42321000000     0.52797480000
  19      8.75788900000     0.30089050000
  20      4.40962900000     0.04588190000
  21      2.24944900000     0.00128280000
  22      1.12611500000     0.00125880000
 S 22 
   1  108615200.00000000000     0.00000003000
   2  16264540.00000000000     0.00000022000
   3  3700112.00000000000     0.00000116000
   4  1047169.00000000000     0.00000491000
   5  341067.59999999998     0.00001798000
   6  122771.50000000000     0.00005920000
   7  47659.58000000000     0.00018010000
   8  19633.35000000000     0.00051140000
   9   8488.73500000000     0.00137400000
  10   3823.13800000000     0.00348180000
  11   1784.47600000000     0.00831690000
  12    860.05300000000     0.01831800000
  13    426.69870000000     0.03639030000
  14    217.26160000000     0.06080830000
  15    112.96990000000     0.07329390000
  16     59.44944000000     0.01974160000
  17     30.78226000000    -0.16129700000
  18     16.42321000000    -0.40219480000
  19      8.75788900000    -0.29272480000
  20      4.40962900000     0.27069420000
  21      2.24944900000     0.63597590000
  22      1.12611500000     0.37024890000
 S 22 
   1  108615200.00000000000    -0.00000000700
   2  16264540.00000000000    -0.00000005100
   3  3700112.00000000000    -0.00000027000
   4  1047169.00000000000    -0.00000114200
   5  341067.59999999998    -0.00000418300
   6  122771.50000000000    -0.00001378100
   7  47659.58000000000    -0.00004188200
   8  19633.35000000000    -0.00011902300
   9   8488.73500000000    -0.00031960000
  10   3823.13800000000    -0.00081070000
  11   1784.47600000000    -0.00193600000
  12    860.05300000000    -0.00427220000
  13    426.69870000000    -0.00849450000
  14    217.26160000000    -0.01427090000
  15    112.96990000000    -0.01726810000
  16     59.44944000000    -0.00477820000
  17     30.78226000000     0.03949270000
  18     16.42321000000     0.10272000000
  19      8.75788900000     0.07735290000
  20      4.40962900000    -0.08495650000
  21      2.24944900000    -0.22198340000
  22      1.12611500000    -0.25320890000
 S 1 
   1      0.51548600000     1.00000000000
 S 1 
   1      0.24257800000     1.00000000000
 S 1 
   1      0.10708600000     1.00000000000
 S 1 
   1      0.04698800000     1.00000000000
 P 13 
   1  32152.19000000000     0.00002830000
   2   7609.38400000000     0.00025290000
   3   2471.47400000000     0.00146860000
   4    946.06360000000     0.00656270000
   5    401.94710000000     0.02380230000
   6    183.64690000000     0.07089450000
   7     88.53326000000     0.16763840000
   8     44.27036000000     0.29597540000
   9     22.72308000000     0.34886100000
  10     11.82314000000     0.21754960000
  11      6.04213500000     0.05205110000
  12      3.03175400000     0.00343780000
  13      1.49336600000     0.00098330000
 P 13 
   1  32152.19000000000    -0.00001070000
   2   7609.38400000000    -0.00009580000
   3   2471.47400000000    -0.00055820000
   4    946.06360000000    -0.00250400000
   5    401.94710000000    -0.00919960000
   6    183.64690000000    -0.02799730000
   7     88.53326000000    -0.06887460000
   8     44.27036000000    -0.12738430000
   9     22.72308000000    -0.15858890000
  10     11.82314000000    -0.04249680000
  11      6.04213500000     0.24414400000
  12      3.03175400000     0.44591110000
  13      1.49336600000     0.35295220000
 P 13 
   1  32152.19000000000     0.00000170000
   2   7609.38400000000     0.00001580000
   3   2471.47400000000     0.00009080000
   4    946.06360000000     0.00041200000
   5    401.94710000000     0.00149840000
   6    183.64690000000     0.00462520000
   7     88.53326000000     0.01127130000
   8     44.27036000000     0.02132120000
   9     22.72308000000     0.02595230000
  10     11.82314000000     0.00663200000
  11      6.04213500000    -0.05017040000
  12      3.03175400000    -0.08429770000
  13      1.49336600000    -0.09030230000
 P 1 
   1      0.70972700000     1.00000000000
 P 1 
   1      0.24859300000     1.00000000000
 P 1 
   1      0.09439500000     1.00000000000
 P 1 
   1      0.03588700000     1.00000000000
 D 9 
   1   1040.50500000000     0.00008920000
   2    314.59710000000     0.00086250000
   3    122.78760000000     0.00500940000
   4     54.76037000000     0.01996490000
   5     26.29894000000     0.05832140000
   6     13.26345000000     0.13168680000
   7      6.88506500000     0.22186760000
   8      3.57952500000     0.28250590000
   9      1.83156400000     0.28319890000
 D 1 
   1      0.91290900000     1.00000000000
 D 1 
   1      0.43534000000     1.00000000000
 D 1 
   1      0.18851800000     1.00000000000
 D 1 
   1      0.07580000000     1.00000000000
 F 1 
   1      0.13400000000     1.00000000000
 F 1 
   1      0.28260000000     1.00000000000
 F 1 
   1      0.59600000000     1.00000000000
 G 1 
   1      0.27500000000     1.00000000000
 G 1 
   1      0.61460000000     1.00000000000
 H 1 
   1      0.49860000000     1.00000000000

GERMANIUM
 S 22 
   1  122001200.00000000000     0.00000022000
   2  18257470.00000000000     0.00000175000
   3  4150822.00000000000     0.00000920000
   4  1174102.00000000000     0.00003899000
   5  382309.20000000001     0.00014280000
   6  137608.00000000000     0.00047030000
   7  53419.24000000000     0.00142670000
   8  22005.76000000000     0.00404340000
   9   9513.84800000000     0.01077320000
  10   4284.17600000000     0.02692730000
  11   1999.16600000000     0.06223740000
  12    963.24720000000     0.12903820000
  13    477.80500000000     0.22673120000
  14    243.31590000000     0.30489030000
  15    126.64000000000     0.26176620000
  16     66.78358000000     0.10763480000
  17     34.41608000000     0.01262340000
  18     18.37281000000     0.00039180000
  19      9.80546100000     0.00008120000
  20      4.96940300000    -0.00004890000
  21      2.54862300000    -0.00003170000
  22      1.28459400000    -0.00000109000
 S 22 
   1  122001200.00000000000    -0.00000007000
   2  18257470.00000000000    -0.00000054000
   3  4150822.00000000000    -0.00000286000
   4  1174102.00000000000    -0.00001213000
   5  382309.20000000001    -0.00004443000
   6  137608.00000000000    -0.00014640000
   7  53419.24000000000    -0.00044470000
   8  22005.76000000000    -0.00126370000
   9   9513.84800000000    -0.00339200000
  10   4284.17600000000    -0.00859790000
  11   1999.16600000000    -0.02049640000
  12    963.24720000000    -0.04505710000
  13    477.80500000000    -0.08879220000
  14    243.31590000000    -0.14662990000
  15    126.64000000000    -0.17431400000
  16     66.78358000000    -0.06116560000
  17     34.41608000000     0.27166900000
  18     18.37281000000     0.52802260000
  19      9.80546100000     0.32401380000
  20      4.96940300000     0.05441770000
  21      2.54862300000     0.00144630000
  22      1.28459400000     0.00142480000
 S 22 
   1  122001200.00000000000     0.00000003000
   2  18257470.00000000000     0.00000021000
   3  4150822.00000000000     0.00000110000
   4  1174102.00000000000     0.00000467000
   5  382309.20000000001     0.00001713000
   6  137608.00000000000     0.00005640000
   7  53419.24000000000     0.00017150000
   8  22005.76000000000     0.00048720000
   9   9513.84800000000     0.00130970000
  10   4284.17600000000     0.00332320000
  11   1999.16600000000     0.00795910000
  12    963.24720000000     0.01760970000
  13    477.80500000000     0.03525760000
  14    243.31590000000     0.05976870000
  15    126.64000000000     0.07474060000
  16     66.78358000000     0.02778630000
  17     34.41608000000    -0.14728780000
  18     18.37281000000    -0.39742020000
  19      9.80546100000    -0.32056660000
  20      4.96940300000     0.23319680000
  21      2.54862300000     0.64248900000
  22      1.28459400000     0.39666840000
 S 22 
   1  122001200.00000000000    -0.00000000700
   2  18257470.00000000000    -0.00000005400
   3  4150822.00000000000    -0.00000028300
   4  1174102.00000000000    -0.00000112000
   5  382309.20000000001    -0.00000439100
   6  137608.00000000000    -0.00001446100
   7  53419.24000000000    -0.00004396500
   8  22005.76000000000    -0.00012490000
   9   9513.84800000000    -0.00033580000
  10   4284.17600000000    -0.00085250000
  11   1999.16600000000    -0.00204240000
  12    963.24720000000    -0.00452450000
  13    477.80500000000    -0.00907440000
  14    243.31590000000    -0.01544830000
  15    126.64000000000    -0.01943380000
  16     66.78358000000    -0.00732890000
  17     34.41608000000     0.03964850000
  18     18.37281000000     0.11217960000
  19      9.80546100000     0.09356860000
  20      4.96940300000    -0.08064590000
  21      2.54862300000    -0.25011090000
  22      1.28459400000    -0.29780990000
 S 1 
   1      0.58335300000     1.00000000000
 S 1 
   1      0.29343900000     1.00000000000
 S 1 
   1      0.13267200000     1.00000000000
 S 1 
   1      0.05923900000     1.00000000000
 P 13 
   1  32314.97000000000     0.00003160000
   2   7648.20000000000     0.00028200000
   3   2484.21100000000     0.00163530000
   4    951.00310000000     0.00728640000
   5    404.04830000000     0.02629310000
   6    184.60350000000     0.07759430000
   7     88.96413000000     0.18036530000
   8     44.44774000000     0.30953540000
   9     22.79907000000     0.34547520000
  10     11.83593000000     0.19632900000
  11      6.01129400000     0.04090680000
  12      2.99578400000     0.00241970000
  13      1.46957000000     0.00080030000
 P 13 
   1  32314.97000000000    -0.00001220000
   2   7648.20000000000    -0.00010840000
   3   2484.21100000000    -0.00063110000
   4    951.00310000000    -0.00282430000
   5    404.04830000000    -0.01033170000
   6    184.60350000000    -0.03121020000
   7     88.96413000000    -0.07559540000
   8     44.44774000000    -0.13629440000
   9     22.79907000000    -0.15901500000
  10     11.83593000000    -0.01498050000
  11      6.01129400000     0.28682250000
  12      2.99578400000     0.46266560000
  13      1.46957000000     0.31685050000
 P 13 
   1  32314.97000000000     0.00000240000
   2   7648.20000000000     0.00002140000
   3   2484.21100000000     0.00012430000
   4    951.00310000000     0.00055890000
   5    404.04830000000     0.00203830000
   6    184.60350000000     0.00620160000
   7     88.96413000000     0.01501060000
   8     44.44774000000     0.02741270000
   9     22.79907000000     0.03177960000
  10     11.83593000000     0.00092280000
  11      6.01129400000    -0.06983420000
  12      2.99578400000    -0.11196000000
  13      1.46957000000    -0.09935650000
 P 1 
   1      0.69068100000     1.00000000000
 P 1 
   1      0.28616000000     1.00000000000
 P 1 
   1      0.11774200000     1.00000000000
 P 1 
   1      0.04738500000     1.00000000000
 D 9 
   1   1226.79800000000     0.00007630000
   2    371.23220000000     0.00074250000
   3    144.89100000000     0.00437560000
   4     64.60413000000     0.01792570000
   5     31.03974000000     0.05392530000
   6     15.64387000000     0.12571910000
   7      8.12582200000     0.21915660000
   8      4.23976200000     0.28606620000
   9      2.18638600000     0.28965040000
 D 1 
   1      1.10387100000     1.00000000000
 D 1 
   1      0.53381100000     1.00000000000
 D 1 
   1      0.23135500000     1.00000000000
 D 1 
   1      0.09530000000     1.00000000000
 F 1 
   1      0.16300000000     1.00000000000
 F 1 
   1      0.32970000000     1.00000000000
 F 1 
   1      0.67090000000     1.00000000000
 G 1 
   1      0.31600000000     1.00000000000
 G 1 
   1      0.70340000000     1.00000000000
 H 1 
   1      0.58150000000     1.00000000000

ARSENIC
 S 22 
   1  137507500.00000000000     0.00000021000
   2  20515050.00000000000     0.00000163000
   3  4648716.00000000000     0.00000865000
   4  1311265.00000000000     0.00003676000
   5  426185.90000000002     0.00013488000
   6  153237.10000000001     0.00044460000
   7  59459.40000000000     0.00134880000
   8  24492.81000000000     0.00382310000
   9  10590.25000000000     0.01019080000
  10   4769.78400000000     0.02550270000
  11   2226.37000000000     0.05911040000
  12   1073.08600000000     0.12328880000
  13    532.50060000000     0.21917430000
  14    271.29760000000     0.30136120000
  15    141.31190000000     0.26948920000
  16     74.58443000000     0.11912700000
  17     38.29834000000     0.01569800000
  18     20.46913000000     0.00020470000
  19     10.93958000000     0.00022360000
  20      5.59036700000    -0.00011680000
  21      2.88285900000     0.00000419000
  22      1.46608600000    -0.00002167000
 S 22 
   1  137507500.00000000000    -0.00000007000
   2  20515050.00000000000    -0.00000051000
   3  4648716.00000000000    -0.00000270000
   4  1311265.00000000000    -0.00001147000
   5  426185.90000000002    -0.00004210000
   6  153237.10000000001    -0.00013880000
   7  59459.40000000000    -0.00042180000
   8  24492.81000000000    -0.00119840000
   9  10590.25000000000    -0.00321740000
  10   4769.78400000000    -0.00815980000
  11   2226.37000000000    -0.01948340000
  12   1073.08600000000    -0.04297870000
  13    532.50060000000    -0.08529870000
  14    271.29760000000    -0.14284020000
  15    141.31190000000    -0.17572820000
  16     74.58443000000    -0.07641270000
  17     38.29834000000     0.24665750000
  18     20.46913000000     0.52538240000
  19     10.93958000000     0.34597240000
  20      5.59036700000     0.06395330000
  21      2.88285900000     0.00182990000
  22      1.46608600000     0.00156450000
 S 22 
   1  137507500.00000000000     0.00000003000
   2  20515050.00000000000     0.00000020000
   3  4648716.00000000000     0.00000105000
   4  1311265.00000000000     0.00000447000
   5  426185.90000000002     0.00001640000
   6  153237.10000000001     0.00005404000
   7  59459.40000000000     0.00016430000
   8  24492.81000000000     0.00046690000
   9  10590.25000000000     0.00125520000
  10   4769.78400000000     0.00318690000
  11   2226.37000000000     0.00764320000
  12   1073.08600000000     0.01696690000
  13    532.50060000000     0.03419090000
  14    271.29760000000     0.05872870000
  15    141.31190000000     0.07588560000
  16     74.58443000000     0.03506140000
  17     38.29834000000    -0.13386230000
  18     20.46913000000    -0.39136340000
  19     10.93958000000    -0.34628200000
  20      5.59036700000     0.19413270000
  21      2.88285900000     0.64519860000
  22      1.46608600000     0.42348130000
 S 22 
   1  137507500.00000000000    -0.00000000700
   2  20515050.00000000000    -0.00000005500
   3  4648716.00000000000    -0.00000028900
   4  1311265.00000000000    -0.00000123000
   5  426185.90000000002    -0.00000451700
   6  153237.10000000001    -0.00001488400
   7  59459.40000000000    -0.00004526500
   8  24492.81000000000    -0.00012858200
   9  10590.25000000000    -0.00034580100
  10   4769.78400000000    -0.00087803100
  11   2226.37000000000    -0.00210730000
  12   1073.08600000000    -0.00468170000
  13    532.50060000000    -0.00945580000
  14    271.29760000000    -0.01629900000
  15    141.31190000000    -0.02121380000
  16     74.58443000000    -0.00989440000
  17     38.29834000000     0.03863790000
  18     20.46913000000     0.11888930000
  19     10.93958000000     0.10889900000
  20      5.59036700000    -0.07220790000
  21      2.88285900000    -0.27180000000
  22      1.46608600000    -0.33716620000
 S 1 
   1      0.67483900000     1.00000000000
 S 1 
   1      0.34639900000     1.00000000000
 S 1 
   1      0.15928900000     1.00000000000
 S 1 
   1      0.07210900000     1.00000000000
 P 13 
   1  34166.16000000000     0.00003220000
   2   8086.56100000000     0.00028680000
   3   2626.51100000000     0.00166330000
   4   1005.39500000000     0.00741250000
   5    427.12730000000     0.02675120000
   6    195.15110000000     0.07889440000
   7     94.05431000000     0.18299160000
   8     46.99988000000     0.31249410000
   9     24.11746000000     0.34453220000
  10     12.51998000000     0.19164360000
  11      6.35732500000     0.03871360000
  12      3.16805200000     0.00224180000
  13      1.55348100000     0.00072090000
 P 13 
   1  34166.16000000000    -0.00001260000
   2   8086.56100000000    -0.00011190000
   3   2626.51100000000    -0.00065160000
   4   1005.39500000000    -0.00291730000
   5    427.12730000000    -0.01067380000
   6    195.15110000000    -0.03224550000
   7     94.05431000000    -0.07797310000
   8     46.99988000000    -0.14010380000
   9     24.11746000000    -0.16071320000
  10     12.51998000000    -0.00767030000
  11      6.35732500000     0.30079830000
  12      3.16805200000     0.47158780000
  13      1.55348100000     0.30320640000
 P 13 
   1  34166.16000000000     0.00000280000
   2   8086.56100000000     0.00002490000
   3   2626.51100000000     0.00014510000
   4   1005.39500000000     0.00065040000
   5    427.12730000000     0.00238180000
   6    195.15110000000     0.00722070000
   7     94.05431000000     0.01753180000
   8     46.99988000000     0.03174140000
   9     24.11746000000     0.03654490000
  10     12.51998000000    -0.00160240000
  11      6.35732500000    -0.08246440000
  12      3.16805200000    -0.13443720000
  13      1.55348100000    -0.10516860000
 P 1 
   1      0.71032500000     1.00000000000
 P 1 
   1      0.32095500000     1.00000000000
 P 1 
   1      0.13935700000     1.00000000000
 P 1 
   1      0.05841000000     1.00000000000
 D 9 
   1   1424.45100000000     0.00006660000
   2    431.06680000000     0.00065370000
   3    168.12860000000     0.00390410000
   4     74.86672000000     0.01639190000
   5     35.94586000000     0.05062320000
   6     18.09847000000     0.12110210000
   7      9.40578000000     0.21681690000
   8      4.92390400000     0.28874520000
   9      2.55649300000     0.29477690000
 D 1 
   1      1.30423300000     1.00000000000
 D 1 
   1      0.63711800000     1.00000000000
 D 1 
   1      0.27579500000     1.00000000000
 D 1 
   1      0.11530000000     1.00000000000
 F 1 
   1      0.19600000000     1.00000000000
 F 1 
   1      0.38590000000     1.00000000000
 F 1 
   1      0.75990000000     1.00000000000
 G 1 
   1      0.37000000000     1.00000000000
 G 1 
   1      0.80920000000     1.00000000000
 H 1 
   1      0.67730000000     1.00000000000

SELENIUM
 S 22 
   1  154432200.00000000000     0.00000019000
   2  23129210.00000000000     0.00000151000
   3  5261793.00000000000     0.00000796000
   4  1488817.00000000000     0.00003375000
   5  484656.59999999998     0.00012372000
   6  174270.60000000001     0.00040839000
   7  67529.09000000000     0.00124310000
   8  27750.84000000000     0.00353890000
   9  11964.22000000000     0.00948220000
  10   5370.71500000000     0.02389010000
  11   2497.31900000000     0.05587570000
  12   1198.76800000000     0.11791040000
  13    592.58030000000     0.21279620000
  14    300.97710000000     0.29893040000
  15    156.46020000000     0.27656510000
  16     82.47609000000     0.12929410000
  17     42.27089000000     0.01858750000
  18     22.63022000000     0.00007730000
  19     12.12237000000     0.00034270000
  20      6.24917000000    -0.00017530000
  21      3.24267800000     0.00003570000
  22      1.66636200000    -0.00004065000
 S 22 
   1  154432200.00000000000    -0.00000006000
   2  23129210.00000000000    -0.00000047000
   3  5261793.00000000000    -0.00000249000
   4  1488817.00000000000    -0.00001056000
   5  484656.59999999998    -0.00003873000
   6  174270.60000000001    -0.00012786000
   7  67529.09000000000    -0.00038980000
   8  27750.84000000000    -0.00111230000
   9  11964.22000000000    -0.00300070000
  10   5370.71500000000    -0.00765630000
  11   2497.31900000000    -0.01842210000
  12   1198.76800000000    -0.04101840000
  13    592.58030000000    -0.08230260000
  14    300.97710000000    -0.13988400000
  15    156.46020000000    -0.17703370000
  16     82.47609000000    -0.08877610000
  17     42.27089000000     0.22515370000
  18     22.63022000000     0.52071710000
  19     12.12237000000     0.36450930000
  20      6.24917000000     0.07361690000
  21      3.24267800000     0.00235400000
  22      1.66636200000     0.00169470000
 S 22 
   1  154432200.00000000000     0.00000002000
   2  23129210.00000000000     0.00000019000
   3  5261793.00000000000     0.00000098000
   4  1488817.00000000000     0.00000415000
   5  484656.59999999998     0.00001524000
   6  174270.60000000001     0.00005031000
   7  67529.09000000000     0.00015346000
   8  27750.84000000000     0.00043780000
   9  11964.22000000000     0.00118270000
  10   5370.71500000000     0.00302080000
  11   2497.31900000000     0.00729920000
  12   1198.76800000000     0.01635280000
  13    592.58030000000     0.03329620000
  14    300.97710000000     0.05801390000
  15    156.46020000000     0.07702330000
  16     82.47609000000     0.04110650000
  17     42.27089000000    -0.12257820000
  18     22.63022000000    -0.38533970000
  19     12.12237000000    -0.36750730000
  20      6.24917000000     0.15743400000
  21      3.24267800000     0.64408720000
  22      1.66636200000     0.44822090000
 S 22 
   1  154432200.00000000000    -0.00000000700
   2  23129210.00000000000    -0.00000005400
   3  5261793.00000000000    -0.00000028700
   4  1488817.00000000000    -0.00000121400
   5  484656.59999999998    -0.00000445600
   6  174270.60000000001    -0.00001470600
   7  67529.09000000000    -0.00004487100
   8  27750.84000000000    -0.00012798900
   9  11964.22000000000    -0.00034570200
  10   5370.71500000000    -0.00088340000
  11   2497.31900000000    -0.00213630000
  12   1198.76800000000    -0.00478920000
  13    592.58030000000    -0.00977580000
  14    300.97710000000    -0.01708770000
  15    156.46020000000    -0.02286560000
  16     82.47609000000    -0.01230280000
  17     42.27089000000     0.03752540000
  18     22.63022000000     0.12443420000
  19     12.12237000000     0.12311950000
  20      6.24917000000    -0.06243300000
  21      3.24267800000    -0.28948340000
  22      1.66636200000    -0.37443990000
 S 1 
   1      0.78726400000     1.00000000000
 S 1 
   1      0.40297200000     1.00000000000
 S 1 
   1      0.18709600000     1.00000000000
 S 1 
   1      0.08470600000     1.00000000000
 P 13 
   1  36511.34000000000     0.00003200000
   2   8640.55100000000     0.00028540000
   3   2805.69100000000     0.00165670000
   4   1073.49600000000     0.00739550000
   5    455.77470000000     0.02675430000
   6    208.09430000000     0.07909890000
   7    100.23110000000     0.18379670000
   8     50.07352000000     0.31380410000
   9     25.70026000000     0.34436500000
  10     13.34679000000     0.18985910000
  11      6.78705100000     0.03791930000
  12      3.39165400000     0.00217810000
  13      1.67032700000     0.00065900000
 P 13 
   1  36511.34000000000    -0.00001270000
   2   8640.55100000000    -0.00011300000
   3   2805.69100000000    -0.00065820000
   4   1073.49600000000    -0.00295280000
   5    455.77470000000    -0.01082890000
   6    208.09430000000    -0.03281240000
   7    100.23110000000    -0.07950700000
   8     50.07352000000    -0.14302740000
   9     25.70026000000    -0.16277870000
  10     13.34679000000    -0.00429830000
  11      6.78705100000     0.30918290000
  12      3.39165400000     0.47760130000
  13      1.67032700000     0.29285260000
 P 13 
   1  36511.34000000000     0.00000310000
   2   8640.55100000000     0.00002730000
   3   2805.69100000000     0.00015930000
   4   1073.49600000000     0.00071360000
   5    455.77470000000     0.00262600000
   6    208.09430000000     0.00796670000
   7    100.23110000000     0.01944400000
   8     50.07352000000     0.03513280000
   9     25.70026000000     0.04040280000
  10     13.34679000000    -0.00339690000
  11      6.78705100000    -0.09209990000
  12      3.39165400000    -0.15350900000
  13      1.67032700000    -0.10587050000
 P 1 
   1      0.75259900000     1.00000000000
 P 1 
   1      0.34681300000     1.00000000000
 P 1 
   1      0.15185500000     1.00000000000
 P 1 
   1      0.06385600000     1.00000000000
 D 9 
   1   1635.06600000000     0.00005910000
   2    494.67270000000     0.00058400000
   3    192.84390000000     0.00352560000
   4     85.78220000000     0.01511270000
   5     41.14997000000     0.04784460000
   6     20.67817000000     0.11743450000
   7     10.72639000000     0.21590740000
   8      5.61245400000     0.29292160000
   9      2.92037600000     0.30008640000
 D 1 
   1      1.49818400000     1.00000000000
 D 1 
   1      0.73599900000     1.00000000000
 D 1 
   1      0.31600400000     1.00000000000
 D 1 
   1      0.13310000000     1.00000000000
 F 1 
   1      0.21000000000     1.00000000000
 F 1 
   1      0.42110000000     1.00000000000
 F 1 
   1      0.84420000000     1.00000000000
 G 1 
   1      0.38500000000     1.00000000000
 G 1 
   1      0.86590000000     1.00000000000
 H 1 
   1      0.72350000000     1.00000000000

BROMINE
 S 22 
   1  165735200.00000000000     0.00000019000
   2  24774380.00000000000     0.00000149000
   3  5628202.00000000000     0.00000788000
   4  1591900.00000000000     0.00003339000
   5  518263.79999999999     0.00012231000
   6  186490.89999999999     0.00040321000
   7  72332.49000000001     0.00122564000
   8  29761.13000000000     0.00348235000
   9  12851.71000000000     0.00930856000
  10   5780.94300000000     0.02338830000
  11   2695.01000000000     0.05455300000
  12   1297.66000000000     0.11494790000
  13    643.63490000000     0.20792250000
  14    327.95190000000     0.29515960000
  15    170.92260000000     0.27987660000
  16     90.25014000000     0.13697520000
  17     46.29247000000     0.02121540000
  18     24.84866000000    -0.00002540000
  19     13.34714000000     0.00045700000
  20      6.94825800000    -0.00023480000
  21      3.62507500000     0.00006858000
  22      1.88215300000    -0.00006116000
 S 22 
   1  165735200.00000000000    -0.00000006000
   2  24774380.00000000000    -0.00000047000
   3  5628202.00000000000    -0.00000247000
   4  1591900.00000000000    -0.00001048000
   5  518263.79999999999    -0.00003840000
   6  186490.89999999999    -0.00012660000
   7  72332.49000000001    -0.00038545000
   8  29761.13000000000    -0.00109761000
   9  12851.71000000000    -0.00295379000
  10   5780.94300000000    -0.00751460000
  11   2695.01000000000    -0.01802300000
  12   1297.66000000000    -0.04002550000
  13    643.63490000000    -0.08029190000
  14    327.95190000000    -0.13721660000
  15    170.92260000000    -0.17694390000
  16     90.25014000000    -0.09770330000
  17     46.29247000000     0.20676330000
  18     24.84866000000     0.51484190000
  19     13.34714000000     0.37992060000
  20      6.94825800000     0.08301280000
  21      3.62507500000     0.00321570000
  22      1.88215300000     0.00171290000
 S 22 
   1  165735200.00000000000     0.00000002000
   2  24774380.00000000000     0.00000019000
   3  5628202.00000000000     0.00000098000
   4  1591900.00000000000     0.00000416000
   5  518263.79999999999     0.00001526000
   6  186490.89999999999     0.00005031000
   7  72332.49000000001     0.00015325000
   8  29761.13000000000     0.00043637000
   9  12851.71000000000     0.00117580000
  10   5780.94300000000     0.00299460000
  11   2695.01000000000     0.00721190000
  12   1297.66000000000     0.01611510000
  13    643.63490000000     0.03279430000
  14    327.95190000000     0.05743090000
  15    170.92260000000     0.07761870000
  16     90.25014000000     0.04564640000
  17     46.29247000000    -0.11311710000
  18     24.84866000000    -0.37955960000
  19     13.34714000000    -0.38514940000
  20      6.94825800000     0.12368510000
  21      3.62507500000     0.64061380000
  22      1.88215300000     0.47074360000
 S 22 
   1  165735200.00000000000    -0.00000000700
   2  24774380.00000000000    -0.00000005700
   3  5628202.00000000000    -0.00000030100
   4  1591900.00000000000    -0.00000127600
   5  518263.79999999999    -0.00000467800
   6  186490.89999999999    -0.00001541600
   7  72332.49000000001    -0.00004697500
   8  29761.13000000000    -0.00013372100
   9  12851.71000000000    -0.00036048500
  10   5780.94300000000    -0.00091797600
  11   2695.01000000000    -0.00221290000
  12   1297.66000000000    -0.00494730000
  13    643.63490000000    -0.01009510000
  14    327.95190000000    -0.01773240000
  15    170.92260000000    -0.02416530000
  16     90.25014000000    -0.01431800000
  17     46.29247000000     0.03628120000
  18     24.84866000000     0.12865520000
  19     13.34714000000     0.13568880000
  20      6.94825800000    -0.05167640000
  21      3.62507500000    -0.30307240000
  22      1.88215300000    -0.40738380000
 S 1 
   1      0.91082200000     1.00000000000
 S 1 
   1      0.46395700000     1.00000000000
 S 1 
   1      0.21693300000     1.00000000000
 S 1 
   1      0.09840600000     1.00000000000
 P 13 
   1  39391.53000000000     0.00003120000
   2   9325.22200000000     0.00027800000
   3   3028.99400000000     0.00161380000
   4   1159.51400000000     0.00720490000
   5    492.68130000000     0.02608730000
   6    225.17450000000     0.07729710000
   7    108.59330000000     0.18047750000
   8     54.33608000000     0.31061260000
   9     27.93665000000     0.34542970000
  10     14.53963000000     0.19485150000
  11      7.42130700000     0.04038600000
  12      3.73038900000     0.00230910000
  13      1.85412700000     0.00067150000
 P 13 
   1  39391.53000000000    -0.00001250000
   2   9325.22200000000    -0.00011160000
   3   3028.99400000000    -0.00064990000
   4   1159.51400000000    -0.00291590000
   5    492.68130000000    -0.01070090000
   6    225.17450000000    -0.03249510000
   7    108.59330000000    -0.07911230000
   8     54.33608000000    -0.14352520000
   9     27.93665000000    -0.16582480000
  10     14.53963000000    -0.01065910000
  11      7.42130700000     0.30506620000
  12      3.73038900000     0.48135630000
  13      1.85412700000     0.29427690000
 P 13 
   1  39391.53000000000     0.00000320000
   2   9325.22200000000     0.00002880000
   3   3028.99400000000     0.00016840000
   4   1159.51400000000     0.00075430000
   5    492.68130000000     0.00278010000
   6    225.17450000000     0.00844620000
   7    108.59330000000     0.02073760000
   8     54.33608000000     0.03775420000
   9     27.93665000000     0.04420620000
  10     14.53963000000    -0.00217750000
  11      7.42130700000    -0.09795300000
  12      3.73038900000    -0.16926560000
  13      1.85412700000    -0.11174900000
 P 1 
   1      0.84533700000     1.00000000000
 P 1 
   1      0.39215200000     1.00000000000
 P 1 
   1      0.17276700000     1.00000000000
 P 1 
   1      0.07290800000     1.00000000000
 D 9 
   1   1850.63500000000     0.00005380000
   2    557.07120000000     0.00054020000
   3    216.48690000000     0.00330120000
   4     96.13885000000     0.01435510000
   5     46.12638000000     0.04611680000
   6     23.20116000000     0.11478730000
   7     12.05593000000     0.21453690000
   8      6.32554500000     0.29531310000
   9      3.30492200000     0.30409380000
 D 1 
   1      1.70425300000     1.00000000000
 D 1 
   1      0.83994000000     1.00000000000
 D 1 
   1      0.35695300000     1.00000000000
 D 1 
   1      0.15200000000     1.00000000000
 F 1 
   1      0.25500000000     1.00000000000
 F 1 
   1      0.49550000000     1.00000000000
 F 1 
   1      0.96270000000     1.00000000000
 G 1 
   1      0.43900000000     1.00000000000
 G 1 
   1      0.97680000000     1.00000000000
 H 1 
   1      0.81930000000     1.00000000000

KRYPTON
 S 22 
   1  182822100.00000000000     0.00000018000
   2  27356160.00000000000     0.00000142000
   3  6221170.00000000000     0.00000746000
   4  1760278.00000000000     0.00003159000
   5  573193.80000000005     0.00011575000
   6  206258.50000000000     0.00038150000
   7  80026.67000000000     0.00115900000
   8  32939.08000000000     0.00329340000
   9  14222.63000000000     0.00881610000
  10   6393.07100000000     0.02221800000
  11   2976.45400000000     0.05208810000
  12   1430.52500000000     0.11063560000
  13    707.92620000000     0.20253260000
  14    359.84850000000     0.29263500000
  15    187.14970000000     0.28512240000
  16     98.63452000000     0.14550640000
  17     50.54787000000     0.02399390000
  18     27.16700000000    -0.00009490000
  19     14.61510000000     0.00055780000
  20      7.65135200000    -0.00028700000
  21      3.99726300000     0.00009660000
  22      2.08585300000    -0.00007840000
 S 22 
   1  182822100.00000000000    -0.00000057000
   2  27356160.00000000000    -0.00000045000
   3  6221170.00000000000    -0.00000235000
   4  1760278.00000000000    -0.00000994000
   5  573193.80000000005    -0.00003640000
   6  206258.50000000000    -0.00012010000
   7  80026.67000000000    -0.00036540000
   8  32939.08000000000    -0.00104070000
   9  14222.63000000000    -0.00280380000
  10   6393.07100000000    -0.00715090000
  11   2976.45400000000    -0.01722040000
  12   1430.52500000000    -0.03848000000
  13    707.92620000000    -0.07786280000
  14    359.84850000000    -0.13474230000
  15    187.14970000000    -0.17761480000
  16     98.63452000000    -0.10684130000
  17     50.54787000000     0.18961320000
  18     27.16700000000     0.50918710000
  19     14.61510000000     0.39398590000
  20      7.65135200000     0.09190320000
  21      3.99726300000     0.00391950000
  22      2.08585300000     0.00174960000
 S 22 
   1  182822100.00000000000     0.00000002000
   2  27356160.00000000000     0.00000018000
   3  6221170.00000000000     0.00000094000
   4  1760278.00000000000     0.00000399000
   5  573193.80000000005     0.00001462000
   6  206258.50000000000     0.00004819000
   7  80026.67000000000     0.00014670000
   8  32939.08000000000     0.00041770000
   9  14222.63000000000     0.00112670000
  10   6393.07100000000     0.00287690000
  11   2976.45400000000     0.00695490000
  12   1430.52500000000     0.01563650000
  13    707.92620000000     0.03208010000
  14    359.84850000000     0.05686890000
  15    187.14970000000     0.07848450000
  16     98.63452000000     0.05033980000
  17     50.54787000000    -0.10427420000
  18     27.16700000000    -0.37437610000
  19     14.61510000000    -0.40111310000
  20      7.65135200000     0.09683880000
  21      3.99726300000     0.64287760000
  22      2.08585300000     0.48606000000
 S 22 
   1  182822100.00000000000    -0.00000000600
   2  27356160.00000000000    -0.00000005700
   3  6221170.00000000000    -0.00000030000
   4  1760278.00000000000    -0.00000127000
   5  573193.80000000005    -0.00000465800
   6  206258.50000000000    -0.00001534700
   7  80026.67000000000    -0.00004673600
   8  32939.08000000000    -0.00013302200
   9  14222.63000000000    -0.00035906200
  10   6393.07100000000    -0.00091650000
  11   2976.45400000000    -0.00221840000
  12   1430.52500000000    -0.00498830000
  13    707.92620000000    -0.01026610000
  14    359.84850000000    -0.01824450000
  15    187.14970000000    -0.02541100000
  16     98.63452000000    -0.01639310000
  17     50.54787000000     0.03469770000
  18     27.16700000000     0.13212830000
  19     14.61510000000     0.14709250000
  20      7.65135200000    -0.04182160000
  21      3.99726300000    -0.31952400000
  22      2.08585300000    -0.43632860000
 S 1 
   1      1.01479700000     1.00000000000
 S 1 
   1      0.51978800000     1.00000000000
 S 1 
   1      0.24510300000     1.00000000000
 S 1 
   1      0.11189600000     1.00000000000
 P 13 
   1  42993.06000000000     0.00002970000
   2  10173.72000000000     0.00026510000
   3   3303.10600000000     0.00154160000
   4   1263.54000000000     0.00690650000
   5    536.36550000000     0.02513970000
   6    244.87620000000     0.07501240000
   7    117.99120000000     0.17674330000
   8     59.02125000000     0.30751350000
   9     30.35607000000     0.34706440000
  10     15.81998000000     0.20028020000
  11      8.10458000000     0.04305080000
  12      4.09796400000     0.00247720000
  13      2.05606100000     0.00067890000
 P 13 
   1  42993.06000000000    -0.00001210000
   2  10173.72000000000    -0.00010780000
   3   3303.10600000000    -0.00062900000
   4   1263.54000000000    -0.00283230000
   5    536.36550000000    -0.01044620000
   6    244.87620000000    -0.03194000000
   7    117.99120000000    -0.07845990000
   8     59.02125000000    -0.14397190000
   9     30.35607000000    -0.16917030000
  10     15.81998000000    -0.01759660000
  11      8.10458000000     0.30026490000
  12      4.09796400000     0.48476610000
  13      2.05606100000     0.29672480000
 P 13 
   1  42993.06000000000     0.00000330000
   2  10173.72000000000     0.00002930000
   3   3303.10600000000     0.00017130000
   4   1263.54000000000     0.00076950000
   5    536.36550000000     0.00285140000
   6    244.87620000000     0.00872040000
   7    117.99120000000     0.02161810000
   8     59.02125000000     0.03980240000
   9     30.35607000000     0.04747750000
  10     15.81998000000    -0.00047730000
  11      8.10458000000    -0.10218910000
  12      4.09796400000    -0.18236110000
  13      2.05606100000    -0.11733630000
 P 1 
   1      0.95214500000     1.00000000000
 P 1 
   1      0.44477400000     1.00000000000
 P 1 
   1      0.19749600000     1.00000000000
 P 1 
   1      0.08382300000     1.00000000000
 D 9 
   1   2067.43600000000     0.00004960000
   2    625.69370000000     0.00049440000
   3    243.94680000000     0.00302650000
   4    108.42370000000     0.01334610000
   5     52.00522000000     0.04378690000
   6     26.11540000000     0.11143880000
   7     13.54675000000     0.21303410000
   8      7.10581000000     0.29792410000
   9      3.72155400000     0.30796600000
 D 1 
   1      1.92912000000     1.00000000000
 D 1 
   1      0.95582600000     1.00000000000
 D 1 
   1      0.40519700000     1.00000000000
 D 1 
   1      0.17410000000     1.00000000000
 F 1 
   1      0.31500000000     1.00000000000
 F 1 
   1      0.58700000000     1.00000000000
 F 1 
   1      1.09400000000     1.00000000000
 G 1 
   1      0.50100000000     1.00000000000
 G 1 
   1      1.10400000000     1.00000000000
 H 1 
   1      0.93030000000     1.00000000000
$END



