----- Orbital basis set information -----
Your calculation utilizes the basis: cc-pVQZ 
       H, B-Ne : Obtained from the ccRepo (grant-hill.group.shef.ac.uk/ccrepo) Feb. 2017
                 T. H. Dunning, Jr., J. Chem. Phys. 90, 1007 (1989)
            He : Obtained from the ccRepo (grant-hill.group.shef.ac.uk/ccrepo) Feb. 2017
                 D. E. Woon, T. H. Dunning, Jr., J. Chem. Phys. 100, 2975 (1994)
  Li-Be, Na-Mg : Obtained from the ccRepo (grant-hill.group.shef.ac.uk/ccrepo) Feb. 2017
                 B. P. Prascher, D. E. Woon, K. A. Peterson, T. H. Dunning, Jr., A. K. Wilson, Theor. Chem. Acc. 128, 69 (2011)
         Al-Ar : Obtained from the ccRepo (grant-hill.group.shef.ac.uk/ccrepo) Feb. 2017
                 D. E. Woon, T. H. Dunning, Jr., J. Chem. Phys. 98, 1358 (1993)
            Ca : Obtained from the Peterson Research Group Website (tyr0.chem.wsu.edu/~kipeters) Feb. 2017
                 J. Koput, K. A. Peterson, J. Phys. Chem. 106, 9595 (2002)
         Sc-Zn : Obtained from the ccRepo (grant-hill.group.shef.ac.uk/ccrepo) Feb. 2017
                 N. B. Balabanov, K. A. Peterson, J. Chem. Phys. 123, 064107 (2005)
                 N. B. Balabanov, K. A. Peterson, J. Chem. Phys. 125, 074110 (2006)
         Ga-Kr : Obtained from the ccRepo (grant-hill.group.shef.ac.uk/ccrepo) Feb. 2017
                 A. K. Wilson, D. E. Woon, K. A. Peterson, T. H. Dunning, Jr., J. Chem. Phys. 110, 7667 (1999)

! -------------------------
!  BASIS SET IN INPUT FORMAT
! -------------------------

$DATA

HYDROGEN
 S 3 
   1     82.64000000000     0.00200600000
   2     12.41000000000     0.01534300000
   3      2.82400000000     0.07557900000
 S 1 
   1      0.79770000000     1.00000000000
 S 1 
   1      0.25810000000     1.00000000000
 S 1 
   1      0.08989000000     1.00000000000
 P 1 
   1      2.29200000000     1.00000000000
 P 1 
   1      0.83800000000     1.00000000000
 P 1 
   1      0.29200000000     1.00000000000
 D 1 
   1      2.06200000000     1.00000000000
 D 1 
   1      0.66200000000     1.00000000000
 F 1 
   1      1.39700000000     1.00000000000

HELIUM
 S 4 
   1    528.50000000000     0.00094000000
   2     79.31000000000     0.00721400000
   3     18.05000000000     0.03597500000
   4      5.08500000000     0.12778200000
 S 1 
   1      1.60900000000     1.00000000000
 S 1 
   1      0.53630000000     1.00000000000
 S 1 
   1      0.18330000000     1.00000000000
 P 1 
   1      5.99400000000     1.00000000000
 P 1 
   1      1.74500000000     1.00000000000
 P 1 
   1      0.56000000000     1.00000000000
 D 1 
   1      4.29900000000     1.00000000000
 D 1 
   1      1.22300000000     1.00000000000
 F 1 
   1      2.68000000000     1.00000000000

LITHIUM
 S 9 
   1   6601.00000000000     0.00011700000
   2    989.70000000000     0.00091100000
   3    225.70000000000     0.00472800000
   4     64.29000000000     0.01919700000
   5     21.18000000000     0.06304700000
   6      7.72400000000     0.16320800000
   7      3.00300000000     0.31482700000
   8      1.21200000000     0.39393600000
   9      0.49300000000     0.19691800000
 S 9 
   1   6601.00000000000    -0.00001800000
   2    989.70000000000    -0.00014200000
   3    225.70000000000    -0.00074100000
   4     64.29000000000    -0.00302000000
   5     21.18000000000    -0.01012300000
   6      7.72400000000    -0.02709400000
   7      3.00300000000    -0.05735900000
   8      1.21200000000    -0.09389500000
   9      0.49300000000    -0.12109100000
 S 1 
   1      0.09515000000     1.00000000000
 S 1 
   1      0.04791000000     1.00000000000
 S 1 
   1      0.02220000000     1.00000000000
 P 3 
   1      6.25000000000     0.00338800000
   2      1.37000000000     0.01931600000
   3      0.36720000000     0.07910400000
 P 1 
   1      0.11920000000     1.00000000000
 P 1 
   1      0.04474000000     1.00000000000
 P 1 
   1      0.01795000000     1.00000000000
 D 1 
   1      0.33520000000     1.00000000000
 D 1 
   1      0.14820000000     1.00000000000
 D 1 
   1      0.06560000000     1.00000000000
 F 1 
   1      0.22800000000     1.00000000000
 F 1 
   1      0.11350000000     1.00000000000
 G 1 
   1      0.23190000000     1.00000000000

BERYLLIUM
 S 9 
   1  14630.00000000000     0.00009200000
   2   2191.00000000000     0.00071300000
   3    498.20000000000     0.00373500000
   4    140.90000000000     0.01546800000
   5     45.86000000000     0.05287400000
   6     16.47000000000     0.14569400000
   7      6.31900000000     0.30268100000
   8      2.53500000000     0.40493600000
   9      1.03500000000     0.22238700000
 S 9 
   1  14630.00000000000    -0.00001700000
   2   2191.00000000000    -0.00013000000
   3    498.20000000000    -0.00067900000
   4    140.90000000000    -0.00285700000
   5     45.86000000000    -0.00981300000
   6     16.47000000000    -0.02860900000
   7      6.31900000000    -0.06376000000
   8      2.53500000000    -0.11723100000
   9      1.03500000000    -0.12120200000
 S 1 
   1      0.25280000000     1.00000000000
 S 1 
   1      0.10520000000     1.00000000000
 S 1 
   1      0.04261000000     1.00000000000
 P 3 
   1     14.03000000000     0.00409900000
   2      3.16800000000     0.02562600000
   3      0.90240000000     0.10376800000
 P 1 
   1      0.30360000000     1.00000000000
 P 1 
   1      0.11300000000     1.00000000000
 P 1 
   1      0.04286000000     1.00000000000
 D 1 
   1      1.12880000000     1.00000000000
 D 1 
   1      0.45690000000     1.00000000000
 D 1 
   1      0.18500000000     1.00000000000
 F 1 
   1      0.47680000000     1.00000000000
 F 1 
   1      0.25210000000     1.00000000000
 G 1 
   1      0.41310000000     1.00000000000

BORON
 S 9 
   1  23870.00000000000     0.00008800000
   2   3575.00000000000     0.00068700000
   3    812.80000000000     0.00360000000
   4    229.70000000000     0.01494900000
   5     74.69000000000     0.05143500000
   6     26.81000000000     0.14330200000
   7     10.32000000000     0.30093500000
   8      4.17800000000     0.40352600000
   9      1.72700000000     0.22534000000
 S 9 
   1  23870.00000000000    -0.00001800000
   2   3575.00000000000    -0.00013900000
   3    812.80000000000    -0.00072500000
   4    229.70000000000    -0.00306300000
   5     74.69000000000    -0.01058100000
   6     26.81000000000    -0.03136500000
   7     10.32000000000    -0.07101200000
   8      4.17800000000    -0.13210300000
   9      1.72700000000    -0.12307200000
 S 1 
   1      0.47040000000     1.00000000000
 S 1 
   1      0.18960000000     1.00000000000
 S 1 
   1      0.07394000000     1.00000000000
 P 3 
   1     22.26000000000     0.00509500000
   2      5.05800000000     0.03320600000
   3      1.48700000000     0.13231400000
 P 1 
   1      0.50710000000     1.00000000000
 P 1 
   1      0.18120000000     1.00000000000
 P 1 
   1      0.06463000000     1.00000000000
 D 1 
   1      1.11000000000     1.00000000000
 D 1 
   1      0.40200000000     1.00000000000
 D 1 
   1      0.14500000000     1.00000000000
 F 1 
   1      0.88200000000     1.00000000000
 F 1 
   1      0.31100000000     1.00000000000
 G 1 
   1      0.67300000000     1.00000000000

CARBON
 S 9 
   1  33980.00000000000     0.00009100000
   2   5089.00000000000     0.00070400000
   3   1157.00000000000     0.00369300000
   4    326.60000000000     0.01536000000
   5    106.10000000000     0.05292900000
   6     38.11000000000     0.14704300000
   7     14.75000000000     0.30563100000
   8      6.03500000000     0.39934500000
   9      2.53000000000     0.21705100000
 S 9 
   1  33980.00000000000    -0.00001900000
   2   5089.00000000000    -0.00015100000
   3   1157.00000000000    -0.00078500000
   4    326.60000000000    -0.00332400000
   5    106.10000000000    -0.01151200000
   6     38.11000000000    -0.03416000000
   7     14.75000000000    -0.07717300000
   8      6.03500000000    -0.14149300000
   9      2.53000000000    -0.11801900000
 S 1 
   1      0.73550000000     1.00000000000
 S 1 
   1      0.29050000000     1.00000000000
 S 1 
   1      0.11110000000     1.00000000000
 P 3 
   1     34.51000000000     0.00537800000
   2      7.91500000000     0.03613200000
   3      2.36800000000     0.14249300000
 P 1 
   1      0.81320000000     1.00000000000
 P 1 
   1      0.28900000000     1.00000000000
 P 1 
   1      0.10070000000     1.00000000000
 D 1 
   1      1.84800000000     1.00000000000
 D 1 
   1      0.64900000000     1.00000000000
 D 1 
   1      0.22800000000     1.00000000000
 F 1 
   1      1.41900000000     1.00000000000
 F 1 
   1      0.48500000000     1.00000000000
 G 1 
   1      1.01100000000     1.00000000000

NITROGEN
 S 9 
   1  45840.00000000000     0.00009200000
   2   6868.00000000000     0.00071700000
   3   1563.00000000000     0.00374900000
   4    442.40000000000     0.01553200000
   5    144.30000000000     0.05314600000
   6     52.18000000000     0.14678700000
   7     20.34000000000     0.30466300000
   8      8.38100000000     0.39768400000
   9      3.52900000000     0.21764100000
 S 9 
   1  45840.00000000000    -0.00002000000
   2   6868.00000000000    -0.00015900000
   3   1563.00000000000    -0.00082400000
   4    442.40000000000    -0.00347800000
   5    144.30000000000    -0.01196600000
   6     52.18000000000    -0.03538800000
   7     20.34000000000    -0.08007700000
   8      8.38100000000    -0.14672200000
   9      3.52900000000    -0.11636000000
 S 1 
   1      1.05400000000     1.00000000000
 S 1 
   1      0.41180000000     1.00000000000
 S 1 
   1      0.15520000000     1.00000000000
 P 3 
   1     49.33000000000     0.00553300000
   2     11.37000000000     0.03796200000
   3      3.43500000000     0.14902800000
 P 1 
   1      1.18200000000     1.00000000000
 P 1 
   1      0.41730000000     1.00000000000
 P 1 
   1      0.14280000000     1.00000000000
 D 1 
   1      2.83700000000     1.00000000000
 D 1 
   1      0.96800000000     1.00000000000
 D 1 
   1      0.33500000000     1.00000000000
 F 1 
   1      2.02700000000     1.00000000000
 F 1 
   1      0.68500000000     1.00000000000
 G 1 
   1      1.42700000000     1.00000000000

OXYGEN
 S 9 
   1  61420.00000000000     0.00009000000
   2   9199.00000000000     0.00069800000
   3   2091.00000000000     0.00366400000
   4    590.90000000000     0.01521800000
   5    192.30000000000     0.05242300000
   6     69.32000000000     0.14592100000
   7     26.97000000000     0.30525800000
   8     11.10000000000     0.39850800000
   9      4.68200000000     0.21698000000
 S 9 
   1  61420.00000000000    -0.00002000000
   2   9199.00000000000    -0.00015900000
   3   2091.00000000000    -0.00082900000
   4    590.90000000000    -0.00350800000
   5    192.30000000000    -0.01215600000
   6     69.32000000000    -0.03626100000
   7     26.97000000000    -0.08299200000
   8     11.10000000000    -0.15209000000
   9      4.68200000000    -0.11533100000
 S 1 
   1      1.42800000000     1.00000000000
 S 1 
   1      0.55470000000     1.00000000000
 S 1 
   1      0.20670000000     1.00000000000
 P 3 
   1     63.42000000000     0.00604400000
   2     14.66000000000     0.04179900000
   3      4.45900000000     0.16114300000
 P 1 
   1      1.53100000000     1.00000000000
 P 1 
   1      0.53020000000     1.00000000000
 P 1 
   1      0.17500000000     1.00000000000
 D 1 
   1      3.77500000000     1.00000000000
 D 1 
   1      1.30000000000     1.00000000000
 D 1 
   1      0.44400000000     1.00000000000
 F 1 
   1      2.66600000000     1.00000000000
 F 1 
   1      0.85900000000     1.00000000000
 G 1 
   1      1.84600000000     1.00000000000

FLUORINE
 S 9 
   1  74530.00000000000     0.00009500000
   2  11170.00000000000     0.00073800000
   3   2543.00000000000     0.00385800000
   4    721.00000000000     0.01592600000
   5    235.90000000000     0.05428900000
   6     85.60000000000     0.14951300000
   7     33.55000000000     0.30825200000
   8     13.93000000000     0.39485300000
   9      5.91500000000     0.21103100000
 S 9 
   1  74530.00000000000    -0.00002200000
   2  11170.00000000000    -0.00017200000
   3   2543.00000000000    -0.00089100000
   4    721.00000000000    -0.00374800000
   5    235.90000000000    -0.01286200000
   6     85.60000000000    -0.03806100000
   7     33.55000000000    -0.08623900000
   8     13.93000000000    -0.15586500000
   9      5.91500000000    -0.11091400000
 S 1 
   1      1.84300000000     1.00000000000
 S 1 
   1      0.71240000000     1.00000000000
 S 1 
   1      0.26370000000     1.00000000000
 P 3 
   1     80.39000000000     0.00634700000
   2     18.63000000000     0.04420400000
   3      5.69400000000     0.16851400000
 P 1 
   1      1.95300000000     1.00000000000
 P 1 
   1      0.67020000000     1.00000000000
 P 1 
   1      0.21660000000     1.00000000000
 D 1 
   1      5.01400000000     1.00000000000
 D 1 
   1      1.72500000000     1.00000000000
 D 1 
   1      0.58600000000     1.00000000000
 F 1 
   1      3.56200000000     1.00000000000
 F 1 
   1      1.14800000000     1.00000000000
 G 1 
   1      2.37600000000     1.00000000000

NEON
 S 9 
   1  99920.00000000000     0.00008600000
   2  14960.00000000000     0.00066900000
   3   3399.00000000000     0.00351800000
   4    958.90000000000     0.01466700000
   5    311.20000000000     0.05096200000
   6    111.70000000000     0.14374400000
   7     43.32000000000     0.30456200000
   8     17.80000000000     0.40010500000
   9      7.50300000000     0.21864400000
 S 9 
   1  99920.00000000000    -0.00002000000
   2  14960.00000000000    -0.00015800000
   3   3399.00000000000    -0.00082400000
   4    958.90000000000    -0.00350000000
   5    311.20000000000    -0.01223300000
   6    111.70000000000    -0.03701700000
   7     43.32000000000    -0.08611300000
   8     17.80000000000    -0.15838100000
   9      7.50300000000    -0.11428800000
 S 1 
   1      2.33700000000     1.00000000000
 S 1 
   1      0.90010000000     1.00000000000
 S 1 
   1      0.33010000000     1.00000000000
 P 3 
   1     99.68000000000     0.00656600000
   2     23.15000000000     0.04597900000
   3      7.10800000000     0.17341900000
 P 1 
   1      2.44100000000     1.00000000000
 P 1 
   1      0.83390000000     1.00000000000
 P 1 
   1      0.26620000000     1.00000000000
 D 1 
   1      6.47100000000     1.00000000000
 D 1 
   1      2.21300000000     1.00000000000
 D 1 
   1      0.74700000000     1.00000000000
 F 1 
   1      4.65700000000     1.00000000000
 F 1 
   1      1.52400000000     1.00000000000
 G 1 
   1      2.98300000000     1.00000000000

SODIUM
 S 16 
   1  1224000.00000000000     0.00000478890
   2  183200.00000000000     0.00003723950
   3  41700.00000000000     0.00019583100
   4  11810.00000000000     0.00082669800
   5   3853.00000000000     0.00300251000
   6   1391.00000000000     0.00970310000
   7    542.50000000000     0.02823370000
   8    224.90000000000     0.07320580000
   9     97.93000000000     0.16289700000
  10     44.31000000000     0.28870800000
  11     20.65000000000     0.34682900000
  12      9.72900000000     0.20686500000
  13      4.22800000000     0.03280090000
  14      1.96900000000    -0.00064773600
  15      0.88900000000     0.00145878000
  16      0.39640000000    -0.00017834600
 S 16 
   1  1224000.00000000000    -0.00000116960
   2  183200.00000000000    -0.00000909110
   3  41700.00000000000    -0.00004784990
   4  11810.00000000000    -0.00020196200
   5   3853.00000000000    -0.00073583700
   6   1391.00000000000    -0.00238746000
   7    542.50000000000    -0.00704969000
   8    224.90000000000    -0.01878560000
   9     97.93000000000    -0.04461530000
  10     44.31000000000    -0.08977410000
  11     20.65000000000    -0.14294000000
  12      9.72900000000    -0.12431500000
  13      4.22800000000     0.09996480000
  14      1.96900000000     0.41708000000
  15      0.88900000000     0.47512300000
  16      0.39640000000     0.16326800000
 S 16 
   1  1224000.00000000000     0.00000017590
   2  183200.00000000000     0.00000136590
   3  41700.00000000000     0.00000719800
   4  11810.00000000000     0.00003033490
   5   3853.00000000000     0.00011075200
   6   1391.00000000000     0.00035859600
   7    542.50000000000     0.00106272000
   8    224.90000000000     0.00282687000
   9     97.93000000000     0.00676742000
  10     44.31000000000     0.01364800000
  11     20.65000000000     0.02228140000
  12      9.72900000000     0.01960110000
  13      4.22800000000    -0.01677080000
  14      1.96900000000    -0.07737340000
  15      0.88900000000    -0.11350100000
  16      0.39640000000    -0.13913000000
 S 1 
   1      0.06993000000     1.00000000000
 S 1 
   1      0.03289000000     1.00000000000
 S 1 
   1      0.01612000000     1.00000000000
 P 9 
   1    413.40000000000     0.00090819600
   2     97.98000000000     0.00741773000
   3     31.37000000000     0.03574640000
   4     11.62000000000     0.11852000000
   5      4.67100000000     0.26140300000
   6      1.91800000000     0.37839500000
   7      0.77750000000     0.33463200000
   8      0.30130000000     0.12684400000
   9      0.22750000000    -0.01471170000
 P 9 
   1    413.40000000000    -0.00009017410
   2     97.98000000000    -0.00073934200
   3     31.37000000000    -0.00357309000
   4     11.62000000000    -0.01201420000
   5      4.67100000000    -0.02671780000
   6      1.91800000000    -0.03927530000
   7      0.77750000000    -0.03760830000
   8      0.30130000000    -0.04332280000
   9      0.22750000000     0.05180030000
 P 1 
   1      0.07527000000     1.00000000000
 P 1 
   1      0.03126000000     1.00000000000
 P 1 
   1      0.01342000000     1.00000000000
 D 1 
   1      0.21160000000     1.00000000000
 D 1 
   1      0.10390000000     1.00000000000
 D 1 
   1      0.05100000000     1.00000000000
 F 1 
   1      0.20060000000     1.00000000000
 F 1 
   1      0.10090000000     1.00000000000
 G 1 
   1      0.17760000000     1.00000000000

MAGNESIUM
 S 13 
   1  327600.00000000000     0.00003096080
   2  49050.00000000000     0.00024095400
   3  11150.00000000000     0.00126660000
   4   3152.00000000000     0.00533359000
   5   1025.00000000000     0.01907700000
   6    368.80000000000     0.05880580000
   7    143.20000000000     0.15145400000
   8     58.96000000000     0.30071600000
   9     25.40000000000     0.38114900000
  10     11.15000000000     0.21358400000
  11      4.00400000000     0.02312100000
  12      1.70100000000    -0.00230757000
  13      0.70600000000     0.00128900000
 S 13 
   1  327600.00000000000    -0.00000783170
   2  49050.00000000000    -0.00006079350
   3  11150.00000000000    -0.00032119700
   4   3152.00000000000    -0.00134955000
   5   1025.00000000000    -0.00490570000
   6    368.80000000000    -0.01535610000
   7    143.20000000000    -0.04234090000
   8     58.96000000000    -0.09406030000
   9     25.40000000000    -0.16342500000
  10     11.15000000000    -0.12475400000
  11      4.00400000000     0.23562300000
  12      1.70100000000     0.57756300000
  13      0.70600000000     0.33523200000
 S 13 
   1  327600.00000000000     0.00000150910
   2  49050.00000000000     0.00001171340
   3  11150.00000000000     0.00006189800
   4   3152.00000000000     0.00026008800
   5   1025.00000000000     0.00094621800
   6    368.80000000000     0.00296595000
   7    143.20000000000     0.00821245000
   8     58.96000000000     0.01839770000
   9     25.40000000000     0.03266570000
  10     11.15000000000     0.02573150000
  11      4.00400000000    -0.05353510000
  12      1.70100000000    -0.15689500000
  13      0.70600000000    -0.20665900000
 S 1 
   1      0.14100000000     1.00000000000
 S 1 
   1      0.06808000000     1.00000000000
 S 1 
   1      0.03063000000     1.00000000000
 P 9 
   1    539.60000000000     0.00083396900
   2    127.90000000000     0.00689215000
   3     41.02000000000     0.03378740000
   4     15.25000000000     0.11440100000
   5      6.16600000000     0.25951400000
   6      2.56100000000     0.38509500000
   7      1.06000000000     0.33537300000
   8      0.41760000000     0.11064100000
   9      0.26900000000    -0.01213150000
 P 9 
   1    539.60000000000    -0.00013207600
   2    127.90000000000    -0.00109538000
   3     41.02000000000    -0.00539495000
   4     15.25000000000    -0.01855720000
   5      6.16600000000    -0.04273750000
   6      2.56100000000    -0.06476840000
   7      1.06000000000    -0.06278180000
   8      0.41760000000    -0.02449120000
   9      0.26900000000     0.10476100000
 P 1 
   1      0.12230000000     1.00000000000
 P 1 
   1      0.05476000000     1.00000000000
 P 1 
   1      0.02388000000     1.00000000000
 D 1 
   1      0.36510000000     1.00000000000
 D 1 
   1      0.19180000000     1.00000000000
 D 1 
   1      0.10080000000     1.00000000000
 F 1 
   1      0.36220000000     1.00000000000
 F 1 
   1      0.17910000000     1.00000000000
 G 1 
   1      0.30630000000     1.00000000000

ALUMINUM
 S 13 
   1  419600.00000000000     0.00002782190
   2  62830.00000000000     0.00021633000
   3  14290.00000000000     0.00113754000
   4   4038.00000000000     0.00479635000
   5   1312.00000000000     0.01723890000
   6    470.50000000000     0.05380660000
   7    181.80000000000     0.14132600000
   8     74.46000000000     0.28926800000
   9     31.90000000000     0.38482500000
  10     13.96000000000     0.23285200000
  11      5.18000000000     0.02933300000
  12      2.26500000000    -0.00300574000
  13      0.96640000000     0.00166673000
 S 13 
   1  419600.00000000000    -0.00000723750
   2  62830.00000000000    -0.00005617330
   3  14290.00000000000    -0.00029652800
   4   4038.00000000000    -0.00124913000
   5   1312.00000000000    -0.00455101000
   6    470.50000000000    -0.01443930000
   7    181.80000000000    -0.04034640000
   8     74.46000000000    -0.09226180000
   9     31.90000000000    -0.16451000000
  10     13.96000000000    -0.14129600000
  11      5.18000000000     0.19536500000
  12      2.26500000000     0.57247500000
  13      0.96640000000     0.37404100000
 S 13 
   1  419600.00000000000     0.00000167150
   2  62830.00000000000     0.00001296410
   3  14290.00000000000     0.00006851010
   4   4038.00000000000     0.00028827400
   5   1312.00000000000     0.00105276000
   6    470.50000000000     0.00333878000
   7    181.80000000000     0.00939217000
   8     74.46000000000     0.02160470000
   9     31.90000000000     0.03958730000
  10     13.96000000000     0.03491800000
  11      5.18000000000    -0.05284150000
  12      2.26500000000    -0.19187800000
  13      0.96640000000    -0.25411500000
 S 1 
   1      0.24470000000     1.00000000000
 S 1 
   1      0.11840000000     1.00000000000
 S 1 
   1      0.05021000000     1.00000000000
 P 8 
   1    891.30000000000     0.00049175500
   2    211.30000000000     0.00415843000
   3     68.28000000000     0.02125380000
   4     25.70000000000     0.07640580000
   5     10.63000000000     0.19427700000
   6      4.60200000000     0.33442800000
   7      2.01500000000     0.37502600000
   8      0.87060000000     0.20404100000
 P 8 
   1    891.30000000000    -0.00008886950
   2    211.30000000000    -0.00074582300
   3     68.28000000000    -0.00387025000
   4     25.70000000000    -0.01393500000
   5     10.63000000000    -0.03668600000
   6      4.60200000000    -0.06277970000
   7      2.01500000000    -0.07896020000
   8      0.87060000000    -0.02885890000
 P 1 
   1      0.29720000000     1.00000000000
 P 1 
   1      0.11000000000     1.00000000000
 P 1 
   1      0.03989000000     1.00000000000
 D 1 
   1      0.08040000000     1.00000000000
 D 1 
   1      0.19900000000     1.00000000000
 D 1 
   1      0.49400000000     1.00000000000
 F 1 
   1      0.15400000000     1.00000000000
 F 1 
   1      0.40100000000     1.00000000000
 G 1 
   1      0.35700000000     1.00000000000

SILICON
 S 13 
   1  513000.00000000000     0.00002609200
   2  76820.00000000000     0.00020290500
   3  17470.00000000000     0.00106715000
   4   4935.00000000000     0.00450597000
   5   1602.00000000000     0.01623590000
   6    574.10000000000     0.05089130000
   7    221.50000000000     0.13515500000
   8     90.54000000000     0.28129200000
   9     38.74000000000     0.38533600000
  10     16.95000000000     0.24565100000
  11      6.45200000000     0.03431450000
  12      2.87400000000    -0.00334884000
  13      1.25000000000     0.00187625000
 S 13 
   1  513000.00000000000    -0.00000694880
   2  76820.00000000000    -0.00005396410
   3  17470.00000000000    -0.00028471600
   4   4935.00000000000    -0.00120203000
   5   1602.00000000000    -0.00438397000
   6    574.10000000000    -0.01397760000
   7    221.50000000000    -0.03935160000
   8     90.54000000000    -0.09142830000
   9     38.74000000000    -0.16560900000
  10     16.95000000000    -0.15250500000
  11      6.45200000000     0.16852400000
  12      2.87400000000     0.56928400000
  13      1.25000000000     0.39805600000
 S 13 
   1  513000.00000000000     0.00000178070
   2  76820.00000000000     0.00001381480
   3  17470.00000000000     0.00007300050
   4   4935.00000000000     0.00030766600
   5   1602.00000000000     0.00112563000
   6    574.10000000000     0.00358435000
   7    221.50000000000     0.01017280000
   8     90.54000000000     0.02375200000
   9     38.74000000000     0.04434830000
  10     16.95000000000     0.04190410000
  11      6.45200000000    -0.05025040000
  12      2.87400000000    -0.21657800000
  13      1.25000000000    -0.28644800000
 S 1 
   1      0.35990000000     1.00000000000
 S 1 
   1      0.16990000000     1.00000000000
 S 1 
   1      0.07066000000     1.00000000000
 P 8 
   1   1122.00000000000     0.00044814300
   2    266.00000000000     0.00381639000
   3     85.92000000000     0.01981050000
   4     32.33000000000     0.07270170000
   5     13.37000000000     0.18983900000
   6      5.80000000000     0.33567200000
   7      2.55900000000     0.37936500000
   8      1.12400000000     0.20119300000
 P 8 
   1   1122.00000000000    -0.00009648830
   2    266.00000000000    -0.00081197100
   3     85.92000000000    -0.00430087000
   4     32.33000000000    -0.01575020000
   5     13.37000000000    -0.04295410000
   6      5.80000000000    -0.07525740000
   7      2.55900000000    -0.09714460000
   8      1.12400000000    -0.02275070000
 P 1 
   1      0.39880000000     1.00000000000
 P 1 
   1      0.15330000000     1.00000000000
 P 1 
   1      0.05728000000     1.00000000000
 D 1 
   1      0.12000000000     1.00000000000
 D 1 
   1      0.30200000000     1.00000000000
 D 1 
   1      0.76000000000     1.00000000000
 F 1 
   1      0.21200000000     1.00000000000
 F 1 
   1      0.54100000000     1.00000000000
 G 1 
   1      0.46100000000     1.00000000000

PHOSPHOROUS
 S 13 
   1  615200.00000000000     0.00002474500
   2  92120.00000000000     0.00019246500
   3  20950.00000000000     0.00101202000
   4   5920.00000000000     0.00427261000
   5   1922.00000000000     0.01541610000
   6    688.00000000000     0.04859760000
   7    265.00000000000     0.13006000000
   8    108.20000000000     0.27451400000
   9     46.22000000000     0.38540200000
  10     20.23000000000     0.25593400000
  11      7.85900000000     0.03912370000
  12      3.54700000000    -0.00368010000
  13      1.56400000000     0.00208211000
 S 13 
   1  615200.00000000000    -0.00000672210
   2  92120.00000000000    -0.00005223110
   3  20950.00000000000    -0.00027536100
   4   5920.00000000000    -0.00116307000
   5   1922.00000000000    -0.00424281000
   6    688.00000000000    -0.01361140000
   7    265.00000000000    -0.03851140000
   8    108.20000000000    -0.09066430000
   9     46.22000000000    -0.16658400000
  10     20.23000000000    -0.16144700000
  11      7.85900000000     0.14678100000
  12      3.54700000000     0.56668200000
  13      1.56400000000     0.41643300000
 S 13 
   1  615200.00000000000     0.00000184740
   2  92120.00000000000     0.00001433800
   3  20950.00000000000     0.00007572280
   4   5920.00000000000     0.00031920500
   5   1922.00000000000     0.00116851000
   6    688.00000000000     0.00374267000
   7    265.00000000000     0.01068170000
   8    108.20000000000     0.02526570000
   9     46.22000000000     0.04792830000
  10     20.23000000000     0.04770960000
  11      7.85900000000    -0.04665250000
  12      3.54700000000    -0.23496800000
  13      1.56400000000    -0.31133700000
 S 1 
   1      0.48880000000     1.00000000000
 S 1 
   1      0.22660000000     1.00000000000
 S 1 
   1      0.09331000000     1.00000000000
 P 8 
   1   1367.00000000000     0.00042101500
   2    324.00000000000     0.00360985000
   3    104.60000000000     0.01892170000
   4     39.37000000000     0.07055600000
   5     16.26000000000     0.18815700000
   6      7.05600000000     0.33870900000
   7      3.13000000000     0.38194300000
   8      1.39400000000     0.19526100000
 P 8 
   1   1367.00000000000    -0.00010082700
   2    324.00000000000    -0.00085449900
   3    104.60000000000    -0.00457116000
   4     39.37000000000    -0.01703270000
   5     16.26000000000    -0.04752040000
   6      7.05600000000    -0.08527860000
   7      3.13000000000    -0.10967600000
   8      1.39400000000    -0.01611810000
 P 1 
   1      0.51790000000     1.00000000000
 P 1 
   1      0.20320000000     1.00000000000
 P 1 
   1      0.07698000000     1.00000000000
 D 1 
   1      0.16500000000     1.00000000000
 D 1 
   1      0.41300000000     1.00000000000
 D 1 
   1      1.03600000000     1.00000000000
 F 1 
   1      0.28000000000     1.00000000000
 F 1 
   1      0.70300000000     1.00000000000
 G 1 
   1      0.59700000000     1.00000000000

SULFUR
 S 13 
   1  727800.00000000000     0.00002360250
   2  109000.00000000000     0.00018348200
   3  24800.00000000000     0.00096427800
   4   7014.00000000000     0.00406537000
   5   2278.00000000000     0.01469730000
   6    814.70000000000     0.04650810000
   7    313.40000000000     0.12550800000
   8    127.70000000000     0.26843300000
   9     54.48000000000     0.38480900000
  10     23.85000000000     0.26537200000
  11      9.42800000000     0.04373260000
  12      4.29000000000    -0.00378807000
  13      1.90900000000     0.00218083000
 S 13 
   1  727800.00000000000    -0.00000652180
   2  109000.00000000000    -0.00005066310
   3  24800.00000000000    -0.00026683300
   4   7014.00000000000    -0.00112601000
   5   2278.00000000000    -0.00411186000
   6    814.70000000000    -0.01324540000
   7    313.40000000000    -0.03770040000
   8    127.70000000000    -0.08985540000
   9     54.48000000000    -0.16709800000
  10     23.85000000000    -0.16935400000
  11      9.42800000000     0.12782400000
  12      4.29000000000     0.56486200000
  13      1.90900000000     0.43176700000
 S 13 
   1  727800.00000000000     0.00000189410
   2  109000.00000000000     0.00001469480
   3  24800.00000000000     0.00007754600
   4   7014.00000000000     0.00032650900
   5   2278.00000000000     0.00119686000
   6    814.70000000000     0.00384799000
   7    313.40000000000     0.01105390000
   8    127.70000000000     0.02646450000
   9     54.48000000000     0.05087710000
  10     23.85000000000     0.05300300000
  11      9.42800000000    -0.04255180000
  12      4.29000000000    -0.25085300000
  13      1.90900000000    -0.33315200000
 S 1 
   1      0.62700000000     1.00000000000
 S 1 
   1      0.28730000000     1.00000000000
 S 1 
   1      0.11720000000     1.00000000000
 P 8 
   1   1546.00000000000     0.00044118300
   2    366.40000000000     0.00377571000
   3    118.40000000000     0.01983600000
   4     44.53000000000     0.07420630000
   5     18.38000000000     0.19732700000
   6      7.96500000000     0.35185100000
   7      3.54100000000     0.37868700000
   8      1.59100000000     0.17093100000
 P 8 
   1   1546.00000000000    -0.00011311000
   2    366.40000000000    -0.00095858100
   3    118.40000000000    -0.00513471000
   4     44.53000000000    -0.01926410000
   5     18.38000000000    -0.05359800000
   6      7.96500000000    -0.09603330000
   7      3.54100000000    -0.11818300000
   8      1.59100000000     0.00923194000
 P 1 
   1      0.62050000000     1.00000000000
 P 1 
   1      0.24200000000     1.00000000000
 P 1 
   1      0.09014000000     1.00000000000
 D 1 
   1      0.20300000000     1.00000000000
 D 1 
   1      0.50400000000     1.00000000000
 D 1 
   1      1.25000000000     1.00000000000
 F 1 
   1      0.33500000000     1.00000000000
 F 1 
   1      0.86900000000     1.00000000000
 G 1 
   1      0.68300000000     1.00000000000

CHLORINE
 S 13 
   1  834900.00000000000     0.00002316880
   2  125000.00000000000     0.00018015400
   3  28430.00000000000     0.00094778200
   4   8033.00000000000     0.00400139000
   5   2608.00000000000     0.01446290000
   6    933.90000000000     0.04565860000
   7    360.00000000000     0.12324800000
   8    147.00000000000     0.26436900000
   9     62.88000000000     0.38298900000
  10     27.60000000000     0.27093400000
  11     11.08000000000     0.04714040000
  12      5.07500000000    -0.00371766000
  13      2.27800000000     0.00219158000
 S 13 
   1  834900.00000000000    -0.00000649650
   2  125000.00000000000    -0.00005048950
   3  28430.00000000000    -0.00026611300
   4   8033.00000000000    -0.00112499000
   5   2608.00000000000    -0.00410497000
   6    933.90000000000    -0.01319870000
   7    360.00000000000    -0.03753420000
   8    147.00000000000    -0.08972330000
   9     62.88000000000    -0.16767100000
  10     27.60000000000    -0.17476300000
  11     11.08000000000     0.11490900000
  12      5.07500000000     0.56361800000
  13      2.27800000000     0.44160600000
 S 13 
   1  834900.00000000000     0.00000196650
   2  125000.00000000000     0.00001526200
   3  28430.00000000000     0.00008060860
   4   8033.00000000000     0.00033996000
   5   2608.00000000000     0.00124551000
   6    933.90000000000     0.00399612000
   7    360.00000000000     0.01147510000
   8    147.00000000000     0.02755040000
   9     62.88000000000     0.05329170000
  10     27.60000000000     0.05712460000
  11     11.08000000000    -0.03952010000
  12      5.07500000000    -0.26434300000
  13      2.27800000000    -0.34929100000
 S 1 
   1      0.77750000000     1.00000000000
 S 1 
   1      0.35270000000     1.00000000000
 S 1 
   1      0.14310000000     1.00000000000
 P 8 
   1   1703.00000000000     0.00047403900
   2    403.60000000000     0.00406412000
   3    130.30000000000     0.02133550000
   4     49.05000000000     0.07946110000
   5     20.26000000000     0.20892700000
   6      8.78700000000     0.36494500000
   7      3.91900000000     0.37172500000
   8      1.76500000000     0.14629200000
 P 8 
   1   1703.00000000000    -0.00012826600
   2    403.60000000000    -0.00109356000
   3    130.30000000000    -0.00583429000
   4     49.05000000000    -0.02192580000
   5     20.26000000000    -0.06013850000
   6      8.78700000000    -0.10692900000
   7      3.91900000000    -0.12245400000
   8      1.76500000000     0.03836190000
 P 1 
   1      0.72070000000     1.00000000000
 P 1 
   1      0.28390000000     1.00000000000
 P 1 
   1      0.10600000000     1.00000000000
 D 1 
   1      0.25400000000     1.00000000000
 D 1 
   1      0.62800000000     1.00000000000
 D 1 
   1      1.55100000000     1.00000000000
 F 1 
   1      0.42300000000     1.00000000000
 F 1 
   1      1.08900000000     1.00000000000
 G 1 
   1      0.82700000000     1.00000000000

ARGON
 S 13 
   1  950600.00000000000     0.00002275450
   2  142300.00000000000     0.00017694500
   3  32360.00000000000     0.00093128200
   4   9145.00000000000     0.00392860000
   5   2970.00000000000     0.01420640000
   6   1064.00000000000     0.04481140000
   7    410.80000000000     0.12100100000
   8    168.00000000000     0.26057900000
   9     71.99000000000     0.38136400000
  10     31.67000000000     0.27605800000
  11     12.89000000000     0.05051790000
  12      5.92900000000    -0.00359866000
  13      2.67800000000     0.00218798000
 S 13 
   1  950600.00000000000    -0.00000646200
   2  142300.00000000000    -0.00005023460
   3  32360.00000000000    -0.00026480400
   4   9145.00000000000    -0.00111895000
   5   2970.00000000000    -0.00408276000
   6   1064.00000000000    -0.01312160000
   7    410.80000000000    -0.03728550000
   8    168.00000000000    -0.08947090000
   9     71.99000000000    -0.16805400000
  10     31.67000000000    -0.17959400000
  11     12.89000000000     0.10295300000
  12      5.92900000000     0.56263000000
  13      2.67800000000     0.45035500000
 S 13 
   1  950600.00000000000     0.00000202060
   2  142300.00000000000     0.00001568510
   3  32360.00000000000     0.00008286170
   4   9145.00000000000     0.00034926400
   5   2970.00000000000     0.00127976000
   6   1064.00000000000     0.00410365000
   7    410.80000000000     0.01177890000
   8    168.00000000000     0.02838680000
   9     71.99000000000     0.05524060000
  10     31.67000000000     0.06074920000
  11     12.89000000000    -0.03620120000
  12      5.92900000000    -0.27539800000
  13      2.67800000000    -0.36284500000
 S 1 
   1      0.94160000000     1.00000000000
 S 1 
   1      0.42390000000     1.00000000000
 S 1 
   1      0.17140000000     1.00000000000
 P 8 
   1   1890.00000000000     0.00049575200
   2    447.80000000000     0.00425172000
   3    144.60000000000     0.02232770000
   4     54.46000000000     0.08308780000
   5     22.51000000000     0.21711000000
   6      9.77400000000     0.37450700000
   7      4.36800000000     0.36644500000
   8      1.95900000000     0.12924500000
 P 8 
   1   1890.00000000000    -0.00013886300
   2    447.80000000000    -0.00118870000
   3    144.60000000000    -0.00632553000
   4     54.46000000000    -0.02388130000
   5     22.51000000000    -0.06492380000
   6      9.77400000000    -0.11544400000
   7      4.36800000000    -0.12365100000
   8      1.95900000000     0.06490550000
 P 1 
   1      0.82600000000     1.00000000000
 P 1 
   1      0.32970000000     1.00000000000
 P 1 
   1      0.12420000000     1.00000000000
 D 1 
   1      0.31100000000     1.00000000000
 D 1 
   1      0.76300000000     1.00000000000
 D 1 
   1      1.87300000000     1.00000000000
 F 1 
   1      0.54300000000     1.00000000000
 F 1 
   1      1.32500000000     1.00000000000
 G 1 
   1      1.00700000000     1.00000000000

CALCIUM
 S 19 
   1  7503960.00000000000     0.00000224000
   2  1123486.00000000000     0.00001744000
   3  255663.50000000000     0.00009177000
   4  72416.06000000000     0.00038768000
   5  23626.04000000000     0.00141185000
   6   8529.98600000000     0.00459359000
   7   3327.34100000000     0.01359733000
   8   1380.35400000000     0.03667360000
   9    602.21490000000     0.08872076000
  10    273.88740000000     0.18414890000
  11    128.94510000000     0.30074220000
  12     62.42299000000     0.32434820000
  13     30.57437000000     0.17195750000
  14     13.85522000000     0.02480933000
  15      6.83620400000    -0.00103408000
  16      3.37815300000     0.00101290000
  17      1.49190700000    -0.00046678000
  18      0.72114000000     0.00018662000
  19      0.33415200000    -0.00008808000
 S 19 
   1  7503960.00000000000    -0.00000065000
   2  1123486.00000000000    -0.00000507000
   3  255663.50000000000    -0.00002663000
   4  72416.06000000000    -0.00011266000
   5  23626.04000000000    -0.00041030000
   6   8529.98600000000    -0.00134111000
   7   3327.34100000000    -0.00399404000
   8   1380.35400000000    -0.01098903000
   9    602.21490000000    -0.02756447000
  10    273.88740000000    -0.06216246000
  11    128.94510000000    -0.11860480000
  12     62.42299000000    -0.17410490000
  13     30.57437000000    -0.11847710000
  14     13.85522000000     0.19457470000
  15      6.83620400000     0.54661130000
  16      3.37815300000     0.38126320000
  17      1.49190700000     0.05187853000
  18      0.72114000000    -0.00204996000
  19      0.33415200000     0.00168809000
 S 19 
   1  7503960.00000000000     0.00000022000
   2  1123486.00000000000     0.00000175000
   3  255663.50000000000     0.00000918000
   4  72416.06000000000     0.00003888000
   5  23626.04000000000     0.00014138000
   6   8529.98600000000     0.00046324000
   7   3327.34100000000     0.00137731000
   8   1380.35400000000     0.00380786000
   9    602.21490000000     0.00955641000
  10    273.88740000000     0.02183132000
  11    128.94510000000     0.04214951000
  12     62.42299000000     0.06462845000
  13     30.57437000000     0.04535983000
  14     13.85522000000    -0.08249853000
  15      6.83620400000    -0.32315110000
  16      3.37815300000    -0.36063500000
  17      1.49190700000     0.20438950000
  18      0.72114000000     0.69610090000
  19      0.33415200000     0.36177500000
 S 19 
   1  7503960.00000000000    -0.00000005000
   2  1123486.00000000000    -0.00000042000
   3  255663.50000000000    -0.00000219000
   4  72416.06000000000    -0.00000929000
   5  23626.04000000000    -0.00003374000
   6   8529.98600000000    -0.00011070000
   7   3327.34100000000    -0.00032862000
   8   1380.35400000000    -0.00091050000
   9    602.21490000000    -0.00228090000
  10    273.88740000000    -0.00523095000
  11    128.94510000000    -0.01008361000
  12     62.42299000000    -0.01561294000
  13     30.57437000000    -0.01088338000
  14     13.85522000000     0.01995768000
  15      6.83620400000     0.08348860000
  16      3.37815300000     0.09594951000
  17      1.49190700000    -0.06395772000
  18      0.72114000000    -0.24522490000
  19      0.33415200000    -0.28584670000
 S 1 
   1      0.08238200000     1.00000000000
 S 1 
   1      0.04165500000     1.00000000000
 S 1 
   1      0.01997300000     1.00000000000
 P 13 
   1   9363.01000000000     0.00004617000
   2   2216.25500000000     0.00041049000
   3    719.75960000000     0.00235567000
   4    275.17280000000     0.01025491000
   5    116.39240000000     0.03566035000
   6     52.77770000000     0.09964056000
   7     25.13188000000     0.21320630000
   8     12.31416000000     0.33153520000
   9      6.16679700000     0.32934260000
  10      3.11427900000     0.15466410000
  11      1.51901300000     0.02215526000
  12      0.72543500000     0.00055191000
  13      0.34092600000     0.00015177000
 P 13 
   1   9363.01000000000    -0.00001505000
   2   2216.25500000000    -0.00013361000
   3    719.75960000000    -0.00077014000
   4    275.17280000000    -0.00336453000
   5    116.39240000000    -0.01186624000
   6     52.77770000000    -0.03389423000
   7     25.13188000000    -0.07514329000
   8     12.31416000000    -0.12144350000
   9      6.16679700000    -0.12922080000
  10      3.11427900000     0.01587703000
  11      1.51901300000     0.30853680000
  12      0.72543500000     0.47281520000
  13      0.34092600000     0.29410280000
 P 13 
   1   9363.01000000000     0.00000313000
   2   2216.25500000000     0.00002795000
   3    719.75960000000     0.00016003000
   4    275.17280000000     0.00070417000
   5    116.39240000000     0.00246922000
   6     52.77770000000     0.00711899000
   7     25.13188000000     0.01569017000
   8     12.31416000000     0.02578564000
   9      6.16679700000     0.02693656000
  10      3.11427900000    -0.00485586000
  11      1.51901300000    -0.07654212000
  12      0.72543500000    -0.11554460000
  13      0.34092600000    -0.12127060000
 P 1 
   1      0.14400000000     1.00000000000
 P 1 
   1      0.05800000000     1.00000000000
 P 1 
   1      0.02316000000     1.00000000000
 D 4 
   1     26.27083000000     0.00734600000
   2      7.30782000000     0.04090100000
   3      2.45498000000     0.13006500000
   4      0.88714000000     0.24415100000
 D 1 
   1      0.30925000000     1.00000000000
 D 1 
   1      0.10316000000     1.00000000000
 D 1 
   1      0.03374000000     1.00000000000
 F 1 
   1      0.48830000000     1.00000000000
 F 1 
   1      0.11650000000     1.00000000000
 G 1 
   1      0.14660000000     1.00000000000

SCANDIUM
 S 21 
   1  8417909.00000000000     0.00000198130
   2  1260312.00000000000     0.00001540700
   3  286798.40000000002     0.00008106070
   4  81234.69000000000     0.00034239430
   5  26503.11000000000     0.00124699000
   6   9568.70100000000     0.00405642500
   7   3732.49700000000     0.01200596000
   8   1548.42200000000     0.03235944000
   9    675.54200000000     0.07819972000
  10    307.25220000000     0.16173960000
  11    144.66720000000     0.26184800000
  12     70.04387000000     0.27482840000
  13     34.32250000000     0.14196470000
  14     15.61224000000     0.07046176000
  15      7.74372200000     0.12883920000
  16      3.84426000000     0.09269352000
  17      1.71976600000     0.01229949000
  18      0.83252300000    -0.00045882390
  19      0.38556400000     0.00017227030
  20      0.09670000000    -0.00005410740
  21      0.04777800000     0.00004892880
 S 21 
   1  8417909.00000000000    -0.00000114790
   2  1260312.00000000000    -0.00000892930
   3  286798.40000000002    -0.00004696380
   4  81234.69000000000    -0.00019853150
   5  26503.11000000000    -0.00072309320
   6   9568.70100000000    -0.00235882200
   7   3732.49700000000    -0.00700814800
   8   1548.42200000000    -0.01912407000
   9    675.54200000000    -0.04728922000
  10    307.25220000000    -0.10324800000
  11    144.66720000000    -0.18619600000
  12     70.04387000000    -0.24805470000
  13     34.32250000000    -0.16147810000
  14     15.61224000000     0.17791830000
  15      7.74372200000     0.53240760000
  16      3.84426000000     0.37528300000
  17      1.71976600000     0.05198123000
  18      0.83252300000    -0.00402905300
  19      0.38556400000     0.00037940920
  20      0.09670000000    -0.00040066920
  21      0.04777800000     0.00032192480
 S 21 
   1  8417909.00000000000     0.00000022220
   2  1260312.00000000000     0.00000172980
   3  286798.40000000002     0.00000908800
   4  81234.69000000000     0.00003848620
   5  26503.11000000000     0.00013999970
   6   9568.70100000000     0.00045859750
   7   3732.49700000000     0.00136458800
   8   1548.42200000000     0.00377373900
   9    675.54200000000     0.00949388700
  10    307.25220000000     0.02174611000
  11    144.66720000000     0.04228528000
  12     70.04387000000     0.06540610000
  13     34.32250000000     0.04759732000
  14     15.61224000000    -0.08160330000
  15      7.74372200000    -0.32839800000
  16      3.84426000000    -0.36545610000
  17      1.71976600000     0.21022180000
  18      0.83252300000     0.68567930000
  19      0.38556400000     0.36843080000
  20      0.09670000000     0.02050798000
  21      0.04777800000    -0.00641077600
 S 21 
   1  8417909.00000000000    -0.00000005350
   2  1260312.00000000000    -0.00000041640
   3  286798.40000000002    -0.00000218850
   4  81234.69000000000    -0.00000926460
   5  26503.11000000000    -0.00003371710
   6   9568.70100000000    -0.00011038860
   7   3732.49700000000    -0.00032870510
   8   1548.42200000000    -0.00090842500
   9    675.54200000000    -0.00228820400
  10    307.25220000000    -0.00523846200
  11    144.66720000000    -0.01021547000
  12     70.04387000000    -0.01581707000
  13     34.32250000000    -0.01162945000
  14     15.61224000000     0.02013432000
  15      7.74372200000     0.08405086000
  16      3.84426000000     0.09848250000
  17      1.71976600000    -0.06838523000
  18      0.83252300000    -0.23536270000
  19      0.38556400000    -0.27769840000
  20      0.09670000000     0.29874230000
  21      0.04777800000     0.61937230000
 S 21 
   1  8417909.00000000000    -0.00000009140
   2  1260312.00000000000    -0.00000072710
   3  286798.40000000002    -0.00000370240
   4  81234.69000000000    -0.00001633470
   5  26503.11000000000    -0.00005642360
   6   9568.70100000000    -0.00019681900
   7   3732.49700000000    -0.00054288110
   8   1548.42200000000    -0.00164269200
   9    675.54200000000    -0.00370975200
  10    307.25220000000    -0.00969922900
  11    144.66720000000    -0.01589350000
  12     70.04387000000    -0.03149937000
  13     34.32250000000    -0.01153920000
  14     15.61224000000     0.01426789000
  15      7.74372200000     0.19777190000
  16      3.84426000000     0.09493216000
  17      1.71976600000     0.02678950000
  18      0.83252300000    -0.93510820000
  19      0.38556400000     0.18207250000
  20      0.09670000000     2.07742300000
  21      0.04777800000    -1.11394400000
 S 21 
   1  8417909.00000000000    -0.00000014450
   2  1260312.00000000000    -0.00000116770
   3  286798.40000000002    -0.00000581020
   4  81234.69000000000    -0.00002641620
   5  26503.11000000000    -0.00008781410
   6   9568.70100000000    -0.00032079120
   7   3732.49700000000    -0.00083637500
   8   1548.42200000000    -0.00270364000
   9    675.54200000000    -0.00563396000
  10    307.25220000000    -0.01622651000
  11    144.66720000000    -0.02336426000
  12     70.04387000000    -0.05523292000
  13     34.32250000000    -0.00880777100
  14     15.61224000000    -0.00020608690
  15      7.74372200000     0.38828570000
  16      3.84426000000     0.09743430000
  17      1.71976600000     0.00685856900
  18      0.83252300000    -2.32157000000
  19      0.38556400000     2.66658000000
  20      0.09670000000     0.18982810000
  21      0.04777800000    -2.68406500000
 S 21 
   1  8417909.00000000000    -0.00000016080
   2  1260312.00000000000    -0.00000121650
   3  286798.40000000002    -0.00000665990
   4  81234.69000000000    -0.00002670500
   5  26503.11000000000    -0.00010399470
   6   9568.70100000000    -0.00031339950
   7   3732.49700000000    -0.00102988400
   8   1548.42200000000    -0.00253063300
   9    675.54200000000    -0.00733591700
  10    307.25220000000    -0.01414587000
  11    144.66720000000    -0.03451496000
  12     70.04387000000    -0.03859251000
  13     34.32250000000    -0.05560506000
  14     15.61224000000     0.10250620000
  15      7.74372200000     0.22655270000
  16      3.84426000000     0.60172890000
  17      1.71976600000    -1.40297400000
  18      0.83252300000    -0.84783640000
  19      0.38556400000     3.09478900000
  20      0.09670000000    -5.79273300000
  21      0.04777800000     6.94415800000
 S 1 
   1      0.02236300000     1.00000000000
 P 17 
   1  22640.97000000000     0.00001200000
   2   5357.54500000000     0.00010700000
   3   1740.37300000000     0.00062500000
   4    666.61630000000     0.00283000000
   5    283.63840000000     0.01053000000
   6    129.79760000000     0.03288100000
   7     62.67956000000     0.08588400000
   8     31.50441000000     0.18003000000
   9     16.23525000000     0.28922400000
  10      8.51832400000     0.32791000000
  11      4.51900500000     0.21019800000
  12      2.36659100000     0.05468000000
  13      1.21523500000     0.00185300000
  14      0.61434800000    -0.00141700000
  15      0.30074500000    -0.00095300000
  16      0.12600400000    -0.00005100000
  17      0.05484000000    -0.00002100000
 P 17 
   1  22640.97000000000    -0.00000400000
   2   5357.54500000000    -0.00003500000
   3   1740.37300000000    -0.00020500000
   4    666.61630000000    -0.00093200000
   5    283.63840000000    -0.00348400000
   6    129.79760000000    -0.01101900000
   7     62.67956000000    -0.02941500000
   8     31.50441000000    -0.06371300000
   9     16.23525000000    -0.10608500000
  10      8.51832400000    -0.12863800000
  11      4.51900500000    -0.05301200000
  12      2.36659100000     0.17402600000
  13      1.21523500000     0.39255000000
  14      0.61434800000     0.39651400000
  15      0.30074500000     0.17654400000
  16      0.12600400000     0.01911100000
  17      0.05484000000     0.00007500000
 P 17 
   1  22640.97000000000     0.00000100000
   2   5357.54500000000     0.00000900000
   3   1740.37300000000     0.00005000000
   4    666.61630000000     0.00022700000
   5    283.63840000000     0.00085300000
   6    129.79760000000     0.00268600000
   7     62.67956000000     0.00722500000
   8     31.50441000000     0.01559000000
   9     16.23525000000     0.02630300000
  10      8.51832400000     0.03177700000
  11      4.51900500000     0.01248300000
  12      2.36659100000    -0.05262700000
  13      1.21523500000    -0.11402500000
  14      0.61434800000    -0.14637100000
  15      0.30074500000    -0.01386300000
  16      0.12600400000     0.35244400000
  17      0.05484000000     0.55045400000
 P 17 
   1  22640.97000000000     0.00000100000
   2   5357.54500000000     0.00001000000
   3   1740.37300000000     0.00006000000
   4    666.61630000000     0.00027400000
   5    283.63840000000     0.00102500000
   6    129.79760000000     0.00325000000
   7     62.67956000000     0.00867400000
   8     31.50441000000     0.01886600000
   9     16.23525000000     0.03146600000
  10      8.51832400000     0.03866300000
  11      4.51900500000     0.01492300000
  12      2.36659100000    -0.05967000000
  13      1.21523500000    -0.13470600000
  14      0.61434800000    -0.17280900000
  15      0.30074500000    -0.08069800000
  16      0.12600400000     0.55426400000
  17      0.05484000000     0.55000700000
 P 17 
   1  22640.97000000000     0.00000200000
   2   5357.54500000000     0.00002000000
   3   1740.37300000000     0.00012800000
   4    666.61630000000     0.00053400000
   5    283.63840000000     0.00216400000
   6    129.79760000000     0.00630700000
   7     62.67956000000     0.01837700000
   8     31.50441000000     0.03601600000
   9     16.23525000000     0.06943000000
  10      8.51832400000     0.07194900000
  11      4.51900500000     0.05778900000
  12      2.36659100000    -0.17528400000
  13      1.21523500000    -0.33732900000
  14      0.61434800000    -0.56442700000
  15      0.30074500000     1.16338000000
  16      0.12600400000     0.56583500000
  17      0.05484000000    -0.97150600000
 P 17 
   1  22640.97000000000    -0.00000200000
   2   5357.54500000000    -0.00002900000
   3   1740.37300000000    -0.00013000000
   4    666.61630000000    -0.00075200000
   5    283.63840000000    -0.00221200000
   6    129.79760000000    -0.00889300000
   7     62.67956000000    -0.01826200000
   8     31.50441000000    -0.05304100000
   9     16.23525000000    -0.05993900000
  10      8.51832400000    -0.15564200000
  11      4.51900500000     0.00957200000
  12      2.36659100000     0.09189800000
  13      1.21523500000     1.25671000000
  14      0.61434800000    -1.01111500000
  15      0.30074500000    -1.36883600000
  16      0.12600400000     2.37778200000
  17      0.05484000000    -1.15398400000
 P 1 
   1      0.02355700000     1.00000000000
 D 10 
   1    145.46800000000     0.00049400000
   2     43.41880000000     0.00419800000
   3     16.57680000000     0.01896700000
   4      6.97111000000     0.05840800000
   5      3.13347000000     0.13760500000
   6      1.45768000000     0.23147000000
   7      0.67453800000     0.29653000000
   8      0.30516200000     0.30520000000
   9      0.13411300000     0.23807500000
  10      0.05727000000     0.10738600000
 D 10 
   1    145.46800000000    -0.00050500000
   2     43.41880000000    -0.00429300000
   3     16.57680000000    -0.01947500000
   4      6.97111000000    -0.06063100000
   5      3.13347000000    -0.14366100000
   6      1.45768000000    -0.22929400000
   7      0.67453800000    -0.26197300000
   8      0.30516200000    -0.05300600000
   9      0.13411300000     0.41199900000
  10      0.05727000000     0.48319000000
 D 10 
   1    145.46800000000    -0.00066700000
   2     43.41880000000    -0.00559300000
   3     16.57680000000    -0.02599000000
   4      6.97111000000    -0.07914000000
   5      3.13347000000    -0.19362200000
   6      1.45768000000    -0.28998100000
   7      0.67453800000    -0.17025100000
   8      0.30516200000     0.61268700000
   9      0.13411300000     0.48179400000
  10      0.05727000000    -0.67944800000
 D 10 
   1    145.46800000000     0.00083600000
   2     43.41880000000     0.00849500000
   3     16.57680000000     0.03348100000
   4      6.97111000000     0.12701100000
   5      3.13347000000     0.24828100000
   6      1.45768000000     0.44556300000
   7      0.67453800000    -0.54064500000
   8      0.30516200000    -0.87839400000
   9      0.13411300000     1.44311800000
  10      0.05727000000    -0.46908100000
 D 1 
   1      0.02335400000     1.00000000000
 F 1 
   1      1.41670000000     1.00000000000
 F 1 
   1      0.39920000000     1.00000000000
 F 1 
   1      0.11250000000     1.00000000000
 G 1 
   1      0.99630000000     1.00000000000
 G 1 
   1      0.25730000000     1.00000000000
 H 1 
   1      0.50160000000     1.00000000000

TITANIUM
 S 21 
   1  9317034.00000000000     0.00000196790
   2  1394971.00000000000     0.00001530200
   3  317453.09999999998     0.00008050400
   4  89921.00000000000     0.00034003020
   5  29338.16000000000     0.00123834900
   6  10592.66000000000     0.00402847500
   7   4132.05600000000     0.01192508000
   8   1714.23500000000     0.03215601000
   9    747.91510000000     0.07778620000
  10    340.19910000000     0.16120300000
  11    160.20600000000     0.26188260000
  12     77.58851000000     0.27665410000
  13     38.04489000000     0.14429680000
  14     17.35362000000     0.06993131000
  15      8.64206200000     0.12594490000
  16      4.30440400000     0.09025830000
  17      1.93771800000     0.01200401000
  18      0.93659400000    -0.00039761680
  19      0.43262400000     0.00014254440
  20      0.10735200000    -0.00004196660
  21      0.05203400000     0.00004824210
 S 21 
   1  9317034.00000000000    -0.00000113000
   2  1394971.00000000000    -0.00000878940
   3  317453.09999999998    -0.00004622620
   4  89921.00000000000    -0.00019540470
   5  29338.16000000000    -0.00071170000
   6  10592.66000000000    -0.00232175500
   7   4132.05600000000    -0.00689951100
   8   1714.23500000000    -0.01883765000
   9    747.91510000000    -0.04663976000
  10    340.19910000000    -0.10207640000
  11    160.20600000000    -0.18486930000
  12     77.58851000000    -0.24796010000
  13     38.04489000000    -0.16348630000
  14     17.35362000000     0.17791470000
  15      8.64206200000     0.53517380000
  16      4.30440400000     0.37528220000
  17      1.93771800000     0.05217038000
  18      0.93659400000    -0.00386319200
  19      0.43262400000     0.00028453740
  20      0.10735200000    -0.00035004140
  21      0.05203400000     0.00031929060
 S 21 
   1  9317034.00000000000     0.00000022530
   2  1394971.00000000000     0.00000175360
   3  317453.09999999998     0.00000921310
   4  89921.00000000000     0.00003901240
   5  29338.16000000000     0.00014191840
   6  10592.66000000000     0.00046486350
   7   4132.05600000000     0.00138354400
   8   1714.23500000000     0.00382735400
   9    747.91510000000     0.00963919100
  10    340.19910000000     0.02211719000
  11    160.20600000000     0.04314954000
  12     77.58851000000     0.06703481000
  13     38.04489000000     0.04946424000
  14     17.35362000000    -0.08333456000
  15      8.64206200000    -0.33844350000
  16      4.30440400000    -0.36740690000
  17      1.93771800000     0.22470560000
  18      0.93659400000     0.68788150000
  19      0.43262400000     0.35944350000
  20      0.10735200000     0.01933695000
  21      0.05203400000    -0.00599781900
 S 21 
   1  9317034.00000000000    -0.00000005320
   2  1394971.00000000000    -0.00000041400
   3  317453.09999999998    -0.00000217520
   4  89921.00000000000    -0.00000920960
   5  29338.16000000000    -0.00003350760
   6  10592.66000000000    -0.00010973930
   7   4132.05600000000    -0.00032670060
   8   1714.23500000000    -0.00090365670
   9    747.91510000000    -0.00227725700
  10    340.19910000000    -0.00522675600
  11    160.20600000000    -0.01021707000
  12     77.58851000000    -0.01591468000
  13     38.04489000000    -0.01182814000
  14     17.35362000000     0.02011999000
  15      8.64206200000     0.08526584000
  16      4.30440400000     0.09693489000
  17      1.93771800000    -0.07082672000
  18      0.93659400000    -0.23597400000
  19      0.43262400000    -0.26296130000
  20      0.10735200000     0.30112140000
  21      0.05203400000     0.61250740000
 S 21 
   1  9317034.00000000000    -0.00000009710
   2  1394971.00000000000    -0.00000077340
   3  317453.09999999998    -0.00000393110
   4  89921.00000000000    -0.00001738320
   5  29338.16000000000    -0.00005986540
   6  10592.66000000000    -0.00020958530
   7   4132.05600000000    -0.00057564820
   8   1714.23500000000    -0.00175159500
   9    747.91510000000    -0.00393512000
  10    340.19910000000    -0.01038490000
  11    160.20600000000    -0.01691100000
  12     77.58851000000    -0.03410989000
  13     38.04489000000    -0.01220437000
  14     17.35362000000     0.01397535000
  15      8.64206200000     0.21762120000
  16      4.30440400000     0.09532708000
  17      1.93771800000     0.01782524000
  18      0.93659400000    -1.01634200000
  19      0.43262400000     0.31070260000
  20      0.10735200000     1.99178600000
  21      0.05203400000    -1.14295500000
 S 21 
   1  9317034.00000000000    -0.00000015340
   2  1394971.00000000000    -0.00000123430
   3  317453.09999999998    -0.00000617720
   4  89921.00000000000    -0.00002787250
   5  29338.16000000000    -0.00009355200
   6  10592.66000000000    -0.00033783520
   7   4132.05600000000    -0.00089354750
   8   1714.23500000000    -0.00284235300
   9    747.91510000000    -0.00605233200
  10    340.19910000000    -0.01704690000
  11    160.20600000000    -0.02549806000
  12     77.58851000000    -0.05791149000
  13     38.04489000000    -0.01271791000
  14     17.35362000000     0.00626076200
  15      8.64206200000     0.40803060000
  16      4.30440400000     0.12842580000
  17      1.93771800000    -0.12312860000
  18      0.93659400000    -2.26733100000
  19      0.43262400000     2.80750700000
  20      0.10735200000    -0.30280090000
  21      0.05203400000    -2.07122700000
 S 21 
   1  9317034.00000000000    -0.00000017650
   2  1394971.00000000000    -0.00000131440
   3  317453.09999999998    -0.00000735550
   4  89921.00000000000    -0.00002863760
   5  29338.16000000000    -0.00011565510
   6  10592.66000000000    -0.00033307320
   7   4132.05600000000    -0.00115515600
   8   1714.23500000000    -0.00265983200
   9    747.91510000000    -0.00833203600
  10    340.19910000000    -0.01462611000
  11    160.20600000000    -0.04030890000
  12     77.58851000000    -0.03745842000
  13     38.04489000000    -0.07375959000
  14     17.35362000000     0.14432680000
  15      8.64206200000     0.21190310000
  16      4.30440400000     0.74741870000
  17      1.93771800000    -2.03108000000
  18      0.93659400000     0.19226930000
  19      0.43262400000     2.28776800000
  20      0.10735200000    -5.16813500000
  21      0.05203400000     6.46032300000
 S 1 
   1      0.02403800000     1.00000000000
 P 17 
   1  25537.33000000000     0.00001200000
   2   6042.24300000000     0.00010400000
   3   1962.65300000000     0.00060700000
   4    751.73380000000     0.00275100000
   5    319.88330000000     0.01026600000
   6    146.43000000000     0.03218000000
   7     70.74861000000     0.08448600000
   8     35.59088000000     0.17833200000
   9     18.36893000000     0.28857400000
  10      9.65865500000     0.32875800000
  11      5.13673000000     0.21154100000
  12      2.69887200000     0.05551900000
  13      1.38970300000     0.00202000000
  14      0.70316300000    -0.00142900000
  15      0.34412300000    -0.00094100000
  16      0.14136100000    -0.00005300000
  17      0.06086300000    -0.00001700000
 P 17 
   1  25537.33000000000    -0.00000400000
   2   6042.24300000000    -0.00003500000
   3   1962.65300000000    -0.00020300000
   4    751.73380000000    -0.00092500000
   5    319.88330000000    -0.00347000000
   6    146.43000000000    -0.01102000000
   7     70.74861000000    -0.02957700000
   8     35.59088000000    -0.06457400000
   9     18.36893000000    -0.10845800000
  10      9.65865500000    -0.13191000000
  11      5.13673000000    -0.05308900000
  12      2.69887200000     0.17812500000
  13      1.38970300000     0.39570100000
  14      0.70316300000     0.39272800000
  15      0.34412300000     0.17447700000
  16      0.14136100000     0.01894600000
  17      0.06086300000    -0.00032800000
 P 17 
   1  25537.33000000000     0.00000100000
   2   6042.24300000000     0.00000800000
   3   1962.65300000000     0.00004900000
   4    751.73380000000     0.00022100000
   5    319.88330000000     0.00083600000
   6    146.43000000000     0.00264100000
   7     70.74861000000     0.00715100000
   8     35.59088000000     0.01553000000
   9     18.36893000000     0.02647900000
  10      9.65865500000     0.03198000000
  11      5.13673000000     0.01256100000
  12      2.69887200000    -0.05299400000
  13      1.38970300000    -0.11303900000
  14      0.70316300000    -0.14369800000
  15      0.34412300000    -0.01033600000
  16      0.14136100000     0.35473600000
  17      0.06086300000     0.54810100000
 P 17 
   1  25537.33000000000     0.00000100000
   2   6042.24300000000     0.00001000000
   3   1962.65300000000     0.00006100000
   4    751.73380000000     0.00027500000
   5    319.88330000000     0.00103400000
   6    146.43000000000     0.00328300000
   7     70.74861000000     0.00882900000
   8     35.59088000000     0.01930800000
   9     18.36893000000     0.03261200000
  10      9.65865500000     0.03997700000
  11      5.13673000000     0.01529900000
  12      2.69887200000    -0.06262000000
  13      1.38970300000    -0.13828800000
  14      0.70316300000    -0.17634800000
  15      0.34412300000    -0.05540400000
  16      0.14136100000     0.55929100000
  17      0.06086300000     0.53311500000
 P 17 
   1  25537.33000000000     0.00000200000
   2   6042.24300000000     0.00002000000
   3   1962.65300000000     0.00012600000
   4    751.73380000000     0.00052600000
   5    319.88330000000     0.00215100000
   6    146.43000000000     0.00625700000
   7     70.74861000000     0.01845500000
   8     35.59088000000     0.03624700000
   9     18.36893000000     0.07092000000
  10      9.65865500000     0.07182700000
  11      5.13673000000     0.05920100000
  12      2.69887200000    -0.18427200000
  13      1.38970300000    -0.32965300000
  14      0.70316300000    -0.54576400000
  15      0.34412300000     1.14543100000
  16      0.14136100000     0.55262500000
  17      0.06086300000    -0.96426000000
 P 17 
   1  25537.33000000000    -0.00000300000
   2   6042.24300000000    -0.00002800000
   3   1962.65300000000    -0.00013400000
   4    751.73380000000    -0.00073600000
   5    319.88330000000    -0.00229300000
   6    146.43000000000    -0.00875200000
   7     70.74861000000    -0.01922600000
   8     35.59088000000    -0.05258900000
   9     18.36893000000    -0.06589400000
  10      9.65865500000    -0.14811200000
  11      5.13673000000    -0.02412400000
  12      2.69887200000     0.17697900000
  13      1.38970300000     1.15842800000
  14      0.70316300000    -0.96345800000
  15      0.34412300000    -1.32450800000
  16      0.14136100000     2.29137300000
  17      0.06086300000    -1.11293200000
 P 1 
   1      0.02590700000     1.00000000000
 D 10 
   1    196.94900000000     0.00038200000
   2     58.83720000000     0.00336800000
   3     22.56540000000     0.01624200000
   4      9.57566000000     0.05237700000
   5      4.31859000000     0.12992800000
   6      2.02327000000     0.23123300000
   7      0.94677800000     0.30356100000
   8      0.43387600000     0.30926800000
   9      0.19227400000     0.23164400000
  10      0.08150200000     0.10154000000
 D 10 
   1    196.94900000000    -0.00038800000
   2     58.83720000000    -0.00342800000
   3     22.56540000000    -0.01659800000
   4      9.57566000000    -0.05417200000
   5      4.31859000000    -0.13666000000
   6      2.02327000000    -0.22944900000
   7      0.94677800000    -0.25499500000
   8      0.43387600000    -0.04766100000
   9      0.19227400000     0.39488000000
  10      0.08150200000     0.49645300000
 D 10 
   1    196.94900000000    -0.00062200000
   2     58.83720000000    -0.00549300000
   3     22.56540000000    -0.02696800000
   4      9.57566000000    -0.08953300000
   5      4.31859000000    -0.22837400000
   6      2.02327000000    -0.33125800000
   7      0.94677800000    -0.10634900000
   8      0.43387600000     0.63103600000
   9      0.19227400000     0.39662100000
  10      0.08150200000    -0.61800900000
 D 10 
   1    196.94900000000    -0.00069600000
   2     58.83720000000    -0.00708900000
   3     22.56540000000    -0.03101300000
   4      9.57566000000    -0.12005500000
   5      4.31859000000    -0.27891000000
   6      2.02327000000    -0.37896100000
   7      0.94677800000     0.57374300000
   8      0.43387600000     0.72795000000
   9      0.19227400000    -1.29765600000
  10      0.08150200000     0.32037600000
 D 1 
   1      0.03228500000     1.00000000000
 F 1 
   1      2.26260000000     1.00000000000
 F 1 
   1      0.64180000000     1.00000000000
 F 1 
   1      0.18210000000     1.00000000000
 G 1 
   1      1.57320000000     1.00000000000
 G 1 
   1      0.40020000000     1.00000000000
 H 1 
   1      0.87210000000     1.00000000000

VANADIUM
 S 21 
   1  10251780.00000000000     0.00000196630
   2  1534920.00000000000     0.00001528970
   3  349300.90000000002     0.00008043930
   4  98942.05000000000     0.00033976170
   5  32281.36000000000     0.00123740500
   6  11655.27000000000     0.00402574000
   7   4546.54800000000     0.01191912000
   8   1886.18500000000     0.03215431000
   9    822.94170000000     0.07785452000
  10    374.34390000000     0.16163670000
  11    176.30690000000     0.26341940000
  12     85.40661000000     0.27999860000
  13     41.90435000000     0.14734740000
  14     19.15525000000     0.06826405000
  15      9.57161700000     0.11944360000
  16      4.78008600000     0.08507582000
  17      2.16186000000     0.01125814000
  18      1.04271100000    -0.00033535210
  19      0.48028200000     0.00010705710
  20      0.11763800000    -0.00002979620
  21      0.05617400000     0.00004672820
 S 21 
   1  10251780.00000000000    -0.00000110090
   2  1534920.00000000000    -0.00000856320
   3  349300.90000000002    -0.00004503680
   4  98942.05000000000    -0.00019038080
   5  32281.36000000000    -0.00069342840
   6  11655.27000000000    -0.00226242900
   7   4546.54800000000    -0.00672499100
   8   1886.18500000000    -0.01837325000
   9    822.94170000000    -0.04555260000
  10    374.34390000000    -0.09996969000
  11    176.30690000000    -0.18191110000
  12     85.40661000000    -0.24587440000
  13     41.90435000000    -0.16380890000
  14     19.15525000000     0.17958430000
  15      9.57161700000     0.53895470000
  16      4.78008600000     0.37490980000
  17      2.16186000000     0.05200269000
  18      1.04271100000    -0.00377587300
  19      0.48028200000     0.00016868880
  20      0.11763800000    -0.00030638020
  21      0.05617400000     0.00032380960
 S 21 
   1  10251780.00000000000     0.00000022790
   2  1534920.00000000000     0.00000177390
   3  349300.90000000002     0.00000932000
   4  98942.05000000000     0.00003946450
   5  32281.36000000000     0.00014357200
   6  11655.27000000000     0.00047029110
   7   4546.54800000000     0.00139999800
   8   1886.18500000000     0.00387411100
   9    822.94170000000     0.00976594200
  10    374.34390000000     0.02244179000
  11    176.30690000000     0.04390091000
  12     85.40661000000     0.06843462000
  13     41.90435000000     0.05096500000
  14     19.15525000000    -0.08535940000
  15      9.57161700000    -0.34748040000
  16      4.78008600000    -0.36723680000
  17      2.16186000000     0.23854080000
  18      1.04271100000     0.68881780000
  19      0.48028200000     0.35099190000
  20      0.11763800000     0.01826144000
  21      0.05617400000    -0.00554113400
 S 21 
   1  10251780.00000000000    -0.00000005280
   2  1534920.00000000000    -0.00000041070
   3  349300.90000000002    -0.00000215770
   4  98942.05000000000    -0.00000913720
   5  32281.36000000000    -0.00003323890
   6  11655.27000000000    -0.00010889250
   7   4546.54800000000    -0.00032414070
   8   1886.18500000000    -0.00089723190
   9    822.94170000000    -0.00226210500
  10    374.34390000000    -0.00520306800
  11    176.30690000000    -0.01019123000
  12     85.40661000000    -0.01594820000
  13     41.90435000000    -0.01193588000
  14     19.15525000000     0.02018344000
  15      9.57161700000     0.08610071000
  16      4.78008600000     0.09487917000
  17      2.16186000000    -0.07309753000
  18      1.04271100000    -0.23496320000
  19      0.48028200000    -0.25002970000
  20      0.11763800000     0.30260960000
  21      0.05617400000     0.60616350000
 S 21 
   1  10251780.00000000000    -0.00000010030
   2  1534920.00000000000    -0.00000079970
   3  349300.90000000002    -0.00000406040
   4  98942.05000000000    -0.00001798070
   5  32281.36000000000    -0.00006181370
   6  11655.27000000000    -0.00021689150
   7   4546.54800000000    -0.00059424170
   8   1886.18500000000    -0.00181450600
   9    822.94170000000    -0.00406480700
  10    374.34390000000    -0.01079223000
  11    176.30690000000    -0.01752264000
  12     85.40661000000    -0.03573873000
  13     41.90435000000    -0.01263079000
  14     19.15525000000     0.01393494000
  15      9.57161700000     0.23050460000
  16      4.78008600000     0.09365740000
  17      2.16186000000     0.00782896000
  18      1.04271100000    -1.05385400000
  19      0.48028200000     0.38655910000
  20      0.11763800000     1.92578300000
  21      0.05617400000    -1.14642900000
 S 21 
   1  10251780.00000000000    -0.00000015920
   2  1534920.00000000000    -0.00000127830
   3  349300.90000000002    -0.00000642010
   4  98942.05000000000    -0.00002883630
   5  32281.36000000000    -0.00009735890
   6  11655.27000000000    -0.00034914020
   7   4546.54800000000    -0.00093161940
   8   1886.18500000000    -0.00293495900
   9    822.94170000000    -0.00633370300
  10    374.34390000000    -0.01760698000
  11    176.30690000000    -0.02696848000
  12     85.40661000000    -0.05982079000
  13     41.90435000000    -0.01545613000
  14     19.15525000000     0.01103001000
  15      9.57161700000     0.42340060000
  16      4.78008600000     0.14540880000
  17      2.16186000000    -0.21971400000
  18      1.04271100000    -2.19432900000
  19      0.48028200000     2.85744100000
  20      0.11763800000    -0.58324750000
  21      0.05617400000    -1.69284500000
 S 21 
   1  10251780.00000000000    -0.00000018850
   2  1534920.00000000000    -0.00000139460
   3  349300.90000000002    -0.00000788150
   4  98942.05000000000    -0.00003027980
   5  32281.36000000000    -0.00012431600
   6  11655.27000000000    -0.00035072310
   7   4546.54800000000    -0.00124644000
   8   1886.18500000000    -0.00278742000
   9    822.94170000000    -0.00904561800
  10    374.34390000000    -0.01522967000
  11    176.30690000000    -0.04437496000
  12     85.40661000000    -0.03793507000
  13     41.90435000000    -0.08564216000
  14     19.15525000000     0.17156350000
  15      9.57161700000     0.21923740000
  16      4.78008600000     0.81903930000
  17      2.16186000000    -2.43969800000
  18      1.04271100000     0.90486850000
  19      0.48028200000     1.70692300000
  20      0.11763800000    -4.67581400000
  21      0.05617400000     6.04873400000
 S 1 
   1      0.02566100000     1.00000000000
 P 17 
   1  28563.32000000000     0.00001100000
   2   6757.19100000000     0.00010100000
   3   2194.65200000000     0.00059200000
   4    840.52570000000     0.00269000000
   5    357.66660000000     0.01006300000
   6    163.75340000000     0.03165400000
   7     79.14466000000     0.08347800000
   8     39.83858000000     0.17722600000
   9     20.58536000000     0.28839800000
  10     10.84307000000     0.32943200000
  11      5.77796900000     0.21213000000
  12      3.04317000000     0.05588200000
  13      1.57023900000     0.00209700000
  14      0.79497500000    -0.00147100000
  15      0.38898000000    -0.00094800000
  16      0.15732700000    -0.00005500000
  17      0.06656600000    -0.00001300000
 P 17 
   1  28563.32000000000    -0.00000400000
   2   6757.19100000000    -0.00003400000
   3   2194.65200000000    -0.00020200000
   4    840.52570000000    -0.00092000000
   5    357.66660000000    -0.00345900000
   6    163.75340000000    -0.01102500000
   7     79.14466000000    -0.02973200000
   8     39.83858000000    -0.06534900000
   9     20.58536000000    -0.11052700000
  10     10.84307000000    -0.13453700000
  11      5.77796900000    -0.05243700000
  12      3.04317000000     0.18221600000
  13      1.57023900000     0.39801800000
  14      0.79497500000     0.38915300000
  15      0.38898000000     0.17271700000
  16      0.15732700000     0.01874600000
  17      0.06656600000    -0.00059400000
 P 17 
   1  28563.32000000000     0.00000100000
   2   6757.19100000000     0.00000800000
   3   2194.65200000000     0.00004900000
   4    840.52570000000     0.00022100000
   5    357.66660000000     0.00083800000
   6    163.75340000000     0.00265600000
   7     79.14466000000     0.00723300000
   8     39.83858000000     0.01580800000
   9     20.58536000000     0.02717200000
  10     10.84307000000     0.03280100000
  11      5.77796900000     0.01233800000
  12      3.04317000000    -0.05541800000
  13      1.57023900000    -0.11560400000
  14      0.79497500000    -0.13909200000
  15      0.38898000000     0.00068200000
  16      0.15732700000     0.35200900000
  17      0.06656600000     0.54220500000
 P 17 
   1  28563.32000000000     0.00000100000
   2   6757.19100000000     0.00001000000
   3   2194.65200000000     0.00006000000
   4    840.52570000000     0.00027500000
   5    357.66660000000     0.00103300000
   6    163.75340000000     0.00329600000
   7     79.14466000000     0.00889600000
   8     39.83858000000     0.01961300000
   9     20.58536000000     0.03331800000
  10     10.84307000000     0.04100900000
  11      5.77796900000     0.01495900000
  12      3.04317000000    -0.06425600000
  13      1.57023900000    -0.14181700000
  14      0.79497500000    -0.17396600000
  15      0.38898000000    -0.04113200000
  16      0.15732700000     0.56399500000
  17      0.06656600000     0.52389600000
 P 17 
   1  28563.32000000000     0.00000200000
   2   6757.19100000000     0.00002000000
   3   2194.65200000000     0.00012900000
   4    840.52570000000     0.00053600000
   5    357.66660000000     0.00220300000
   6    163.75340000000     0.00642800000
   7     79.14466000000     0.01907100000
   8     39.83858000000     0.03771200000
   9     20.58536000000     0.07426700000
  10     10.84307000000     0.07526000000
  11      5.77796900000     0.06099800000
  12      3.04317000000    -0.20097600000
  13      1.57023900000    -0.34534300000
  14      0.79497500000    -0.50183500000
  15      0.38898000000     1.14363100000
  16      0.15732700000     0.50448700000
  17      0.06656600000    -0.94410300000
 P 17 
   1  28563.32000000000    -0.00000300000
   2   6757.19100000000    -0.00002900000
   3   2194.65200000000    -0.00014100000
   4    840.52570000000    -0.00077300000
   5    357.66660000000    -0.00242200000
   6    163.75340000000    -0.00926700000
   7     79.14466000000    -0.02055500000
   8     39.83858000000    -0.05648500000
   9     20.58536000000    -0.07149300000
  10     10.84307000000    -0.15779100000
  11      5.77796900000    -0.02155200000
  12      3.04317000000     0.23795000000
  13      1.57023900000     1.13183700000
  14      0.79497500000    -1.08918000000
  15      0.38898000000    -1.12577300000
  16      0.15732700000     2.16818900000
  17      0.06656600000    -1.11026300000
 P 1 
   1      0.02786100000     1.00000000000
 D 10 
   1    238.00900000000     0.00035000000
   2     71.18960000000     0.00313000000
   3     27.39460000000     0.01547800000
   4     11.71730000000     0.05082900000
   5      5.32480000000     0.12754800000
   6      2.51698000000     0.23044700000
   7      1.19075000000     0.30405800000
   8      0.55180900000     0.30836600000
   9      0.24692600000     0.22902200000
  10      0.10510000000     0.10136000000
 D 10 
   1    238.00900000000    -0.00037000000
   2     71.18960000000    -0.00331700000
   3     27.39460000000    -0.01647400000
   4     11.71730000000    -0.05483900000
   5      5.32480000000    -0.14083900000
   6      2.51698000000    -0.23955300000
   7      1.19075000000    -0.25191000000
   8      0.55180900000    -0.02610600000
   9      0.24692600000     0.38777000000
  10      0.10510000000     0.48672400000
 D 10 
   1    238.00900000000    -0.00057500000
   2     71.18960000000    -0.00515700000
   3     27.39460000000    -0.02592900000
   4     11.71730000000    -0.08805900000
   5      5.32480000000    -0.23117900000
   6      2.51698000000    -0.33835200000
   7      1.19075000000    -0.08503000000
   8      0.55180900000     0.62679900000
   9      0.24692600000     0.38347300000
  10      0.10510000000    -0.61026200000
 D 10 
   1    238.00900000000     0.00073400000
   2     71.18960000000     0.00725800000
   3     27.39460000000     0.03395800000
   4     11.71730000000     0.12985500000
   5      5.32480000000     0.33164800000
   6      2.51698000000     0.35698300000
   7      1.19075000000    -0.69343900000
   8      0.55180900000    -0.57685000000
   9      0.24692600000     1.22802900000
  10      0.10510000000    -0.31674100000
 D 1 
   1      0.04139300000     1.00000000000
 F 1 
   1      3.06480000000     1.00000000000
 F 1 
   1      0.88400000000     1.00000000000
 F 1 
   1      0.25500000000     1.00000000000
 G 1 
   1      2.15380000000     1.00000000000
 G 1 
   1      0.56450000000     1.00000000000
 H 1 
   1      1.31650000000     1.00000000000

CHROMIUM
 S 21 
   1  11016640.00000000000     0.00000200250
   2  1649423.00000000000     0.00001557150
   3  375358.90000000002     0.00008192150
   4  106323.60000000001     0.00034601320
   5  34689.76000000000     0.00126014100
   6  12524.83000000000     0.00409927300
   7   4885.75200000000     0.01213424000
   8   2026.91800000000     0.03271636000
   9    884.36450000000     0.07912296000
  10    402.31700000000     0.16383970000
  11    189.52710000000     0.26551070000
  12     91.86095000000     0.27896710000
  13     45.12476000000     0.14444660000
  14     20.62512000000     0.06941606000
  15     10.31973000000     0.11951530000
  16      5.15772300000     0.08084582000
  17      2.31262800000     0.00997502400
  18      1.10307900000    -0.00028657700
  19      0.49804200000     0.00011760510
  20      0.11824700000    -0.00002164010
  21      0.05735600000     0.00005032700
 S 21 
   1  11016640.00000000000    -0.00000111880
   2  1649423.00000000000    -0.00000870280
   3  375358.90000000002    -0.00004576970
   4  106323.60000000001    -0.00019348030
   5  34689.76000000000    -0.00070469220
   6  12524.83000000000    -0.00229913900
   7   4885.75200000000    -0.00683319300
   8   2026.91800000000    -0.01866493000
   9    884.36450000000    -0.04624835000
  10    402.31700000000    -0.10138200000
  11    189.52710000000    -0.18393900000
  12     91.86095000000    -0.24693560000
  13     45.12476000000    -0.15973900000
  14     20.62512000000     0.19409360000
  15     10.31973000000     0.54614790000
  16      5.15772300000     0.36105710000
  17      2.31262800000     0.04658647000
  18      1.10307900000    -0.00349396900
  19      0.49804200000     0.00026000740
  20      0.11824700000    -0.00024401000
  21      0.05735600000     0.00032664350
 S 21 
   1  11016640.00000000000     0.00000023580
   2  1649423.00000000000     0.00000183610
   3  375358.90000000002     0.00000964370
   4  106323.60000000001     0.00004085170
   5  34689.76000000000     0.00014854040
   6  12524.83000000000     0.00048686390
   7   4885.75200000000     0.00144815600
   8   2026.91800000000     0.00401050300
   9    884.36450000000     0.01009579000
  10    402.31700000000     0.02321493000
  11    189.52710000000     0.04524056000
  12     91.86095000000     0.07025001000
  13     45.12476000000     0.05032135000
  14     20.62512000000    -0.09350992000
  15     10.31973000000    -0.36502490000
  16      5.15772300000    -0.35308890000
  17      2.31262800000     0.28297200000
  18      1.10307900000     0.70019550000
  19      0.49804200000     0.30674730000
  20      0.11824700000     0.01083139000
  21      0.05735600000    -0.00145842700
 S 21 
   1  11016640.00000000000    -0.00000005340
   2  1649423.00000000000    -0.00000041660
   3  375358.90000000002    -0.00000218400
   4  106323.60000000001    -0.00000927520
   5  34689.76000000000    -0.00003361790
   6  12524.83000000000    -0.00011062250
   7   4885.75200000000    -0.00032752140
   8   2026.91800000000    -0.00091226710
   9    884.36450000000    -0.00228193600
  10    402.31700000000    -0.00529450600
  11    189.52710000000    -0.01022548000
  12     91.86095000000    -0.01618464000
  13     45.12476000000    -0.01124211000
  14     20.62512000000     0.02096236000
  15     10.31973000000     0.09050667000
  16      5.15772300000     0.08642079000
  17      2.31262800000    -0.07853630000
  18      1.10307900000    -0.25260070000
  19      0.49804200000    -0.21335790000
  20      0.11824700000     0.35779080000
  21      0.05735600000     0.56911450000
 S 21 
   1  11016640.00000000000    -0.00000010390
   2  1649423.00000000000    -0.00000082920
   3  375358.90000000002    -0.00000419890
   4  106323.60000000001    -0.00001865780
   5  34689.76000000000    -0.00006386130
   6  12524.83000000000    -0.00022525760
   7   4885.75200000000    -0.00061316530
   8   2026.91800000000    -0.00188635600
   9    884.36450000000    -0.00418531600
  10    402.31700000000    -0.01123172000
  11    189.52710000000    -0.01791544000
  12     91.86095000000    -0.03714198000
  13     45.12476000000    -0.01126485000
  14     20.62512000000     0.01522975000
  15     10.31973000000     0.24586400000
  16      5.15772300000     0.07882802000
  17      2.31262800000    -0.01862956000
  18      1.10307900000    -1.09626200000
  19      0.49804200000     0.55109660000
  20      0.11824700000     1.89472700000
  21      0.05735600000    -1.31577300000
 S 21 
   1  11016640.00000000000    -0.00000016720
   2  1649423.00000000000    -0.00000133200
   3  375358.90000000002    -0.00000676460
   4  106323.60000000001    -0.00002994510
   5  34689.76000000000    -0.00010299300
   6  12524.83000000000    -0.00036118650
   7   4885.75200000000    -0.00099034140
   8   2026.91800000000    -0.00302200200
   9    884.36450000000    -0.00677824200
  10    402.31700000000    -0.01798719000
  11    189.52710000000    -0.02926094000
  12     91.86095000000    -0.05950832000
  13     45.12476000000    -0.02030054000
  14     20.62512000000     0.02995049000
  15     10.31973000000     0.42025600000
  16      5.15772300000     0.18448260000
  17      2.31262800000    -0.45266540000
  18      1.10307900000    -1.89215700000
  19      0.49804200000     2.84859400000
  20      0.11824700000    -1.12477500000
  21      0.05735600000    -0.98106690000
 S 21 
   1  11016640.00000000000    -0.00000020190
   2  1649423.00000000000    -0.00000147610
   3  375358.90000000002    -0.00000847900
   4  106323.60000000001    -0.00003186670
   5  34689.76000000000    -0.00013440190
   6  12524.83000000000    -0.00036653420
   7   4885.75200000000    -0.00135522200
   8   2026.91800000000    -0.00288463500
   9    884.36450000000    -0.00990851100
  10    402.31700000000    -0.01547488000
  11    189.52710000000    -0.04925232000
  12     91.86095000000    -0.03533906000
  13     45.12476000000    -0.09963499000
  14     20.62512000000     0.21401830000
  15     10.31973000000     0.21375610000
  16      5.15772300000     0.86097980000
  17      2.31262800000    -2.92584300000
  18      1.10307900000     1.96655800000
  19      0.49804200000     0.75156510000
  20      0.11824700000    -4.10739700000
  21      0.05735600000     5.70178100000
 S 1 
   1      0.02576000000     1.00000000000
 P 17 
   1  31539.89000000000     0.00001100000
   2   7460.23400000000     0.00010000000
   3   2422.62200000000     0.00058700000
   4    927.75470000000     0.00266700000
   5    394.80410000000     0.00999100000
   6    180.80270000000     0.03149300000
   7     87.42393000000     0.08326600000
   8     44.03427000000     0.17732800000
   9     22.77704000000     0.28923000000
  10     12.01547000000     0.32967300000
  11      6.41175100000     0.21088700000
  12      3.38113600000     0.05517400000
  13      1.74705400000     0.00223000000
  14      0.88500400000    -0.00128400000
  15      0.43302800000    -0.00085400000
  16      0.17341500000    -0.00004600000
  17      0.07260800000    -0.00001200000
 P 17 
   1  31539.89000000000    -0.00000400000
   2   7460.23400000000    -0.00003500000
   3   2422.62200000000    -0.00020300000
   4    927.75470000000    -0.00092600000
   5    394.80410000000    -0.00348700000
   6    180.80270000000    -0.01114100000
   7     87.42393000000    -0.03012800000
   8     44.03427000000    -0.06648400000
   9     22.77704000000    -0.11285400000
  10     12.01547000000    -0.13678500000
  11      6.41175100000    -0.05005700000
  12      3.38113600000     0.18846900000
  13      1.74705400000     0.40045500000
  14      0.88500400000     0.38433200000
  15      0.43302800000     0.16952000000
  16      0.17341500000     0.01825700000
  17      0.07260800000    -0.00074300000
 P 17 
   1  31539.89000000000     0.00000100000
   2   7460.23400000000     0.00000800000
   3   2422.62200000000     0.00004800000
   4    927.75470000000     0.00021800000
   5    394.80410000000     0.00082700000
   6    180.80270000000     0.00262600000
   7     87.42393000000     0.00717200000
   8     44.03427000000     0.01573800000
   9     22.77704000000     0.02715400000
  10     12.01547000000     0.03263100000
  11      6.41175100000     0.01149300000
  12      3.38113600000    -0.05607700000
  13      1.74705400000    -0.11425200000
  14      0.88500400000    -0.13373700000
  15      0.43302800000     0.00347300000
  16      0.17341500000     0.34516600000
  17      0.07260800000     0.54184400000
 P 17 
   1  31539.89000000000     0.00000100000
   2   7460.23400000000     0.00001000000
   3   2422.62200000000     0.00006100000
   4    927.75470000000     0.00027700000
   5    394.80410000000     0.00104100000
   6    180.80270000000     0.00333800000
   7     87.42393000000     0.00901300000
   8     44.03427000000     0.02001300000
   9     22.77704000000     0.03400000000
  10     12.01547000000     0.04199300000
  11      6.41175100000     0.01380400000
  12      3.38113600000    -0.06627500000
  13      1.74705400000    -0.14610700000
  14      0.88500400000    -0.16947500000
  15      0.43302800000    -0.02858700000
  16      0.17341500000     0.56630700000
  17      0.07260800000     0.51568800000
 P 17 
   1  31539.89000000000     0.00000300000
   2   7460.23400000000     0.00002100000
   3   2422.62200000000     0.00013400000
   4    927.75470000000     0.00055900000
   5    394.80410000000     0.00229700000
   6    180.80270000000     0.00672700000
   7     87.42393000000     0.01999000000
   8     44.03427000000     0.03978900000
   9     22.77704000000     0.07842600000
  10     12.01547000000     0.07988200000
  11      6.41175100000     0.06097200000
  12      3.38113600000    -0.22268800000
  13      1.74705400000    -0.36681300000
  14      0.88500400000    -0.44710900000
  15      0.43302800000     1.15180100000
  16      0.17341500000     0.44130500000
  17      0.07260800000    -0.91406600000
 P 17 
   1  31539.89000000000    -0.00000300000
   2   7460.23400000000    -0.00003100000
   3   2422.62200000000    -0.00015000000
   4    927.75470000000    -0.00081500000
   5    394.80410000000    -0.00258300000
   6    180.80270000000    -0.00981300000
   7     87.42393000000    -0.02211600000
   8     44.03427000000    -0.06029600000
   9     22.77704000000    -0.07818700000
  10     12.01547000000    -0.16744300000
  11      6.41175100000    -0.01352300000
  12      3.38113600000     0.30669600000
  13      1.74705400000     1.09078300000
  14      0.88500400000    -1.23454500000
  15      0.43302800000    -0.90155500000
  16      0.17341500000     2.04826600000
  17      0.07260800000    -1.10398400000
 P 1 
   1      0.02991500000     1.00000000000
 D 10 
   1    268.04000000000     0.00036000000
   2     80.22230000000     0.00323600000
   3     30.89500000000     0.01615300000
   4     13.24810000000     0.05341800000
   5      6.04077000000     0.13352400000
   6      2.86159000000     0.23863700000
   7      1.35545000000     0.30945500000
   8      0.62824800000     0.30569100000
   9      0.28062300000     0.21828900000
  10      0.11866800000     0.08969300000
 D 10 
   1    268.04000000000    -0.00040700000
   2     80.22230000000    -0.00367700000
   3     30.89500000000    -0.01842200000
   4     13.24810000000    -0.06205000000
   5      6.04077000000    -0.15894600000
   6      2.86159000000    -0.26290000000
   7      1.35545000000    -0.24388300000
   8      0.62824800000     0.03774000000
   9      0.28062300000     0.42706400000
  10      0.11866800000     0.44281200000
 D 10 
   1    268.04000000000    -0.00058200000
   2     80.22230000000    -0.00527600000
   3     30.89500000000    -0.02672300000
   4     13.24810000000    -0.09201200000
   5      6.04077000000    -0.24234100000
   6      2.86159000000    -0.33835600000
   7      1.35545000000    -0.01388600000
   8      0.62824800000     0.67317000000
   9      0.28062300000     0.26108900000
  10      0.11866800000    -0.66139600000
 D 10 
   1    268.04000000000     0.00082800000
   2     80.22230000000     0.00807200000
   3     30.89500000000     0.03896000000
   4     13.24810000000     0.14970600000
   5      6.04077000000     0.38793300000
   6      2.86159000000     0.29703400000
   7      1.35545000000    -0.87580600000
   8      0.62824800000    -0.29585200000
   9      0.28062300000     1.20442400000
  10      0.11866800000    -0.52989300000
 D 1 
   1      0.04593100000     1.00000000000
 F 1 
   1      3.76110000000     1.00000000000
 F 1 
   1      1.09280000000     1.00000000000
 F 1 
   1      0.31750000000     1.00000000000
 G 1 
   1      2.61430000000     1.00000000000
 G 1 
   1      0.69510000000     1.00000000000
 H 1 
   1      1.67750000000     1.00000000000

MANGANESE
 S 21 
   1  12210500.00000000000     0.00000201850
   2  1828157.00000000000     0.00001569640
   3  416030.29999999999     0.00008257850
   4  117843.60000000001     0.00034881070
   5  38448.14000000000     0.00127041400
   6  13881.71000000000     0.00413390500
   7   5415.00200000000     0.01224366000
   8   2246.46000000000     0.03306040000
   9    980.14630000000     0.08019877000
  10    445.89520000000     0.16715500000
  11    210.05580000000     0.27439770000
  12    101.80460000000     0.29636900000
  13     50.01126000000     0.15928520000
  14     22.93939000000     0.05681818000
  15     11.52264000000     0.08278990000
  16      5.77633800000     0.05840628000
  17      2.62595900000     0.00734304700
  18      1.26032200000    -0.00029347930
  19      0.57713000000    -0.00004562250
  20      0.13658200000    -0.00000993500
  21      0.06353500000     0.00002391140
 S 21 
   1  12210500.00000000000    -0.00000096340
   2  1828157.00000000000    -0.00000749370
   3  416030.29999999999    -0.00003941000
   4  117843.60000000001    -0.00016661550
   5  38448.14000000000    -0.00060690410
   6  13881.71000000000    -0.00198110800
   7   5415.00200000000    -0.00589348600
   8   2246.46000000000    -0.01613849000
   9    980.14630000000    -0.04018929000
  10    445.89520000000    -0.08903423000
  11    210.05580000000    -0.16469930000
  12    101.80460000000    -0.22888400000
  13     50.01126000000    -0.15606840000
  14     22.93939000000     0.18825850000
  15     11.52264000000     0.55127250000
  16      5.77633800000     0.37551110000
  17      2.62595900000     0.05061607000
  18      1.26032200000    -0.00492619300
  19      0.57713000000    -0.00061268380
  20      0.13658200000    -0.00028219750
  21      0.06353500000     0.00030091920
 S 21 
   1  12210500.00000000000     0.00000023170
   2  1828157.00000000000     0.00000180360
   3  416030.29999999999     0.00000947620
   4  117843.60000000001     0.00004012550
   5  38448.14000000000     0.00014598700
   6  13881.71000000000     0.00047823680
   7   5415.00200000000     0.00142406300
   8   2246.46000000000     0.00394280700
   9    980.14630000000     0.00995241100
  10    445.89520000000     0.02292420000
  11    210.05580000000     0.04501638000
  12    101.80460000000     0.07048742000
  13     50.01126000000     0.05291064000
  14     22.93939000000    -0.08983951000
  15     11.52264000000    -0.36261550000
  16      5.77633800000    -0.36212660000
  17      2.62595900000     0.26569790000
  18      1.26032200000     0.68920910000
  19      0.57713000000     0.33370720000
  20      0.13658200000     0.01594677000
  21      0.06353500000    -0.00461454600
 S 21 
   1  12210500.00000000000    -0.00000005130
   2  1828157.00000000000    -0.00000039920
   3  416030.29999999999    -0.00000209710
   4  117843.60000000001    -0.00000888140
   5  38448.14000000000    -0.00003230700
   6  13881.71000000000    -0.00010586110
   7   5415.00200000000    -0.00031516140
   8   2246.46000000000    -0.00087300660
   9    980.14630000000    -0.00220352800
  10    445.89520000000    -0.00508176100
  11    210.05580000000    -0.00998883400
  12    101.80460000000    -0.01570961000
  13     50.01126000000    -0.01183955000
  14     22.93939000000     0.02031039000
  15     11.52264000000     0.08593055000
  16      5.77633800000     0.08897427000
  17      2.62595900000    -0.07678891000
  18      1.26032200000    -0.22617500000
  19      0.57713000000    -0.22718690000
  20      0.13658200000     0.30031270000
  21      0.06353500000     0.59534190000
 S 21 
   1  12210500.00000000000    -0.00000010170
   2  1828157.00000000000    -0.00000081110
   3  416030.29999999999    -0.00000411630
   4  117843.60000000001    -0.00001823900
   5  38448.14000000000    -0.00006265920
   6  13881.71000000000    -0.00022007410
   7   5415.00200000000    -0.00060246780
   8   2246.46000000000    -0.00184300000
   9    980.14630000000    -0.00412793800
  10    445.89520000000    -0.01100471000
  11    210.05580000000    -0.01790120000
  12    101.80460000000    -0.03676227000
  13     50.01126000000    -0.01301427000
  14     22.93939000000     0.01478153000
  15     11.52264000000     0.23917130000
  16      5.77633800000     0.08964957000
  17      2.62595900000    -0.01299627000
  18      1.26032200000    -1.05133000000
  19      0.57713000000     0.44785360000
  20      0.13658200000     1.80480600000
  21      0.06353500000    -1.07102600000
 S 21 
   1  12210500.00000000000    -0.00000016420
   2  1828157.00000000000    -0.00000131420
   3  416030.29999999999    -0.00000663280
   4  117843.60000000001    -0.00002960420
   5  38448.14000000000    -0.00010076730
   6  13881.71000000000    -0.00035790390
   7   5415.00200000000    -0.00096668970
   8   2246.46000000000    -0.00300517900
   9    980.14630000000    -0.00660581600
  10    445.89520000000    -0.01803820000
  11    210.05580000000    -0.02853084000
  12    101.80460000000    -0.06124413000
  13     50.01126000000    -0.01893791000
  14     22.93939000000     0.01888653000
  15     11.52264000000     0.43293570000
  16      5.77633800000     0.16616220000
  17      2.62595900000    -0.34014270000
  18      1.26032200000    -2.03932000000
  19      0.57713000000     2.79466100000
  20      0.13658200000    -0.73035820000
  21      0.06353500000    -1.40800300000
 S 21 
   1  12210500.00000000000    -0.00000020020
   2  1828157.00000000000    -0.00000147880
   3  416030.29999999999    -0.00000837240
   4  117843.60000000001    -0.00003208890
   5  38448.14000000000    -0.00013214130
   6  13881.71000000000    -0.00037144930
   7   5415.00200000000    -0.00132645600
   8   2246.46000000000    -0.00295126500
   9    980.14630000000    -0.00965576200
  10    445.89520000000    -0.01616919000
  11    210.05580000000    -0.04776647000
  12    101.80460000000    -0.04049212000
  13     50.01126000000    -0.09389925000
  14     22.93939000000     0.19201820000
  15     11.52264000000     0.24404870000
  16      5.77633800000     0.85890600000
  17      2.62595900000    -2.79314500000
  18      1.26032200000     1.56406900000
  19      0.57713000000     1.11846200000
  20      0.13658200000    -4.05466400000
  21      0.06353500000     5.46205400000
 S 1 
   1      0.02852100000     1.00000000000
 P 17 
   1  35005.12000000000     0.00001100000
   2   8279.46200000000     0.00009800000
   3   2688.46500000000     0.00057200000
   4   1029.49000000000     0.00260400000
   5    438.07080000000     0.00977900000
   6    200.61530000000     0.03093800000
   7     97.00769000000     0.08219400000
   8     48.87052000000     0.17614900000
   9     25.29281000000     0.28913300000
  10     13.35382000000     0.33095600000
  11      7.13178600000     0.21221800000
  12      3.76436500000     0.05522700000
  13      1.94626500000     0.00120700000
  14      0.98545500000    -0.00235500000
  15      0.48186500000    -0.00132000000
  16      0.18921200000    -0.00009400000
  17      0.07798000000    -0.00000700000
 P 17 
   1  35005.12000000000    -0.00000400000
   2   8279.46200000000    -0.00003400000
   3   2688.46500000000    -0.00019900000
   4   1029.49000000000    -0.00090700000
   5    438.07080000000    -0.00342500000
   6    200.61530000000    -0.01098500000
   7     97.00769000000    -0.02985600000
   8     48.87052000000    -0.06636600000
   9     25.29281000000    -0.11350400000
  10     13.35382000000    -0.13799100000
  11      7.13178600000    -0.04935500000
  12      3.76436500000     0.19124200000
  13      1.94626500000     0.40235500000
  14      0.98545500000     0.38211600000
  15      0.48186500000     0.16819900000
  16      0.18921200000     0.01790500000
  17      0.07798000000    -0.00095800000
 P 17 
   1  35005.12000000000    -0.00000100000
   2   8279.46200000000    -0.00000800000
   3   2688.46500000000    -0.00004600000
   4   1029.49000000000    -0.00020800000
   5    438.07080000000    -0.00079200000
   6    200.61530000000    -0.00252200000
   7     97.00769000000    -0.00692800000
   8     48.87052000000    -0.01529200000
   9     25.29281000000    -0.02661100000
  10     13.35382000000    -0.03197800000
  11      7.13178600000    -0.01122200000
  12      3.76436500000     0.05498800000
  13      1.94626500000     0.11046500000
  14      0.98545500000     0.12816200000
  15      0.48186500000    -0.00298000000
  16      0.18921200000    -0.33682400000
  17      0.07798000000    -0.54244100000
 P 17 
   1  35005.12000000000     0.00000100000
   2   8279.46200000000     0.00001000000
   3   2688.46500000000     0.00006100000
   4   1029.49000000000     0.00027800000
   5    438.07080000000     0.00105200000
   6    200.61530000000     0.00336600000
   7     97.00769000000     0.00919300000
   8     48.87052000000     0.02040400000
   9     25.29281000000     0.03527700000
  10     13.35382000000     0.04298600000
  11      7.13178600000     0.01478300000
  12      3.76436500000    -0.07085100000
  13      1.94626500000    -0.14886300000
  14      0.98545500000    -0.17266100000
  15      0.48186500000    -0.00485700000
  16      0.18921200000     0.57188100000
  17      0.07798000000     0.50132800000
 P 17 
   1  35005.12000000000     0.00000300000
   2   8279.46200000000     0.00002100000
   3   2688.46500000000     0.00013800000
   4   1029.49000000000     0.00056800000
   5    438.07080000000     0.00236800000
   6    200.61530000000     0.00688700000
   7     97.00769000000     0.02080500000
   8     48.87052000000     0.04120700000
   9     25.29281000000     0.08294900000
  10     13.35382000000     0.08233000000
  11      7.13178600000     0.06764900000
  12      3.76436500000    -0.25058700000
  13      1.94626500000    -0.37878400000
  14      0.98545500000    -0.39651700000
  15      0.48186500000     1.15011200000
  16      0.18921200000     0.38308500000
  17      0.07798000000    -0.89232800000
 P 17 
   1  35005.12000000000    -0.00000300000
   2   8279.46200000000    -0.00003200000
   3   2688.46500000000    -0.00016500000
   4   1029.49000000000    -0.00085200000
   5    438.07080000000    -0.00286400000
   6    200.61530000000    -0.01033800000
   7     97.00769000000    -0.02492000000
   8     48.87052000000    -0.06390800000
   9     25.29281000000    -0.09170400000
  10     13.35382000000    -0.16883300000
  11      7.13178600000    -0.04571700000
  12      3.76436500000     0.44754300000
  13      1.94626500000     1.04454400000
  14      0.98545500000    -1.48572100000
  15      0.48186500000    -0.53060400000
  16      0.18921200000     1.82171800000
  17      0.07798000000    -1.06845000000
 P 1 
   1      0.03168500000     1.00000000000
 D 10 
   1    301.42700000000     0.00036100000
   2     90.32880000000     0.00325900000
   3     34.83370000000     0.01641900000
   4     14.97700000000     0.05476000000
   5      6.84983000000     0.13672700000
   6      3.25217000000     0.24241900000
   7      1.54309000000     0.31037600000
   8      0.71564100000     0.30217000000
   9      0.31932300000     0.21357300000
  10      0.13442800000     0.08909400000
 D 10 
   1    301.42700000000    -0.00036700000
   2     90.32880000000    -0.00333100000
   3     34.83370000000    -0.01681300000
   4     14.97700000000    -0.05692900000
   5      6.84983000000    -0.14577000000
   6      3.25217000000    -0.24667300000
   7      1.54309000000    -0.23422700000
   8      0.71564100000     0.02332000000
   9      0.31932300000     0.38757700000
  10      0.13442800000     0.46769500000
 D 10 
   1    301.42700000000    -0.00058100000
   2     90.32880000000    -0.00530400000
   3     34.83370000000    -0.02701900000
   4     14.97700000000    -0.09406700000
   5      6.84983000000    -0.24693800000
   6      3.25217000000    -0.34205100000
   7      1.54309000000    -0.01462100000
   8      0.71564100000     0.61207000000
   9      0.31932300000     0.32011200000
  10      0.13442800000    -0.56097900000
 D 10 
   1    301.42700000000    -0.00074600000
   2     90.32880000000    -0.00685800000
   3     34.83370000000    -0.03503600000
   4     14.97700000000    -0.12659200000
   5      6.84983000000    -0.35986400000
   6      3.25217000000    -0.30653100000
   7      1.54309000000     0.75263200000
   8      0.71564100000     0.41765900000
   9      0.31932300000    -1.07283200000
  10      0.13442800000     0.20004300000
 D 1 
   1      0.05157000000     1.00000000000
 F 1 
   1      4.46460000000     1.00000000000
 F 1 
   1      1.31330000000     1.00000000000
 F 1 
   1      0.38630000000     1.00000000000
 G 1 
   1      3.16680000000     1.00000000000
 G 1 
   1      0.86510000000     1.00000000000
 H 1 
   1      2.00030000000     1.00000000000

IRON
 S 21 
   1  13277140.00000000000     0.00000197650
   2  1987888.00000000000     0.00001536910
   3  452387.09999999998     0.00008085570
   4  128143.70000000000     0.00034152530
   5  41809.17000000000     0.00124388300
   6  15095.33000000000     0.00404754700
   7   5888.43800000000     0.01198848000
   8   2442.87600000000     0.03237358000
   9   1065.85700000000     0.07854828000
  10    484.90960000000     0.16373960000
  11    228.45850000000     0.26873350000
  12    110.74530000000     0.28963170000
  13     54.43116000000     0.15542350000
  14     25.01096000000     0.06284331000
  15     12.59262000000     0.09927972000
  16      6.32320200000     0.06931444000
  17      2.88338400000     0.00888566600
  18      1.38286800000    -0.00027762000
  19      0.63220100000     0.00000127160
  20      0.14923800000    -0.00001537760
  21      0.06849400000     0.00002552340
 S 21 
   1  13277140.00000000000    -0.00000102020
   2  1987888.00000000000    -0.00000793530
   3  452387.09999999998    -0.00004173310
   4  128143.70000000000    -0.00017642490
   5  41809.17000000000    -0.00064263790
   6  15095.33000000000    -0.00209744000
   7   5888.43800000000    -0.00623875000
   8   2442.87600000000    -0.01707492000
   9   1065.85700000000    -0.04248570000
  10    484.90960000000    -0.09392294000
  11    228.45850000000    -0.17305540000
  12    110.74530000000    -0.23866260000
  13     54.43116000000    -0.16239710000
  14     25.01096000000     0.18693450000
  15     12.59262000000     0.54956860000
  16      6.32320200000     0.37231180000
  17      2.88338400000     0.05057065000
  18      1.38286800000    -0.00407264500
  19      0.63220100000    -0.00027321990
  20      0.14923800000    -0.00026122960
  21      0.06849400000     0.00025473930
 S 21 
   1  13277140.00000000000     0.00000023400
   2  1987888.00000000000     0.00000182170
   3  452387.09999999998     0.00000957130
   4  128143.70000000000     0.00004052650
   5  41809.17000000000     0.00014745310
   6  15095.33000000000     0.00048303330
   7   5888.43800000000     0.00143860900
   8   2442.87600000000     0.00398391500
   9   1065.85700000000     0.01006355000
  10    484.90960000000     0.02320610000
  11    228.45850000000     0.04566780000
  12    110.74530000000     0.07169322000
  13     54.43116000000     0.05421018000
  14     25.01096000000    -0.09163776000
  15     12.59262000000    -0.36932190000
  16      6.32320200000    -0.36160330000
  17      2.88338400000     0.27341910000
  18      1.38286800000     0.68890900000
  19      0.63220100000     0.32941790000
  20      0.14923800000     0.01558687000
  21      0.06849400000    -0.00416104900
 S 21 
   1  13277140.00000000000    -0.00000005060
   2  1987888.00000000000    -0.00000039410
   3  452387.09999999998    -0.00000207030
   4  128143.70000000000    -0.00000876640
   5  41809.17000000000    -0.00003189540
   6  15095.33000000000    -0.00010449110
   7   5888.43800000000    -0.00031121130
   8   2442.87600000000    -0.00086201810
   9   1065.85700000000    -0.00217812900
  10    484.90960000000    -0.00502697000
  11    228.45850000000    -0.00990811300
  12    110.74530000000    -0.01561357000
  13     54.43116000000    -0.01187731000
  14     25.01096000000     0.02031246000
  15     12.59262000000     0.08560291000
  16      6.32320200000     0.08702717000
  17      2.88338400000    -0.07758197000
  18      1.38286800000    -0.22149190000
  19      0.63220100000    -0.21962630000
  20      0.14923800000     0.28698930000
  21      0.06849400000     0.59274340000
 S 21 
   1  13277140.00000000000    -0.00000009960
   2  1987888.00000000000    -0.00000079260
   3  452387.09999999998    -0.00000403160
   4  128143.70000000000    -0.00001780940
   5  41809.17000000000    -0.00006142010
   6  15095.33000000000    -0.00021473000
   7   5888.43800000000    -0.00059125440
   8   2442.87600000000    -0.00179719300
   9   1065.85700000000    -0.00406108900
  10    484.90960000000    -0.01073419000
  11    228.45850000000    -0.01773464000
  12    110.74530000000    -0.03586338000
  13     54.43116000000    -0.01374002000
  14     25.01096000000     0.01645324000
  15     12.59262000000     0.23227490000
  16      6.32320200000     0.09256802000
  17      2.88338400000    -0.03322957000
  18      1.38286800000    -0.98602900000
  19      0.63220100000     0.40464450000
  20      0.14923800000     1.68888900000
  21      0.06849400000    -0.84790930000
 S 21 
   1  13277140.00000000000    -0.00000016780
   2  1987888.00000000000    -0.00000133700
   3  452387.09999999998    -0.00000679020
   4  128143.70000000000    -0.00003005870
   5  41809.17000000000    -0.00010338990
   6  15095.33000000000    -0.00036263650
   7   5888.43800000000    -0.00099473590
   8   2442.87600000000    -0.00303813400
   9   1065.85700000000    -0.00683109500
  10    484.90960000000    -0.01819172000
  11    228.45850000000    -0.02987575000
  12    110.74530000000    -0.06129076000
  13     54.43116000000    -0.02302594000
  14     25.01096000000     0.02701671000
  15     12.59262000000     0.42299670000
  16      6.32320200000     0.21530880000
  17      2.88338400000    -0.43431640000
  18      1.38286800000    -1.95034800000
  19      0.63220100000     2.72023300000
  20      0.14923800000    -0.61232410000
  21      0.06849400000    -1.46832900000
 S 21 
   1  13277140.00000000000    -0.00000019790
   2  1987888.00000000000    -0.00000145450
   3  452387.09999999998    -0.00000829690
   4  128143.70000000000    -0.00003147680
   5  41809.17000000000    -0.00013125050
   6  15095.33000000000    -0.00036318510
   7   5888.43800000000    -0.00132110300
   8   2442.87600000000    -0.00287434500
   9   1065.85700000000    -0.00965566700
  10    484.90960000000    -0.01565078000
  11    228.45850000000    -0.04818210000
  12    110.74530000000    -0.03801945000
  13     54.43116000000    -0.09789664000
  14     25.01096000000     0.19908980000
  15     12.59262000000     0.20200130000
  16      6.32320200000     0.97760640000
  17      2.88338400000    -3.00357900000
  18      1.38286800000     1.80166200000
  19      0.63220100000     0.97479710000
  20      0.14923800000    -3.89755700000
  21      0.06849400000     5.22790900000
 S 1 
   1      0.03038100000     1.00000000000
 P 17 
   1  38282.05000000000     0.00001100000
   2   9061.55600000000     0.00009700000
   3   2944.45000000000     0.00056600000
   4   1128.15800000000     0.00257500000
   5    480.33800000000     0.00967600000
   6    220.13680000000     0.03064400000
   7    106.54820000000     0.08155300000
   8     53.74262000000     0.17524500000
   9     27.86318000000     0.28846500000
  10     14.74382000000     0.33073400000
  11      7.89335100000     0.21277000000
  12      4.17949700000     0.05620300000
  13      2.16566900000     0.00180700000
  14      1.09724000000    -0.00199900000
  15      0.53608500000    -0.00115500000
  16      0.20237400000    -0.00007900000
  17      0.08174200000    -0.00000300000
 P 17 
   1  38282.05000000000    -0.00000400000
   2   9061.55600000000    -0.00003400000
   3   2944.45000000000    -0.00019900000
   4   1128.15800000000    -0.00091100000
   5    480.33800000000    -0.00343700000
   6    220.13680000000    -0.01104200000
   7    106.54820000000    -0.03006100000
   8     53.74262000000    -0.06704900000
   9     27.86318000000    -0.11507000000
  10     14.74382000000    -0.13991700000
  11      7.89335100000    -0.04948000000
  12      4.17949700000     0.19170900000
  13      2.16566900000     0.40301200000
  14      1.09724000000     0.38071700000
  15      0.53608500000     0.16930500000
  16      0.20237400000     0.01787200000
  17      0.08174200000    -0.00143300000
 P 17 
   1  38282.05000000000     0.00000100000
   2   9061.55600000000     0.00000700000
   3   2944.45000000000     0.00004400000
   4   1128.15800000000     0.00019700000
   5    480.33800000000     0.00075100000
   6    220.13680000000     0.00239100000
   7    106.54820000000     0.00659500000
   8     53.74262000000     0.01457000000
   9     27.86318000000     0.02552900000
  10     14.74382000000     0.03048500000
  11      7.89335100000     0.01085300000
  12      4.17949700000    -0.05238500000
  13      2.16566900000    -0.10327100000
  14      1.09724000000    -0.12124100000
  15      0.53608500000     0.00084000000
  16      0.20237400000     0.32728800000
  17      0.08174200000     0.54422600000
 P 17 
   1  38282.05000000000     0.00000100000
   2   9061.55600000000     0.00001100000
   3   2944.45000000000     0.00006600000
   4   1128.15800000000     0.00029500000
   5    480.33800000000     0.00113400000
   6    220.13680000000     0.00358500000
   7    106.54820000000     0.00995000000
   8     53.74262000000     0.02181000000
   9     27.86318000000     0.03866100000
  10     14.74382000000     0.04562800000
  11      7.89335100000     0.01795800000
  12      4.17949700000    -0.08159300000
  13      2.16566900000    -0.15819400000
  14      1.09724000000    -0.18907100000
  15      0.53608500000     0.04462100000
  16      0.20237400000     0.61169200000
  17      0.08174200000     0.44617000000
 P 17 
   1  38282.05000000000     0.00000300000
   2   9061.55600000000     0.00002200000
   3   2944.45000000000     0.00014700000
   4   1128.15800000000     0.00059800000
   5    480.33800000000     0.00252700000
   6    220.13680000000     0.00726000000
   7    106.54820000000     0.02230000000
   8     53.74262000000     0.04359200000
   9     27.86318000000     0.08982400000
  10     14.74382000000     0.08632800000
  11      7.89335100000     0.07970000000
  12      4.17949700000    -0.29430900000
  13      2.16566900000    -0.40464300000
  14      1.09724000000    -0.32420200000
  15      0.53608500000     1.18983700000
  16      0.20237400000     0.22809800000
  17      0.08174200000    -0.84743400000
 P 17 
   1  38282.05000000000    -0.00000300000
   2   9061.55600000000    -0.00003300000
   3   2944.45000000000    -0.00017800000
   4   1128.15800000000    -0.00088000000
   5    480.33800000000    -0.00307500000
   6    220.13680000000    -0.01071400000
   7    106.54820000000    -0.02695300000
   8     53.74262000000    -0.06627900000
   9     27.86318000000    -0.10114400000
  10     14.74382000000    -0.17046700000
  11      7.89335100000    -0.08377500000
  12      4.17949700000     0.60564900000
  13      2.16566900000     0.95723900000
  14      1.09724000000    -1.73483600000
  15      0.53608500000    -0.09786500000
  16      0.20237400000     1.57481300000
  17      0.08174200000    -1.08181700000
 P 1 
   1      0.03266200000     1.00000000000
 D 10 
   1    338.50600000000     0.00035600000
   2    101.49200000000     0.00322900000
   3     39.18670000000     0.01641400000
   4     16.90340000000     0.05513300000
   5      7.76296000000     0.13750200000
   6      3.69887000000     0.24259500000
   7      1.75963000000     0.30852300000
   8      0.81665100000     0.29981400000
   9      0.36382100000     0.21504800000
  10      0.15254100000     0.09257700000
 D 10 
   1    338.50600000000    -0.00039100000
   2    101.49200000000    -0.00357600000
   3     39.18670000000    -0.01819100000
   4     16.90340000000    -0.06209000000
   5      7.76296000000    -0.15928700000
   6      3.69887000000    -0.26977600000
   7      1.75963000000    -0.23899700000
   8      0.81665100000     0.06198500000
   9      0.36382100000     0.41365700000
  10      0.15254100000     0.43487800000
 D 10 
   1    338.50600000000    -0.00056500000
   2    101.49200000000    -0.00518500000
   3     39.18670000000    -0.02661100000
   4     16.90340000000    -0.09307900000
   5      7.76296000000    -0.24829700000
   6      3.69887000000    -0.34982300000
   7      1.75963000000     0.03692200000
   8      0.81665100000     0.64947200000
   9      0.36382100000     0.23423800000
  10      0.15254100000    -0.60974500000
 D 10 
   1    338.50600000000    -0.00081600000
   2    101.49200000000    -0.00712400000
   3     39.18670000000    -0.03856000000
   4     16.90340000000    -0.13356700000
   5      7.76296000000    -0.41521100000
   6      3.69887000000    -0.27936900000
   7      1.75963000000     0.92766500000
   8      0.81665100000     0.18558900000
   9      0.36382100000    -1.07961600000
  10      0.15254100000     0.41970900000
 D 1 
   1      0.05799100000     1.00000000000
 F 1 
   1      5.19820000000     1.00000000000
 F 1 
   1      1.55040000000     1.00000000000
 F 1 
   1      0.46240000000     1.00000000000
 G 1 
   1      3.79440000000     1.00000000000
 G 1 
   1      1.06680000000     1.00000000000
 H 1 
   1      2.38420000000     1.00000000000

COBALT
 S 21 
   1  14370220.00000000000     0.00000196160
   2  2151540.00000000000     0.00001525310
   3  489625.70000000001     0.00008024670
   4  138690.29999999999     0.00033895820
   5  45249.89000000000     0.00123455100
   6  16337.62000000000     0.00401723700
   7   6373.07300000000     0.01189936000
   8   2643.95800000000     0.03213721000
   9   1153.61400000000     0.07799970000
  10    524.86060000000     0.16268250000
  11    247.30690000000     0.26718490000
  12    119.90630000000     0.28814110000
  13     58.96429000000     0.15483010000
  14     27.13616000000     0.06451896000
  15     13.68912000000     0.10307280000
  16      6.88277100000     0.07137991000
  17      3.14464700000     0.00913133200
  18      1.50626600000    -0.00029196790
  19      0.68726800000    -0.00000558150
  20      0.16097200000    -0.00001732350
  21      0.07301700000     0.00002132350
 S 21 
   1  14370220.00000000000    -0.00000103200
   2  2151540.00000000000    -0.00000802760
   3  489625.70000000001    -0.00004221930
   4  138690.29999999999    -0.00017848170
   5  45249.89000000000    -0.00065014110
   6  16337.62000000000    -0.00212190900
   7   6373.07300000000    -0.00631175500
   8   2643.95800000000    -0.01727558000
   9   1153.61400000000    -0.04299353000
  10    524.86060000000    -0.09507125000
  11    247.30690000000    -0.17522120000
  12    119.90630000000    -0.24161270000
  13     58.96429000000    -0.16459330000
  14     27.13616000000     0.18800600000
  15     13.68912000000     0.55051570000
  16      6.88277100000     0.37016820000
  17      3.14464700000     0.05007243000
  18      1.50626600000    -0.00397568600
  19      0.68726800000    -0.00028964090
  20      0.16097200000    -0.00025525150
  21      0.07301700000     0.00021828070
 S 21 
   1  14370220.00000000000     0.00000023580
   2  2151540.00000000000     0.00000183530
   3  489625.70000000001     0.00000964300
   4  138690.29999999999     0.00004082980
   5  45249.89000000000     0.00014856300
   6  16337.62000000000     0.00048666880
   7   6373.07300000000     0.00144961800
   8   2643.95800000000     0.00401511600
   9   1153.61400000000     0.01014820000
  10    524.86060000000     0.02342321000
  11    247.30690000000     0.04617220000
  12    119.90630000000     0.07262205000
  13     58.96429000000     0.05512470000
  14     27.13616000000    -0.09356803000
  15     13.68912000000    -0.37520660000
  16      6.88277100000    -0.35950100000
  17      3.14464700000     0.28211870000
  18      1.50626600000     0.68828510000
  19      0.68726800000     0.32436800000
  20      0.16097200000     0.01501498000
  21      0.07301700000    -0.00390600500
 S 21 
   1  14370220.00000000000    -0.00000004980
   2  2151540.00000000000    -0.00000038790
   3  489625.70000000001    -0.00000203840
   4  138690.29999999999    -0.00000863010
   5  45249.89000000000    -0.00003140520
   6  16337.62000000000    -0.00010286820
   7   6373.07300000000    -0.00030647760
   8   2643.95800000000    -0.00084885810
   9   1153.61400000000    -0.00214673200
  10    524.86060000000    -0.00495749900
  11    247.30690000000    -0.00979218300
  12    119.90630000000    -0.01545065000
  13     58.96429000000    -0.01181794000
  14     27.13616000000     0.02031574000
  15     13.68912000000     0.08494754000
  16      6.88277100000     0.08455870000
  17      3.14464700000    -0.07824438000
  18      1.50626600000    -0.21614030000
  19      0.68726800000    -0.21206570000
  20      0.16097200000     0.27770480000
  21      0.07301700000     0.58863420000
 S 21 
   1  14370220.00000000000    -0.00000009630
   2  2151540.00000000000    -0.00000076540
   3  489625.70000000001    -0.00000390360
   4  138690.29999999999    -0.00001718660
   5  45249.89000000000    -0.00005952640
   6  16337.62000000000    -0.00020704820
   7   6373.07300000000    -0.00057372930
   8   2643.95800000000    -0.00173156700
   9   1153.61400000000    -0.00395002900
  10    524.86060000000    -0.01033969000
  11    247.30690000000    -0.01736027000
  12    119.90630000000    -0.03449074000
  13     58.96429000000    -0.01422040000
  14     27.13616000000     0.01816713000
  15     13.68912000000     0.22190440000
  16      6.88277100000     0.09496945000
  17      3.14464700000    -0.05356770000
  18      1.50626600000    -0.90710450000
  19      0.68726800000     0.34918740000
  20      0.16097200000     1.58668900000
  21      0.07301700000    -0.64259860000
 S 21 
   1  14370220.00000000000    -0.00000017340
   2  2151540.00000000000    -0.00000137640
   3  489625.70000000001    -0.00000702690
   4  138690.29999999999    -0.00003089760
   5  45249.89000000000    -0.00010719290
   6  16337.62000000000    -0.00037211610
   7   6373.07300000000    -0.00103375800
   8   2643.95800000000    -0.00311160200
   9   1153.61400000000    -0.00712742800
  10    524.86060000000    -0.01859372000
  11    247.30690000000    -0.03148302000
  12    119.90630000000    -0.06222078000
  13     58.96429000000    -0.02684359000
  14     27.13616000000     0.03499360000
  15     13.68912000000     0.42200930000
  16      6.88277100000     0.25731470000
  17      3.14464700000    -0.53630890000
  18      1.50626600000    -1.85611200000
  19      0.68726800000     2.65147500000
  20      0.16097200000    -0.52287750000
  21      0.07301700000    -1.48308600000
 S 21 
   1  14370220.00000000000    -0.00000019680
   2  2151540.00000000000    -0.00000143980
   3  489625.70000000001    -0.00000826590
   4  138690.29999999999    -0.00003108990
   5  45249.89000000000    -0.00013101840
   6  16337.62000000000    -0.00035773660
   7   6373.07300000000    -0.00132172600
   8   2643.95800000000    -0.00282163000
   9   1153.61400000000    -0.00969264600
  10    524.86060000000    -0.01528143000
  11    247.30690000000    -0.04871094000
  12    119.90630000000    -0.03611465000
  13     58.96429000000    -0.10145590000
  14     27.13616000000     0.20591850000
  15     13.68912000000     0.17402090000
  16      6.88277100000     1.06189600000
  17      3.14464700000    -3.18751200000
  18      1.50626600000     2.05273000000
  19      0.68726800000     0.79624510000
  20      0.16097200000    -3.73094900000
  21      0.07301700000     5.01811000000
 S 1 
   1      0.03207100000     1.00000000000
 P 17 
   1  41961.40000000000     0.00001100000
   2   9928.30600000000     0.00009500000
   3   3224.97100000000     0.00055700000
   4   1235.29300000000     0.00253800000
   5    525.84690000000     0.00955400000
   6    240.97620000000     0.03033500000
   7    116.64180000000     0.08098400000
   8     58.84834000000     0.17469200000
   9     30.52910000000     0.28854400000
  10     16.16943000000     0.33113600000
  11      8.66423600000     0.21289700000
  12      4.59194300000     0.05629500000
  13      2.38104800000     0.00189500000
  14      1.20624600000    -0.00195500000
  15      0.58882200000    -0.00112600000
  16      0.22465800000    -0.00007400000
  17      0.09043600000    -0.00000300000
 P 17 
   1  41961.40000000000    -0.00000400000
   2   9928.30600000000    -0.00003400000
   3   3224.97100000000    -0.00019800000
   4   1235.29300000000    -0.00090600000
   5    525.84690000000    -0.00342800000
   6    240.97620000000    -0.01103900000
   7    116.64180000000    -0.03015700000
   8     58.84834000000    -0.06754900000
   9     30.52910000000    -0.11646600000
  10     16.16943000000    -0.14144100000
  11      8.66423600000    -0.04871700000
  12      4.59194300000     0.19465500000
  13      2.38104800000     0.40414800000
  14      1.20624600000     0.37890400000
  15      0.58882200000     0.16730600000
  16      0.22465800000     0.01771900000
  17      0.09043600000    -0.00125200000
 P 17 
   1  41961.40000000000     0.00000100000
   2   9928.30600000000     0.00000700000
   3   3224.97100000000     0.00004400000
   4   1235.29300000000     0.00019900000
   5    525.84690000000     0.00076000000
   6    240.97620000000     0.00242500000
   7    116.64180000000     0.00670600000
   8     58.84834000000     0.01489000000
   9     30.52910000000     0.02618100000
  10     16.16943000000     0.03131000000
  11      8.66423600000     0.01084800000
  12      4.59194300000    -0.05386200000
  13      2.38104800000    -0.10611200000
  14      1.20624600000    -0.12177500000
  15      0.58882200000     0.00386300000
  16      0.22465800000     0.32719800000
  17      0.09043600000     0.54196100000
 P 17 
   1  41961.40000000000     0.00000100000
   2   9928.30600000000     0.00001100000
   3   3224.97100000000     0.00006900000
   4   1235.29300000000     0.00030800000
   5    525.84690000000     0.00118700000
   6    240.97620000000     0.00376000000
   7    116.64180000000     0.01047800000
   8     58.84834000000     0.02305800000
   9     30.52910000000     0.04109500000
  10     16.16943000000     0.04852900000
  11      8.66423600000     0.01882100000
  12      4.59194300000    -0.08898300000
  13      2.38104800000    -0.17106100000
  14      1.20624600000    -0.18976400000
  15      0.58882200000     0.07187400000
  16      0.22465800000     0.60491700000
  17      0.09043600000     0.43578300000
 P 17 
   1  41961.40000000000     0.00000300000
   2   9928.30600000000     0.00002300000
   3   3224.97100000000     0.00015000000
   4   1235.29300000000     0.00062000000
   5    525.84690000000     0.00259200000
   6    240.97620000000     0.00757100000
   7    116.64180000000     0.02300100000
   8     58.84834000000     0.04594300000
   9     30.52910000000     0.09293700000
  10     16.16943000000     0.09340700000
  11      8.66423600000     0.08015200000
  12      4.59194300000    -0.31779300000
  13      2.38104800000    -0.43781300000
  14      1.20624600000    -0.23294600000
  15      0.58882200000     1.16489700000
  16      0.22465800000     0.17315600000
  17      0.09043600000    -0.81607100000
 P 17 
   1  41961.40000000000    -0.00000400000
   2   9928.30600000000    -0.00003300000
   3   3224.97100000000    -0.00018500000
   4   1235.29300000000    -0.00088700000
   5    525.84690000000    -0.00320400000
   6    240.97620000000    -0.01084900000
   7    116.64180000000    -0.02833100000
   8     58.84834000000    -0.06736900000
   9     30.52910000000    -0.10832300000
  10     16.16943000000    -0.17198600000
  11      8.66423600000    -0.10844800000
  12      4.59194300000     0.74160700000
  13      2.38104800000     0.80826400000
  14      1.20624600000    -1.78027200000
  15      0.58882200000     0.06365300000
  16      0.22465800000     1.47424200000
  17      0.09043600000    -1.03854900000
 P 1 
   1      0.03584800000     1.00000000000
 D 10 
   1    375.32000000000     0.00035600000
   2    112.60400000000     0.00323900000
   3     43.51900000000     0.01656900000
   4     18.81470000000     0.05598300000
   5      8.66491000000     0.13940300000
   6      4.13711000000     0.24437800000
   7      1.97080000000     0.30810700000
   8      0.91500700000     0.29726600000
   9      0.40737000000     0.21368500000
  10      0.17044400000     0.09341400000
 D 10 
   1    375.32000000000    -0.00041100000
   2    112.60400000000    -0.00377400000
   3     43.51900000000    -0.01931600000
   4     18.81470000000    -0.06643700000
   5      8.66491000000    -0.17054200000
   6      4.13711000000    -0.28547700000
   7      1.97080000000    -0.23288400000
   8      0.91500700000     0.09447100000
   9      0.40737000000     0.42017800000
  10      0.17044400000     0.40947400000
 D 10 
   1    375.32000000000    -0.00054500000
   2    112.60400000000    -0.00502800000
   3     43.51900000000    -0.02594500000
   4     18.81470000000    -0.09110400000
   5      8.66491000000    -0.24539500000
   6      4.13711000000    -0.34816000000
   7      1.97080000000     0.07008300000
   8      0.91500700000     0.64944500000
   9      0.40737000000     0.19394200000
  10      0.17044400000    -0.61846800000
 D 10 
   1    375.32000000000    -0.00082700000
   2    112.60400000000    -0.00704100000
   3     43.51900000000    -0.03926800000
   4     18.81470000000    -0.13334100000
   5      8.66491000000    -0.43423000000
   6      4.13711000000    -0.25655400000
   7      1.97080000000     0.96624000000
   8      0.91500700000     0.10979800000
   9      0.40737000000    -1.04703500000
  10      0.17044400000     0.43759900000
 D 1 
   1      0.06437900000     1.00000000000
 F 1 
   1      5.98320000000     1.00000000000
 F 1 
   1      1.80450000000     1.00000000000
 F 1 
   1      0.54420000000     1.00000000000
 G 1 
   1      4.45140000000     1.00000000000
 G 1 
   1      1.27000000000     1.00000000000
 H 1 
   1      2.79590000000     1.00000000000

NICKEL
 S 21 
   1  15503020.00000000000     0.00000208500
   2  2321071.00000000000     0.00001621430
   3  528180.19999999995     0.00008530770
   4  149604.00000000000     0.00036037930
   5  48809.07000000000     0.00131263200
   6  17622.39000000000     0.00427239500
   7   6874.20100000000     0.01265994000
   8   2851.85700000000     0.03423065000
   9   1244.33400000000     0.08326735000
  10    566.15470000000     0.17457580000
  11    266.78730000000     0.28980230000
  12    129.37520000000     0.32073230000
  13     63.65161000000     0.17782650000
  14     29.33302000000     0.03633007000
  15     14.82212000000     0.02089458000
  16      7.46051300000     0.01596954000
  17      3.41357600000     0.00173024500
  18      1.63288400000     0.00048173650
  19      0.74357900000     0.00012468000
  20      0.17259200000     0.00002340380
  21      0.07742000000    -0.00001348960
 S 21 
   1  15503020.00000000000    -0.00000072980
   2  2321071.00000000000    -0.00000567780
   3  528180.19999999995    -0.00002985920
   4  149604.00000000000    -0.00012627840
   5  48809.07000000000    -0.00046002520
   6  17622.39000000000    -0.00150323000
   7   6874.20100000000    -0.00447917100
   8   2851.85700000000    -0.01232512000
   9   1244.33400000000    -0.03097639000
  10    566.15470000000    -0.06998651000
  11    266.78730000000    -0.13392560000
  12    129.37520000000    -0.19668810000
  13     63.65161000000    -0.14022580000
  14     29.33302000000     0.19607300000
  15     14.82212000000     0.55645170000
  16      7.46051300000     0.37021670000
  17      3.41357600000     0.05396034000
  18      1.63288400000     0.00470649200
  19      0.74357900000     0.00373611500
  20      0.17259200000    -0.00007468050
  21      0.07742000000     0.00009575340
 S 21 
   1  15503020.00000000000     0.00000024530
   2  2321071.00000000000     0.00000190960
   3  528180.19999999995     0.00001003490
   4  149604.00000000000     0.00004248840
   5  48809.07000000000     0.00015461870
   6  17622.39000000000     0.00050645500
   7   6874.20100000000     0.00150884000
   8   2851.85700000000     0.00417881600
   9   1244.33400000000     0.01056668000
  10    566.15470000000     0.02439300000
  11    266.78730000000     0.04812101000
  12    129.37520000000     0.07565170000
  13     63.65161000000     0.05748534000
  14     29.33302000000    -0.09783186000
  15     14.82212000000    -0.38645360000
  16      7.46051300000    -0.36065980000
  17      3.41357600000     0.28886500000
  18      1.63288400000     0.68309170000
  19      0.74357900000     0.32067780000
  20      0.17259200000     0.01651471000
  21      0.07742000000     0.00031246930
 S 21 
   1  15503020.00000000000    -0.00000005110
   2  2321071.00000000000    -0.00000039810
   3  528180.19999999995    -0.00000209200
   4  149604.00000000000    -0.00000885680
   5  48809.07000000000    -0.00003223600
   6  17622.39000000000    -0.00010557570
   7   6874.20100000000    -0.00031463560
   8   2851.85700000000    -0.00087141130
   9   1244.33400000000    -0.00220541500
  10    566.15470000000    -0.00509551700
  11    266.78730000000    -0.01008237000
  12    129.37520000000    -0.01592070000
  13     63.65161000000    -0.01222037000
  14     29.33302000000     0.02115869000
  15     14.82212000000     0.08747304000
  16      7.46051300000     0.08511605000
  17      3.41357600000    -0.08115683000
  18      1.63288400000    -0.21663590000
  19      0.74357900000    -0.20769580000
  20      0.17259200000     0.26992960000
  21      0.07742000000     0.58427110000
 S 21 
   1  15503020.00000000000    -0.00000009760
   2  2321071.00000000000    -0.00000077410
   3  528180.19999999995    -0.00000395970
   4  149604.00000000000    -0.00001736910
   5  48809.07000000000    -0.00006044950
   6  17622.39000000000    -0.00020905550
   7   6874.20100000000    -0.00058343120
   8   2851.85700000000    -0.00174671300
   9   1244.33400000000    -0.00402678400
  10    566.15470000000    -0.01042362000
  11    266.78730000000    -0.01781172000
  12    129.37520000000    -0.03466996000
  13     63.65161000000    -0.01540945000
  14     29.33302000000     0.02086455000
  15     14.82212000000     0.22068200000
  16      7.46051300000     0.10739660000
  17      3.41357600000    -0.08310668000
  18      1.63288400000    -0.89429990000
  19      0.74357900000     0.37501410000
  20      0.17259200000     1.49675300000
  21      0.07742000000    -0.53203900000
 S 21 
   1  15503020.00000000000    -0.00000017720
   2  2321071.00000000000    -0.00000139760
   3  528180.19999999995    -0.00000720390
   4  149604.00000000000    -0.00003128550
   5  48809.07000000000    -0.00011026990
   6  17622.39000000000    -0.00037557350
   7   6874.20100000000    -0.00106790000
   8   2851.85700000000    -0.00312842700
   9   1244.33400000000    -0.00741027200
  10    566.15470000000    -0.01859501000
  11    266.78730000000    -0.03322798000
  12    129.37520000000    -0.06118440000
  13     63.65161000000    -0.03286334000
  14     29.33302000000     0.04844202000
  15     14.82212000000     0.39898800000
  16      7.46051300000     0.33792900000
  17      3.41357600000    -0.70162240000
  18      1.63288400000    -1.69443400000
  19      0.74357900000     2.58268000000
  20      0.17259200000    -0.54987580000
  21      0.07742000000    -1.39455100000
 S 21 
   1  15503020.00000000000    -0.00000019880
   2  2321071.00000000000    -0.00000144970
   3  528180.19999999995    -0.00000836340
   4  149604.00000000000    -0.00003125530
   5  48809.07000000000    -0.00013276240
   6  17622.39000000000    -0.00035896620
   7   6874.20100000000    -0.00134148800
   8   2851.85700000000    -0.00282401800
   9   1244.33400000000    -0.00986360700
  10    566.15470000000    -0.01523481000
  11    266.78730000000    -0.04984489000
  12    129.37520000000    -0.03522354000
  13     63.65161000000    -0.10564240000
  14     29.33302000000     0.21380340000
  15     14.82212000000     0.15176750000
  16      7.46051300000     1.18042800000
  17      3.41357600000    -3.52649000000
  18      1.63288400000     2.55081500000
  19      0.74357900000     0.43064610000
  20      0.17259200000    -3.45004100000
  21      0.07742000000     4.74034200000
 S 1 
   1      0.03370100000     1.00000000000
 P 17 
   1  45066.62000000000     0.00001100000
   2  10662.64000000000     0.00009600000
   3   3463.43100000000     0.00056400000
   4   1326.62400000000     0.00257000000
   5    564.74140000000     0.00967700000
   6    258.82880000000     0.03074200000
   7    125.31150000000     0.08206500000
   8     63.24233000000     0.17684500000
   9     32.82406000000     0.29116200000
  10     17.39692000000     0.33081600000
  11      9.32439400000     0.20881900000
  12      4.93883900000     0.05373900000
  13      2.56202500000     0.00170900000
  14      1.29929400000    -0.00179800000
  15      0.63467800000    -0.00104600000
  16      0.23226200000    -0.00006200000
  17      0.09154600000     0.00000010000
 P 17 
   1  45066.62000000000    -0.00000400000
   2  10662.64000000000    -0.00003500000
   3   3463.43100000000    -0.00020200000
   4   1326.62400000000    -0.00092500000
   5    564.74140000000    -0.00349900000
   6    258.82880000000    -0.01128000000
   7    125.31150000000    -0.03081900000
   8     63.24233000000    -0.06903600000
   9     32.82406000000    -0.11873300000
  10     17.39692000000    -0.14244300000
  11      9.32439400000    -0.04310700000
  12      4.93883900000     0.20349900000
  13      2.56202500000     0.40622800000
  14      1.29929400000     0.37093800000
  15      0.63467800000     0.16431200000
  16      0.23226200000     0.01726500000
  17      0.09154600000    -0.00168200000
 P 17 
   1  45066.62000000000     0.00000100000
   2  10662.64000000000     0.00000700000
   3   3463.43100000000     0.00004100000
   4   1326.62400000000     0.00018600000
   5    564.74140000000     0.00071200000
   6    258.82880000000     0.00226900000
   7    125.31150000000     0.00629100000
   8     63.24233000000     0.01393400000
   9     32.82406000000     0.02453100000
  10     17.39692000000     0.02877000000
  11      9.32439400000     0.00878100000
  12      4.93883900000    -0.05173100000
  13      2.56202500000    -0.09594500000
  14      1.29929400000    -0.11067500000
  15      0.63467800000     0.00272700000
  16      0.23226200000     0.31502700000
  17      0.09154600000     0.54281000000
 P 17 
   1  45066.62000000000     0.00000200000
   2  10662.64000000000     0.00001400000
   3   3463.43100000000     0.00008400000
   4   1326.62400000000     0.00037100000
   5    564.74140000000     0.00146000000
   6    258.82880000000     0.00453700000
   7    125.31150000000     0.01292200000
   8     63.24233000000     0.02776600000
   9     32.82406000000     0.05095600000
  10     17.39692000000     0.05674500000
  11      9.32439400000     0.02411900000
  12      4.93883900000    -0.12508700000
  13      2.56202500000    -0.20654100000
  14      1.29929400000    -0.21498300000
  15      0.63467800000     0.20781900000
  16      0.23226200000     0.63854200000
  17      0.09154600000     0.32628400000
 P 17 
   1  45066.62000000000     0.00000300000
   2  10662.64000000000     0.00002400000
   3   3463.43100000000     0.00015500000
   4   1326.62400000000     0.00064600000
   5    564.74140000000     0.00268900000
   6    258.82880000000     0.00789900000
   7    125.31150000000     0.02391200000
   8     63.24233000000     0.04800600000
   9     32.82406000000     0.09621300000
  10     17.39692000000     0.09758200000
  11      9.32439400000     0.07702200000
  12      4.93883900000    -0.36013600000
  13      2.56202500000    -0.44558900000
  14      1.29929400000    -0.11653800000
  15      0.63467800000     1.17050300000
  16      0.23226200000    -0.03893100000
  17      0.09154600000    -0.76881400000
 P 17 
   1  45066.62000000000     0.00000400000
   2  10662.64000000000     0.00003600000
   3   3463.43100000000     0.00019900000
   4   1326.62400000000     0.00095900000
   5    564.74140000000     0.00346300000
   6    258.82880000000     0.01175600000
   7    125.31150000000     0.03069000000
   8     63.24233000000     0.07308100000
   9     32.82406000000     0.11682700000
  10     17.39692000000     0.19116300000
  11      9.32439400000     0.10654300000
  12      4.93883900000    -0.94992400000
  13      2.56202500000    -0.56360500000
  14      1.29929400000     1.93461100000
  15      0.63467800000    -0.51017700000
  16      0.23226200000    -1.17229700000
  17      0.09154600000     1.01589800000
 P 1 
   1      0.03564300000     1.00000000000
 D 10 
   1    414.34270000000     0.00035000000
   2    124.39260000000     0.00320000000
   3     48.11540000000     0.01647700000
   4     20.84200000000     0.05600100000
   5      9.62210000000     0.13923400000
   6      4.60340000000     0.24277600000
   7      2.19630000000     0.30406900000
   8      1.02060000000     0.29331900000
   9      0.45440000000     0.21725900000
  10      0.19000000000     0.10469900000
 D 10 
   1    414.34270000000    -0.00036200000
   2    124.39260000000    -0.00333500000
   3     48.11540000000    -0.01717600000
   4     20.84200000000    -0.05924500000
   5      9.62210000000    -0.15123200000
   6      4.60340000000    -0.25446100000
   7      2.19630000000    -0.22871800000
   8      1.02060000000     0.02061600000
   9      0.45440000000     0.34275300000
  10      0.19000000000     0.47387100000
 D 10 
   1    414.34270000000    -0.00052900000
   2    124.39260000000    -0.00492800000
   3     48.11540000000    -0.02537200000
   4     20.84200000000    -0.08965400000
   5      9.62210000000    -0.23874400000
   6      4.60340000000    -0.35972100000
   7      2.19630000000     0.00444400000
   8      1.02060000000     0.59654700000
   9      0.45440000000     0.33130200000
  10      0.19000000000    -0.50900900000
 D 10 
   1    414.34270000000    -0.00078700000
   2    124.39260000000    -0.00677800000
   3     48.11540000000    -0.03772600000
   4     20.84200000000    -0.12912500000
   5      9.62210000000    -0.41480900000
   6      4.60340000000    -0.28395700000
   7      2.19630000000     0.86719400000
   8      1.02060000000     0.27232700000
   9      0.45440000000    -0.98684200000
  10      0.19000000000     0.18536000000
 D 1 
   1      0.07150000000     1.00000000000
 F 1 
   1      6.91340000000     1.00000000000
 F 1 
   1      2.12600000000     1.00000000000
 F 1 
   1      0.65380000000     1.00000000000
 G 1 
   1      5.31230000000     1.00000000000
 G 1 
   1      1.54570000000     1.00000000000
 H 1 
   1      3.34950000000     1.00000000000

COPPER
 S 21 
   1  16665490.00000000000     0.00000192220
   2  2495213.00000000000     0.00001494660
   3  567850.69999999995     0.00007863110
   4  160853.10000000001     0.00033211890
   5  52481.86000000000     0.00120964900
   6  18948.85000000000     0.00393623100
   7   7391.65500000000     0.01166031000
   8   3066.51700000000     0.03149512000
   9   1337.99400000000     0.07646385000
  10    608.78300000000     0.15951620000
  11    286.89800000000     0.26189830000
  12    139.15300000000     0.28167080000
  13     68.49455000000     0.15095870000
  14     31.60108000000     0.07041955000
  15     15.99158000000     0.11800390000
  16      8.05651000000     0.08015187000
  17      3.69032900000     0.01020122000
  18      1.76290200000    -0.00037204640
  19      0.80126900000    -0.00002206890
  20      0.18424300000    -0.00002401090
  21      0.08179300000     0.00001529820
 S 21 
   1  16665490.00000000000    -0.00000108260
   2  2495213.00000000000    -0.00000842090
   3  567850.69999999995    -0.00004428620
   4  160853.10000000001    -0.00018720710
   5  52481.86000000000    -0.00068192650
   6  18948.85000000000    -0.00222548500
   7   7391.65500000000    -0.00661962000
   8   3066.51700000000    -0.01811400000
   9   1337.99400000000    -0.04506622000
  10    608.78300000000    -0.09955443000
  11    286.89800000000    -0.18305580000
  12    139.15300000000    -0.25105770000
  13     68.49455000000    -0.17034170000
  14     31.60108000000     0.19000770000
  15     15.99158000000     0.55070480000
  16      8.05651000000     0.36425320000
  17      3.69032900000     0.04868977000
  18      1.76290200000    -0.00379999300
  19      0.80126900000    -0.00031563080
  20      0.18424300000    -0.00024304110
  21      0.08179300000     0.00015536450
 S 21 
   1  16665490.00000000000     0.00000023900
   2  2495213.00000000000     0.00000186000
   3  567850.69999999995     0.00000977260
   4  160853.10000000001     0.00004137620
   5  52481.86000000000     0.00015055880
   6  18948.85000000000     0.00049321750
   7   7391.65500000000     0.00146946700
   8   3066.51700000000     0.00407148700
   9   1337.99400000000     0.01030091000
  10    608.78300000000     0.02381408000
  11    286.89800000000     0.04707008000
  12    139.15300000000     0.07424450000
  13     68.49455000000     0.05657657000
  14     31.60108000000    -0.09760862000
  15     15.99158000000    -0.38563990000
  16      8.05651000000    -0.35403120000
  17      3.69032900000     0.29839590000
  18      1.76290200000     0.68618090000
  19      0.80126900000     0.31509890000
  20      0.18424300000     0.01394564000
  21      0.08179300000    -0.00361164000
 S 21 
   1  16665490.00000000000    -0.00000004820
   2  2495213.00000000000    -0.00000037540
   3  567850.69999999995    -0.00000197270
   4  160853.10000000001    -0.00000835000
   5  52481.86000000000    -0.00003039540
   6  18948.85000000000    -0.00009953010
   7   7391.65500000000    -0.00029671880
   8   3066.51700000000    -0.00082172930
   9   1337.99400000000    -0.00208137700
  10    608.78300000000    -0.00481114900
  11    286.89800000000    -0.00953768300
  12    139.15300000000    -0.01507351000
  13     68.49455000000    -0.01161088000
  14     31.60108000000     0.02032716000
  15     15.99158000000     0.08327403000
  16      8.05651000000     0.07953125000
  17      3.69032900000    -0.07901524000
  18      1.76290200000    -0.20543120000
  19      0.80126900000    -0.19851340000
  20      0.18424300000     0.26271330000
  21      0.08179300000     0.57940310000
 S 21 
   1  16665490.00000000000    -0.00000008880
   2  2495213.00000000000    -0.00000070320
   3  567850.69999999995    -0.00000360140
   4  160853.10000000001    -0.00001576870
   5  52481.86000000000    -0.00005499730
   6  18948.85000000000    -0.00018970550
   7   7391.65500000000    -0.00053116560
   8   3066.51700000000    -0.00158459300
   9   1337.99400000000    -0.00367131600
  10    608.78300000000    -0.00945889300
  11    286.89800000000    -0.01630134000
  12    139.15300000000    -0.03145402000
  13     68.49455000000    -0.01444712000
  14     31.60108000000     0.02037856000
  15     15.99158000000     0.19973070000
  16      8.05651000000     0.09475926000
  17      3.69032900000    -0.07935398000
  18      1.76290200000    -0.75913530000
  19      0.80126900000     0.23650790000
  20      0.18424300000     1.42260400000
  21      0.08179300000    -0.30662030000
 S 21 
   1  16665490.00000000000    -0.00000018490
   2  2495213.00000000000    -0.00000146190
   3  567850.69999999995    -0.00000751050
   4  160853.10000000001    -0.00003274990
   5  52481.86000000000    -0.00011482390
   6  18948.85000000000    -0.00039359030
   7   7391.65500000000    -0.00111061700
   8   3066.51700000000    -0.00328417400
   9   1337.99400000000    -0.00769723500
  10    608.78300000000    -0.01959013000
  11    286.89800000000    -0.03444712000
  12    139.15300000000    -0.06507176000
  13     68.49455000000    -0.03269416000
  14     31.60108000000     0.04738915000
  15     15.99158000000     0.43337120000
  16      8.05651000000     0.31895210000
  17      3.69032900000    -0.72819550000
  18      1.76290200000    -1.66311600000
  19      0.80126900000     2.51326700000
  20      0.18424300000    -0.37368610000
  21      0.08179300000    -1.47910200000
 S 21 
   1  16665490.00000000000    -0.00000019810
   2  2495213.00000000000    -0.00000144620
   3  567850.69999999995    -0.00000832630
   4  160853.10000000001    -0.00003119380
   5  52481.86000000000    -0.00013208420
   6  18948.85000000000    -0.00035853620
   7   7391.65500000000    -0.00133399600
   8   3066.51700000000    -0.00282472800
   9   1337.99400000000    -0.00980633300
  10    608.78300000000    -0.01529323000
  11    286.89800000000    -0.04956573000
  12    139.15300000000    -0.03583468000
  13     68.49455000000    -0.10449060000
  14     31.60108000000     0.21058540000
  15     15.99158000000     0.16467320000
  16      8.05651000000     1.15051300000
  17      3.69032900000    -3.48373200000
  18      1.76290200000     2.51663600000
  19      0.80126900000     0.44290640000
  20      0.18424300000    -3.40431000000
  21      0.08179300000     4.62785000000
 S 1 
   1      0.03530300000     1.00000000000
 P 17 
   1  48218.41000000000     0.00001100000
   2  11420.55000000000     0.00009700000
   3   3713.56900000000     0.00056900000
   4   1423.76200000000     0.00258900000
   5    606.60410000000     0.00974200000
   6    278.25640000000     0.03093000000
   7    134.84490000000     0.08253000000
   8     68.12254000000     0.17775800000
   9     35.40088000000     0.29222500000
  10     18.79029000000     0.33034900000
  11     10.08356000000     0.20686300000
  12      5.34612000000     0.05279300000
  13      2.77522800000     0.00171800000
  14      1.40756400000    -0.00170100000
  15      0.68721300000    -0.00097600000
  16      0.24682200000    -0.00005400000
  17      0.09622000000     0.00000010000
 P 17 
   1  48218.41000000000    -0.00000400000
   2  11420.55000000000    -0.00003500000
   3   3713.56900000000    -0.00020600000
   4   1423.76200000000    -0.00094100000
   5    606.60410000000    -0.00355600000
   6    278.25640000000    -0.01146100000
   7    134.84490000000    -0.03130900000
   8     68.12254000000    -0.07013900000
   9     35.40088000000    -0.12056200000
  10     18.79029000000    -0.14355200000
  11     10.08356000000    -0.04032700000
  12      5.34612000000     0.20846600000
  13      2.77522800000     0.40872400000
  14      1.40756400000     0.36820100000
  15      0.68721300000     0.15965300000
  16      0.24682200000     0.01595500000
  17      0.09622000000    -0.00168100000
 P 17 
   1  48218.41000000000     0.00000100000
   2  11420.55000000000     0.00000700000
   3   3713.56900000000     0.00004000000
   4   1423.76200000000     0.00018200000
   5    606.60410000000     0.00069700000
   6    278.25640000000     0.00222000000
   7    134.84490000000     0.00616300000
   8     68.12254000000     0.01363100000
   9     35.40088000000     0.02403300000
  10     18.79029000000     0.02786200000
  11     10.08356000000     0.00797500000
  12      5.34612000000    -0.05113300000
  13      2.77522800000    -0.09230500000
  14      1.40756400000    -0.10645800000
  15      0.68721300000     0.00373800000
  16      0.24682200000     0.31054100000
  17      0.09622000000     0.54190300000
 P 17 
   1  48218.41000000000     0.00000200000
   2  11420.55000000000     0.00001300000
   3   3713.56900000000     0.00007900000
   4   1423.76200000000     0.00034900000
   5    606.60410000000     0.00137300000
   6    278.25640000000     0.00426100000
   7    134.84490000000     0.01214600000
   8     68.12254000000     0.02606400000
   9     35.40088000000     0.04790700000
  10     18.79029000000     0.05282900000
  11     10.08356000000     0.02157500000
  12      5.34612000000    -0.11778300000
  13      2.77522800000    -0.18839700000
  14      1.40756400000    -0.20191600000
  15      0.68721300000     0.17374300000
  16      0.24682200000     0.63684800000
  17      0.09622000000     0.35151800000
 P 17 
   1  48218.41000000000     0.00000300000
   2  11420.55000000000     0.00002500000
   3   3713.56900000000     0.00016300000
   4   1423.76200000000     0.00067600000
   5    606.60410000000     0.00280800000
   6    278.25640000000     0.00825500000
   7    134.84490000000     0.02494600000
   8     68.12254000000     0.05016000000
   9     35.40088000000     0.10028900000
  10     18.79029000000     0.10231900000
  11     10.08356000000     0.07724100000
  12      5.34612000000    -0.38444900000
  13      2.77522800000    -0.45135400000
  14      1.40756400000    -0.09477800000
  15      0.68721300000     1.17311800000
  16      0.24682200000    -0.05413300000
  17      0.09622000000    -0.72824400000
 P 17 
   1  48218.41000000000     0.00000400000
   2  11420.55000000000     0.00003700000
   3   3713.56900000000     0.00019000000
   4   1423.76200000000     0.00097800000
   5    606.60410000000     0.00330800000
   6    278.25640000000     0.01198000000
   7    134.84490000000     0.02920700000
   8     68.12254000000     0.07512200000
   9     35.40088000000     0.10783500000
  10     18.79029000000     0.20737900000
  11     10.08356000000     0.06040600000
  12      5.34612000000    -0.89497700000
  13      2.77522800000    -0.55840200000
  14      1.40756400000     1.89970600000
  15      0.68721300000    -0.50222400000
  16      0.24682200000    -1.18241300000
  17      0.09622000000     1.04450700000
 P 1 
   1      0.03703700000     1.00000000000
 D 10 
   1    527.88600000000     0.00025600000
   2    158.73300000000     0.00237800000
   3     61.55560000000     0.01272200000
   4     26.88340000000     0.04501200000
   5     12.51750000000     0.11719600000
   6      6.06977000000     0.21855500000
   7      2.95831900000     0.29144800000
   8      1.41412200000     0.29713800000
   9      0.65332900000     0.23609200000
  10      0.28669200000     0.13144400000
 D 10 
   1    527.88600000000    -0.00031600000
   2    158.73300000000    -0.00295800000
   3     61.55560000000    -0.01587700000
   4     26.88340000000    -0.05686400000
   5     12.51750000000    -0.15358400000
   6      6.06977000000    -0.28113900000
   7      2.95831900000    -0.26851800000
   8      1.41412200000     0.02313000000
   9      0.65332900000     0.35662000000
  10      0.28669200000     0.41847000000
 D 10 
   1    527.88600000000     0.00037900000
   2    158.73300000000     0.00357300000
   3     61.55560000000     0.01922900000
   4     26.88340000000     0.06990300000
   5     12.51750000000     0.19938000000
   6      6.06977000000     0.34884800000
   7      2.95831900000     0.05139400000
   8      1.41412200000    -0.55967900000
   9      0.65332900000    -0.38458100000
  10      0.28669200000     0.43892500000
 D 10 
   1    527.88600000000    -0.00059300000
   2    158.73300000000    -0.00510600000
   3     61.55560000000    -0.02992200000
   4     26.88340000000    -0.10329300000
   5     12.51750000000    -0.35956800000
   6      6.06977000000    -0.41280700000
   7      2.95831900000     0.74768900000
   8      1.41412200000     0.54251500000
   9      0.65332900000    -0.97770600000
  10      0.28669200000    -0.08860300000
 D 1 
   1      0.11501400000     1.00000000000
 F 1 
   1      7.73440000000     1.00000000000
 F 1 
   1      2.39090000000     1.00000000000
 F 1 
   1      0.73910000000     1.00000000000
 G 1 
   1      6.00750000000     1.00000000000
 G 1 
   1      1.77600000000     1.00000000000
 H 1 
   1      3.79090000000     1.00000000000

ZINC
 S 21 
   1  17852930.00000000000     0.00000210660
   2  2673038.00000000000     0.00001638050
   3  608324.40000000002     0.00008617180
   4  172317.60000000001     0.00036400280
   5  56222.69000000000     0.00132577800
   6  20299.85000000000     0.00431539400
   7   7918.87100000000     0.01278917000
   8   3285.34000000000     0.03459541000
   9   1433.52400000000     0.08423468000
  10    652.28890000000     0.17694970000
  11    307.43600000000     0.29477180000
  12    149.14660000000     0.32860540000
  13     73.45108000000     0.18373260000
  14     33.92562000000     0.02845640000
  15     17.18947000000    -0.00156247100
  16      8.66659500000     0.00105769400
  17      3.97250500000    -0.00048321470
  18      1.89466500000     0.00017959430
  19      0.85938500000    -0.00007198370
  20      0.19525600000     0.00002200100
  21      0.08585400000    -0.00001565510
 S 21 
   1  17852930.00000000000    -0.00000065040
   2  2673038.00000000000    -0.00000505960
   3  608324.40000000002    -0.00002660360
   4  172317.60000000001    -0.00011251680
   5  56222.69000000000    -0.00040988440
   6  20299.85000000000    -0.00134008500
   7   7918.87100000000    -0.00399627100
   8   3285.34000000000    -0.01102397000
   9   1433.52400000000    -0.02783658000
  10    652.28890000000    -0.06352200000
  11    307.43600000000    -0.12356470000
  12    149.14660000000    -0.18603300000
  13     73.45108000000    -0.13454120000
  14     33.92562000000     0.20263700000
  15     17.18947000000     0.56279480000
  16      8.66659500000     0.36873150000
  17      3.97250500000     0.05055865000
  18      1.89466500000    -0.00028561000
  19      0.85938500000     0.00121396500
  20      0.19525600000    -0.00017068950
  21      0.08585400000     0.00012662290
 S 21 
   1  17852930.00000000000     0.00000024550
   2  2673038.00000000000     0.00000191130
   3  608324.40000000002     0.00001004140
   4  172317.60000000001     0.00004251710
   5  56222.69000000000     0.00015469570
   6  20299.85000000000     0.00050680540
   7   7918.87100000000     0.00150974200
   8   3285.34000000000     0.00418374400
   9   1433.52400000000     0.01058425000
  10    652.28890000000     0.02447935000
  11    307.43600000000     0.04837945000
  12    149.14660000000     0.07630985000
  13     73.45108000000     0.05798021000
  14     33.92562000000    -0.10105170000
  15     17.18947000000    -0.39507020000
  16      8.66659500000    -0.35342860000
  17      3.97250500000     0.30701090000
  18      1.89466500000     0.69351440000
  19      0.85938500000     0.30405830000
  20      0.19525600000     0.01003318000
  21      0.08585400000    -0.00400762200
 S 21 
   1  17852930.00000000000     0.00000004920
   2  2673038.00000000000     0.00000038290
   3  608324.40000000002     0.00000201030
   4  172317.60000000001     0.00000852080
   5  56222.69000000000     0.00003096270
   6  20299.85000000000     0.00010160400
   7   7918.87100000000     0.00030213220
   8   3285.34000000000     0.00083938510
   9   1433.52400000000     0.00211904000
  10    652.28890000000     0.00492329100
  11    307.43600000000     0.00971366500
  12    149.14660000000     0.01549413000
  13     73.45108000000     0.01170570000
  14     33.92562000000    -0.02068558000
  15     17.18947000000    -0.08652477000
  16      8.66659500000    -0.07840824000
  17      3.97250500000     0.07950591000
  18      1.89466500000     0.21825600000
  19      0.85938500000     0.19573660000
  20      0.19525600000    -0.31953370000
  21      0.08585400000    -0.58336950000
 S 21 
   1  17852930.00000000000    -0.00000013790
   2  2673038.00000000000    -0.00000109870
   3  608324.40000000002    -0.00000558160
   4  172317.60000000001    -0.00002469760
   5  56222.69000000000    -0.00008499700
   6  20299.85000000000    -0.00029795500
   7   7918.87100000000    -0.00081809990
   8   3285.34000000000    -0.00249804300
   9   1433.52400000000    -0.00563086600
  10    652.28890000000    -0.01501607000
  11    307.43600000000    -0.02479935000
  12    149.14660000000    -0.05092472000
  13     73.45108000000    -0.01923797000
  14     33.92562000000     0.02480840000
  15     17.18947000000     0.34025820000
  16      8.66659500000     0.13175010000
  17      3.97250500000    -0.20927340000
  18      1.89466500000    -1.28997000000
  19      0.85938500000     0.98986850000
  20      0.19525600000     1.47796000000
  21      0.08585400000    -1.23476400000
 S 21 
   1  17852930.00000000000    -0.00000019510
   2  2673038.00000000000    -0.00000151350
   3  608324.40000000002    -0.00000799200
   4  172317.60000000001    -0.00003361490
   5  56222.69000000000    -0.00012334160
   6  20299.85000000000    -0.00040002920
   7   7918.87100000000    -0.00120670500
   8   3285.34000000000    -0.00329814400
   9   1433.52400000000    -0.00850353100
  10    652.28890000000    -0.01932075000
  11    307.43600000000    -0.03951180000
  12    149.14660000000    -0.06074193000
  13     73.45108000000    -0.05154698000
  14     33.92562000000     0.09063520000
  15     17.18947000000     0.39302530000
  16      8.66659500000     0.52835480000
  17      3.97250500000    -1.46261100000
  18      1.89466500000    -0.83667690000
  19      0.85938500000     2.61516800000
  20      0.19525600000    -2.24132200000
  21      0.08585400000     0.75973940000
 S 21 
   1  17852930.00000000000    -0.00000026310
   2  2673038.00000000000    -0.00000195450
   3  608324.40000000002    -0.00001098060
   4  172317.60000000001    -0.00004252530
   5  56222.69000000000    -0.00017289050
   6  20299.85000000000    -0.00049406050
   7   7918.87100000000    -0.00173128100
   8   3285.34000000000    -0.00395277800
   9   1433.52400000000    -0.01260194000
  10    652.28890000000    -0.02205362000
  11    307.43600000000    -0.06268701000
  12    149.14660000000    -0.05878225000
  13     73.45108000000    -0.12003700000
  14     33.92562000000     0.22361280000
  15     17.18947000000     0.49807420000
  16      8.66659500000     1.19158000000
  17      3.97250500000    -5.64906300000
  18      1.89466500000     6.84348900000
  19      0.85938500000    -3.32010000000
  20      0.19525600000    -0.22496010000
  21      0.08585400000     1.90215400000
 S 1 
   1      0.03678100000     1.00000000000
 P 17 
   1  52867.93000000000     0.00001100000
   2  12511.79000000000     0.00009400000
   3   4065.28600000000     0.00055100000
   4   1557.59500000000     0.00251100000
   5    663.28920000000     0.00947000000
   6    304.15610000000     0.03016900000
   7    147.36800000000     0.08085500000
   8     74.45469000000     0.17513900000
   9     38.71493000000     0.28971600000
  10     20.57022000000     0.32984900000
  11     11.05425000000     0.20929400000
  12      5.87466100000     0.05625900000
  13      3.05293600000     0.00505200000
  14      1.54722500000     0.00099700000
  15      0.75415100000     0.00018700000
  16      0.26534900000     0.00005100000
  17      0.10206700000    -0.00001300000
 P 17 
   1  52867.93000000000    -0.00000400000
   2  12511.79000000000    -0.00003500000
   3   4065.28600000000    -0.00020600000
   4   1557.59500000000    -0.00094200000
   5    663.28920000000    -0.00357000000
   6    304.15610000000    -0.01154000000
   7    147.36800000000    -0.03165200000
   8     74.45469000000    -0.07128500000
   9     38.71493000000    -0.12328400000
  10     20.57022000000    -0.14763800000
  11     11.05425000000    -0.04447700000
  12      5.87466100000     0.20536500000
  13      3.05293600000     0.41008600000
  14      1.54722500000     0.37214500000
  15      0.75415100000     0.15811800000
  16      0.26534900000     0.01454000000
  17      0.10206700000    -0.00160800000
 P 17 
   1  52867.93000000000     0.00000100000
   2  12511.79000000000     0.00000600000
   3   4065.28600000000     0.00003800000
   4   1557.59500000000     0.00017300000
   5    663.28920000000     0.00066400000
   6    304.15610000000     0.00212000000
   7    147.36800000000     0.00591600000
   8     74.45469000000     0.01315300000
   9     38.71493000000     0.02337200000
  10     20.57022000000     0.02722100000
  11     11.05425000000     0.00833400000
  12      5.87466100000    -0.04886000000
  13      3.05293600000    -0.08889400000
  14      1.54722500000    -0.10361800000
  15      0.75415100000     0.00105100000
  16      0.26534900000     0.30306400000
  17      0.10206700000     0.54272400000
 P 17 
   1  52867.93000000000     0.00000100000
   2  12511.79000000000     0.00001100000
   3   4065.28600000000     0.00006700000
   4   1557.59500000000     0.00029600000
   5    663.28920000000     0.00115700000
   6    304.15610000000     0.00363400000
   7    147.36800000000     0.01030700000
   8     74.45469000000     0.02248200000
   9     38.71493000000     0.04103300000
  10     20.57022000000     0.04646000000
  11     11.05425000000     0.01814600000
  12      5.87466100000    -0.09436400000
  13      3.05293600000    -0.16017700000
  14      1.54722500000    -0.18089500000
  15      0.75415100000     0.09482600000
  16      0.26534900000     0.62915300000
  17      0.10206700000     0.40831800000
 P 17 
   1  52867.93000000000     0.00000300000
   2  12511.79000000000     0.00002400000
   3   4065.28600000000     0.00015900000
   4   1557.59500000000     0.00064600000
   5    663.28920000000     0.00274700000
   6    304.15610000000     0.00793800000
   7    147.36800000000     0.02460100000
   8     74.45469000000     0.04857600000
   9     38.71493000000     0.10068200000
  10     20.57022000000     0.09846800000
  11     11.05425000000     0.08623500000
  12      5.87466100000    -0.37938000000
  13      3.05293600000    -0.42039300000
  14      1.54722500000    -0.18256200000
  15      0.75415100000     1.17788700000
  16      0.26534900000     0.05197400000
  17      0.10206700000    -0.74447700000
 P 17 
   1  52867.93000000000    -0.00000300000
   2  12511.79000000000    -0.00003600000
   3   4065.28600000000    -0.00017400000
   4   1557.59500000000    -0.00095300000
   5    663.28920000000    -0.00304700000
   6    304.15610000000    -0.01173600000
   7    147.36800000000    -0.02701600000
   8     74.45469000000    -0.07479800000
   9     38.71493000000    -0.09823700000
  10     20.57022000000    -0.21508400000
  11     11.05425000000    -0.03221400000
  12      5.87466100000     0.75630800000
  13      3.05293600000     0.70193200000
  14      1.54722500000    -1.81418700000
  15      0.75415100000     0.29145400000
  16      0.26534900000     1.29562300000
  17      0.10206700000    -1.06708900000
 P 1 
   1      0.03875500000     1.00000000000
 D 10 
   1    639.78060000000     0.00020800000
   2    192.67420000000     0.00195400000
   3     74.84368000000     0.01071100000
   4     32.86048000000     0.03905700000
   5     15.39353000000     0.10484800000
   6      7.52551200000     0.20456900000
   7      3.71542900000     0.28520800000
   8      1.80645900000     0.30144600000
   9      0.85297300000     0.24622800000
  10      0.38478000000     0.13901600000
 D 10 
   1    639.78060000000    -0.00029000000
   2    192.67420000000    -0.00273800000
   3     74.84368000000    -0.01511100000
   4     32.86048000000    -0.05564300000
   5     15.39353000000    -0.15586400000
   6      7.52551200000    -0.30348900000
   7      3.71542900000    -0.30627600000
   8      1.80645900000     0.03339500000
   9      0.85297300000     0.40007500000
  10      0.38478000000     0.38997200000
 D 10 
   1    639.78060000000    -0.00031700000
   2    192.67420000000    -0.00305600000
   3     74.84368000000    -0.01675300000
   4     32.86048000000    -0.06271200000
   5     15.39353000000    -0.18798000000
   6      7.52551200000    -0.37208400000
   7      3.71542900000    -0.02343900000
   8      1.80645900000     0.60547000000
   9      0.85297300000     0.32306300000
  10      0.38478000000    -0.47137200000
 D 10 
   1    639.78060000000     0.00045200000
   2    192.67420000000     0.00387900000
   3     74.84368000000     0.02357000000
   4     32.86048000000     0.08252600000
   5     15.39353000000     0.29728000000
   6      7.52551200000     0.43683200000
   7      3.71542900000    -0.60429000000
   8      1.80645900000    -0.67460500000
   9      0.85297300000     0.93870200000
  10      0.38478000000     0.27796800000
 D 1 
   1      0.15933700000     1.00000000000
 F 1 
   1      8.69600000000     1.00000000000
 F 1 
   1      2.72360000000     1.00000000000
 F 1 
   1      0.85300000000     1.00000000000
 G 1 
   1      6.89330000000     1.00000000000
 G 1 
   1      2.06930000000     1.00000000000
 H 1 
   1      4.41360000000     1.00000000000

GALLIUM
 S 18 
   1  11274500.00000000000     0.00000410000
   2  1688053.00000000000     0.00003160000
   3  384140.79999999999     0.00016620000
   4  108807.00000000000     0.00070170000
   5  35497.69000000000     0.00255080000
   6  12815.10000000000     0.00826530000
   7   4998.10900000000     0.02419500000
   8   2072.88500000000     0.06365720000
   9    903.74580000000     0.14576510000
  10    410.44310000000     0.27033130000
  11    192.60640000000     0.34915710000
  12     92.04968000000     0.23744330000
  13     42.04781000000     0.04808330000
  14     21.06922000000    -0.00229660000
  15     10.44792000000     0.00179040000
  16      4.77765800000    -0.00082760000
  17      2.28256600000     0.00035430000
  18      1.03530300000    -0.00014110000
 S 18 
   1  11274500.00000000000    -0.00000130000
   2  1688053.00000000000    -0.00000980000
   3  384140.79999999999    -0.00005150000
   4  108807.00000000000    -0.00021760000
   5  35497.69000000000    -0.00079320000
   6  12815.10000000000    -0.00258210000
   7   4998.10900000000    -0.00766520000
   8   2072.88500000000    -0.02075670000
   9    903.74580000000    -0.05077580000
  10    410.44310000000    -0.10738020000
  11    192.60640000000    -0.18065200000
  12     92.04968000000    -0.17367010000
  13     42.04781000000     0.11082510000
  14     21.06922000000     0.54183660000
  15     10.44792000000     0.44678990000
  16      4.77765800000     0.07621050000
  17      2.28256600000    -0.00093710000
  18      1.03530300000     0.00178060000
 S 18 
   1  11274500.00000000000     0.00000050000
   2  1688053.00000000000     0.00000370000
   3  384140.79999999999     0.00001970000
   4  108807.00000000000     0.00008300000
   5  35497.69000000000     0.00030290000
   6  12815.10000000000     0.00098500000
   7   4998.10900000000     0.00293410000
   8   2072.88500000000     0.00795720000
   9    903.74580000000     0.01967610000
  10    410.44310000000     0.04217830000
  11    192.60640000000     0.07386450000
  12     92.04968000000     0.07475310000
  13     42.04781000000    -0.05341080000
  14     21.06922000000    -0.35739190000
  15     10.44792000000    -0.42507130000
  16      4.77765800000     0.20109920000
  17      2.28256600000     0.71459660000
  18      1.03530300000     0.36881490000
 S 18 
   1  11274500.00000000000    -0.00000010000
   2  1688053.00000000000    -0.00000090000
   3  384140.79999999999    -0.00000460000
   4  108807.00000000000    -0.00001930000
   5  35497.69000000000    -0.00007050000
   6  12815.10000000000    -0.00022900000
   7   4998.10900000000    -0.00068350000
   8   2072.88500000000    -0.00185050000
   9    903.74580000000    -0.00459300000
  10    410.44310000000    -0.00983430000
  11    192.60640000000    -0.01738490000
  12     92.04968000000    -0.01757520000
  13     42.04781000000     0.01252540000
  14     21.06922000000     0.09034000000
  15     10.44792000000     0.11047210000
  16      4.77765800000    -0.06121190000
  17      2.28256600000    -0.25617680000
  18      1.03530300000    -0.26037720000
 S 1 
   1      0.25767400000     1.00000000000
 S 1 
   1      0.11917900000     1.00000000000
 S 1 
   1      0.05129400000     1.00000000000
 P 13 
   1  22059.77000000000     0.00005470000
   2   5222.31300000000     0.00048650000
   3   1696.06000000000     0.00279900000
   4    648.76570000000     0.01223960000
   5    275.10270000000     0.04274760000
   6    125.34630000000     0.11871870000
   7     60.05433000000     0.24858280000
   8     29.72377000000     0.36016220000
   9     15.03978000000     0.29501710000
  10      7.57227300000     0.09847940000
  11      3.73867600000     0.00876710000
  12      1.79678800000     0.00139610000
  13      0.82991000000     0.00007700000
 P 13 
   1  22059.77000000000    -0.00002070000
   2   5222.31300000000    -0.00018460000
   3   1696.06000000000    -0.00106400000
   4    648.76570000000    -0.00469460000
   5    275.10270000000    -0.01664860000
   6    125.34630000000    -0.04781140000
   7     60.05433000000    -0.10453030000
   8     29.72377000000    -0.16129650000
   9     15.03978000000    -0.11431700000
  10      7.57227300000     0.14590560000
  11      3.73867600000     0.42719890000
  12      1.79678800000     0.42404150000
  13      0.82991000000     0.15994400000
 P 13 
   1  22059.77000000000     0.00000340000
   2   5222.31300000000     0.00003000000
   3   1696.06000000000     0.00017500000
   4    648.76570000000     0.00076420000
   5    275.10270000000     0.00274580000
   6    125.34630000000     0.00781400000
   7     60.05433000000     0.01742150000
   8     29.72377000000     0.02648520000
   9     15.03978000000     0.01939500000
  10      7.57227300000    -0.03131290000
  11      3.73867600000    -0.08016340000
  12      1.79678800000    -0.10017290000
  13      0.82991000000    -0.01058780000
 P 1 
   1      0.27287400000     1.00000000000
 P 1 
   1      0.10154000000     1.00000000000
 P 1 
   1      0.03765800000     1.00000000000
 D 9 
   1    766.43700000000     0.00017450000
   2    231.00430000000     0.00165770000
   3     89.78124000000     0.00928990000
   4     39.54668000000     0.03489050000
   5     18.60758000000     0.09634530000
   6      9.15128700000     0.19557030000
   7      4.56500500000     0.28359420000
   8      2.25306600000     0.30825150000
   9      1.08672300000     0.25196200000
 D 1 
   1      0.50330400000     1.00000000000
 D 1 
   1      0.21228300000     1.00000000000
 D 1 
   1      0.08280000000     1.00000000000
 F 1 
   1      0.18100000000     1.00000000000
 F 1 
   1      0.47100000000     1.00000000000
 G 1 
   1      0.40320000000     1.00000000000

GERMANIUM
 S 18 
   1  12360510.00000000000     0.00000390000
   2  1850698.00000000000     0.00003050000
   3  421131.40000000002     0.00016050000
   4  119278.30000000000     0.00067760000
   5  38912.28000000000     0.00246370000
   6  14048.68000000000     0.00798350000
   7   5480.69900000000     0.02337740000
   8   2274.20600000000     0.06157420000
   9    992.24130000000     0.14150760000
  10    450.99970000000     0.26469420000
  11    211.82020000000     0.34832570000
  12    101.41100000000     0.24541960000
  13     46.91409000000     0.05356460000
  14     23.50895000000    -0.00183800000
  15     11.68131000000     0.00180490000
  16      5.43452600000    -0.00084760000
  17      2.60880800000     0.00036680000
  18      1.19844200000    -0.00015420000
 S 18 
   1  12360510.00000000000    -0.00000120000
   2  1850698.00000000000    -0.00000950000
   3  421131.40000000002    -0.00004990000
   4  119278.30000000000    -0.00021090000
   5  38912.28000000000    -0.00076860000
   6  14048.68000000000    -0.00250250000
   7   5480.69900000000    -0.00742590000
   8   2274.20600000000    -0.02012490000
   9    992.24130000000    -0.04929860000
  10    450.99970000000    -0.10486830000
  11    211.82020000000    -0.17832750000
  12    101.41100000000    -0.17895810000
  13     46.91409000000     0.08738420000
  14     23.50895000000     0.52709200000
  15     11.68131000000     0.46795510000
  16      5.43452600000     0.08922060000
  17      2.60880800000    -0.00034230000
  18      1.19844200000     0.00191440000
 S 18 
   1  12360510.00000000000     0.00000050000
   2  1850698.00000000000     0.00000370000
   3  421131.40000000002     0.00001920000
   4  119278.30000000000     0.00008130000
   5  38912.28000000000     0.00029650000
   6  14048.68000000000     0.00096480000
   7   5480.69900000000     0.00287150000
   8   2274.20600000000     0.00779730000
   9    992.24130000000     0.01929220000
  10    450.99970000000     0.04162000000
  11    211.82020000000     0.07353680000
  12    101.41100000000     0.07783200000
  13     46.91409000000    -0.04235820000
  14     23.50895000000    -0.34475370000
  15     11.68131000000    -0.44567130000
  16      5.43452600000     0.15115440000
  17      2.60880800000     0.71742950000
  18      1.19844200000     0.40356340000
 S 18 
   1  12360510.00000000000    -0.00000010000
   2  1850698.00000000000    -0.00000090000
   3  421131.40000000002    -0.00000490000
   4  119278.30000000000    -0.00002080000
   5  38912.28000000000    -0.00007610000
   6  14048.68000000000    -0.00024720000
   7   5480.69900000000    -0.00073730000
   8   2274.20600000000    -0.00199810000
   9    992.24130000000    -0.00496400000
  10    450.99970000000    -0.01069300000
  11    211.82020000000    -0.01908430000
  12    101.41100000000    -0.02016430000
  13     46.91409000000     0.01083620000
  14     23.50895000000     0.09621100000
  15     11.68131000000     0.12799790000
  16      5.43452600000    -0.05060650000
  17      2.60880800000    -0.28529170000
  18      1.19844200000    -0.30653590000
 S 1 
   1      0.32980800000     1.00000000000
 S 1 
   1      0.15543300000     1.00000000000
 S 1 
   1      0.06691300000     1.00000000000
 P 13 
   1  24017.47000000000     0.00005310000
   2   5685.71700000000     0.00047200000
   3   1846.48600000000     0.00271870000
   4    706.24980000000     0.01191450000
   5    299.45610000000     0.04176250000
   6    136.43900000000     0.11658940000
   7     65.39015000000     0.24583380000
   8     32.39373000000     0.35912610000
   9     16.41562000000     0.29779290000
  10      8.28778700000     0.10177080000
  11      4.11263400000     0.00940720000
  12      1.99885400000     0.00143500000
  13      0.94429100000     0.00003540000
 P 13 
   1  24017.47000000000    -0.00002040000
   2   5685.71700000000    -0.00018180000
   3   1846.48600000000    -0.00104910000
   4    706.24980000000    -0.00463920000
   5    299.45610000000    -0.01650900000
   6    136.43900000000    -0.04766090000
   7     65.39015000000    -0.10496780000
   8     32.39373000000    -0.16337450000
   9     16.41562000000    -0.11809980000
  10      8.28778700000     0.14201780000
  11      4.11263400000     0.42743240000
  12      1.99885400000     0.42561670000
  13      0.94429100000     0.15820340000
 P 13 
   1  24017.47000000000     0.00000400000
   2   5685.71700000000     0.00003570000
   3   1846.48600000000     0.00020800000
   4    706.24980000000     0.00091210000
   5    299.45610000000     0.00328230000
   6    136.43900000000     0.00941390000
   7     65.39015000000     0.02109170000
   8     32.39373000000     0.03250000000
   9     16.41562000000     0.02399720000
  10      8.28778700000    -0.03711860000
  11      4.11263400000    -0.09881300000
  12      1.99885400000    -0.12356590000
  13      0.94429100000    -0.01101330000
 P 1 
   1      0.34121100000     1.00000000000
 P 1 
   1      0.13435000000     1.00000000000
 P 1 
   1      0.05173500000     1.00000000000
 D 9 
   1    864.67410000000     0.00016450000
   2    261.03760000000     0.00156540000
   3    101.77030000000     0.00879540000
   4     45.11664000000     0.03318520000
   5     21.43069000000     0.09195370000
   6     10.65986000000     0.18920170000
   7      5.39228700000     0.28058920000
   8      2.70449700000     0.31174740000
   9      1.32854400000     0.25541970000
 D 1 
   1      0.62645200000     1.00000000000
 D 1 
   1      0.26601300000     1.00000000000
 D 1 
   1      0.10630000000     1.00000000000
 F 1 
   1      0.54920000000     1.00000000000
 F 1 
   1      0.21900000000     1.00000000000
 G 1 
   1      0.46810000000     1.00000000000

ARSENIC
 S 18 
   1  13600340.00000000000     0.00000380000
   2  2036507.00000000000     0.00002920000
   3  463432.79999999999     0.00015380000
   4  131259.89999999999     0.00064960000
   5  42819.19000000000     0.00236250000
   6  15457.02000000000     0.00766090000
   7   6028.45800000000     0.02246720000
   8   2500.56000000000     0.05934250000
   9   1090.61500000000     0.13710150000
  10    495.62150000000     0.25894720000
  11    232.81670000000     0.34728470000
  12    111.63120000000     0.25342470000
  13     52.26995000000     0.05962660000
  14     26.14988000000    -0.00118610000
  15     13.01876000000     0.00177910000
  16      6.15543200000    -0.00084550000
  17      2.95912700000     0.00036600000
  18      1.37387400000    -0.00016220000
 S 18 
   1  13600340.00000000000    -0.00000120000
   2  2036507.00000000000    -0.00000910000
   3  463432.79999999999    -0.00004800000
   4  131259.89999999999    -0.00020280000
   5  42819.19000000000    -0.00073920000
   6  15457.02000000000    -0.00240890000
   7   6028.45800000000    -0.00715380000
   8   2500.56000000000    -0.01943330000
   9   1090.61500000000    -0.04774710000
  10    495.62150000000    -0.10226390000
  11    232.81670000000    -0.17583260000
  12    111.63120000000    -0.18374940000
  13     52.26995000000     0.06482760000
  14     26.14988000000     0.51092810000
  15     13.01876000000     0.48731430000
  16      6.15543200000     0.10336360000
  17      2.95912700000     0.00063550000
  18      1.37387400000     0.00197660000
 S 18 
   1  13600340.00000000000     0.00000050000
   2  2036507.00000000000     0.00000360000
   3  463432.79999999999     0.00001870000
   4  131259.89999999999     0.00007900000
   5  42819.19000000000     0.00028810000
   6  15457.02000000000     0.00093860000
   7   6028.45800000000     0.00279460000
   8   2500.56000000000     0.00760980000
   9   1090.61500000000     0.01886990000
  10    495.62150000000     0.04100630000
  11    232.81670000000     0.07312750000
  12    111.63120000000     0.08071940000
  13     52.26995000000    -0.03163000000
  14     26.14988000000    -0.33173760000
  15     13.01876000000    -0.46382210000
  16      6.15543200000     0.10369900000
  17      2.95912700000     0.71829860000
  18      1.37387400000     0.43533050000
 S 18 
   1  13600340.00000000000    -0.00000010000
   2  2036507.00000000000    -0.00000100000
   3  463432.79999999999    -0.00000520000
   4  131259.89999999999    -0.00002170000
   5  42819.19000000000    -0.00007940000
   6  15457.02000000000    -0.00025830000
   7   6028.45800000000    -0.00077090000
   8   2500.56000000000    -0.00209460000
   9   1090.61500000000    -0.00521640000
  10    495.62150000000    -0.01131630000
  11    232.81670000000    -0.02039350000
  12    111.63120000000    -0.02246640000
  13     52.26995000000     0.00855900000
  14     26.14988000000     0.09956920000
  15     13.01876000000     0.14345010000
  16      6.15543200000    -0.03719010000
  17      2.95912700000    -0.30853680000
  18      1.37387400000    -0.34786490000
 S 1 
   1      0.40885000000     1.00000000000
 S 1 
   1      0.19451100000     1.00000000000
 S 1 
   1      0.08364100000     1.00000000000
 P 13 
   1  25570.42000000000     0.00005330000
   2   6052.92400000000     0.00047440000
   3   1965.70000000000     0.00273300000
   4    751.77230000000     0.01198710000
   5    318.68140000000     0.04207660000
   6    145.14750000000     0.11758910000
   7     69.54116000000     0.24787470000
   8     34.45138000000     0.36051480000
   9     17.46061000000     0.29559210000
  10      8.80860900000     0.09921630000
  11      4.37864600000     0.00878660000
  12      2.14440500000     0.00144620000
  13      1.02935000000    -0.00004470000
 P 13 
   1  25570.42000000000    -0.00002080000
   2   6052.92400000000    -0.00018550000
   3   1965.70000000000    -0.00107040000
   4    751.77230000000    -0.00473920000
   5    318.68140000000    -0.01688850000
   6    145.14750000000    -0.04884450000
   7     69.54116000000    -0.10759890000
   8     34.45138000000    -0.16693760000
   9     17.46061000000    -0.11692140000
  10      8.80860900000     0.15145050000
  11      4.37864600000     0.43717310000
  12      2.14440500000     0.41970780000
  13      1.02935000000     0.14376360000
 P 13 
   1  25570.42000000000     0.00000460000
   2   6052.92400000000     0.00004120000
   3   1965.70000000000     0.00023930000
   4    751.77230000000     0.00105310000
   5    318.68140000000     0.00378630000
   6    145.14750000000     0.01091010000
   7     69.54116000000     0.02438530000
   8     34.45138000000     0.03764820000
   9     17.46061000000     0.02651370000
  10      8.80860900000    -0.04454640000
  11      4.37864600000    -0.11676810000
  12      2.14440500000    -0.14094410000
  13      1.02935000000    -0.00121210000
 P 1 
   1      0.40463600000     1.00000000000
 P 1 
   1      0.16562200000     1.00000000000
 P 1 
   1      0.06561000000     1.00000000000
 D 9 
   1    996.97960000000     0.00014620000
   2    300.98520000000     0.00140340000
   3    117.23470000000     0.00801950000
   4     51.95690000000     0.03100480000
   5     24.68944000000     0.08784780000
   6     12.29517000000     0.18522500000
   7      6.24465200000     0.28082510000
   8      3.15546000000     0.31631980000
   9      1.56804900000     0.25711920000
 D 1 
   1      0.74864700000     1.00000000000
 D 1 
   1      0.31912500000     1.00000000000
 D 1 
   1      0.13000000000     1.00000000000
 F 1 
   1      0.26400000000     1.00000000000
 F 1 
   1      0.64400000000     1.00000000000
 G 1 
   1      0.54650000000     1.00000000000

SELENIUM
 S 18 
   1  15011000.00000000000     0.00000360000
   2  2247500.00000000000     0.00002790000
   3  511450.00000000000     0.00014660000
   4  144870.00000000000     0.00061900000
   5  47261.00000000000     0.00225140000
   6  17062.00000000000     0.00730300000
   7   6654.50000000000     0.02144420000
   8   2759.80000000000     0.05681220000
   9   1203.20000000000     0.13208070000
  10    546.53000000000     0.25234690000
  11    256.63000000000     0.34592960000
  12    123.14000000000     0.26238900000
  13     58.26300000000     0.06679380000
  14     29.02300000000    -0.00033320000
  15     14.46500000000     0.00172750000
  16      6.93480000000    -0.00082990000
  17      3.32990000000     0.00035780000
  18      1.56000000000    -0.00016660000
 S 18 
   1  15011000.00000000000    -0.00000110000
   2  2247500.00000000000    -0.00000870000
   3  511450.00000000000    -0.00004590000
   4  144870.00000000000    -0.00019390000
   5  47261.00000000000    -0.00070640000
   6  17062.00000000000    -0.00230300000
   7   6654.50000000000    -0.00684250000
   8   2759.80000000000    -0.01863350000
   9   1203.20000000000    -0.04595120000
  10    546.53000000000    -0.09921930000
  11    256.63000000000    -0.17288130000
  12    123.14000000000    -0.18849730000
  13     58.26300000000     0.04226100000
  14     29.02300000000     0.49367910000
  15     14.46500000000     0.50528180000
  16      6.93480000000     0.11841500000
  17      3.32990000000     0.00195670000
  18      1.56000000000     0.00196480000
 S 18 
   1  15011000.00000000000     0.00000040000
   2  2247500.00000000000     0.00000340000
   3  511450.00000000000     0.00001810000
   4  144870.00000000000     0.00007630000
   5  47261.00000000000     0.00027810000
   6  17062.00000000000     0.00090680000
   7   6654.50000000000     0.00269990000
   8   2759.80000000000     0.00737260000
   9   1203.20000000000     0.01833600000
  10    546.53000000000     0.04018120000
  11    256.63000000000     0.07248640000
  12    123.14000000000     0.08356260000
  13     58.26300000000    -0.02075920000
  14     29.02300000000    -0.31835350000
  15     14.46500000000    -0.47983330000
  16      6.93480000000     0.05928190000
  17      3.32990000000     0.71741160000
  18      1.56000000000     0.46386360000
 S 18 
   1  15011000.00000000000    -0.00000010000
   2  2247500.00000000000    -0.00000100000
   3  511450.00000000000    -0.00000530000
   4  144870.00000000000    -0.00002230000
   5  47261.00000000000    -0.00008140000
   6  17062.00000000000    -0.00026490000
   7   6654.50000000000    -0.00079060000
   8   2759.80000000000    -0.00215390000
   9   1203.20000000000    -0.00538120000
  10    546.53000000000    -0.01176940000
  11    256.63000000000    -0.02146290000
  12    123.14000000000    -0.02469040000
  13     58.26300000000     0.00577740000
  14     29.02300000000     0.10152090000
  15     14.46500000000     0.15785700000
  16      6.93480000000    -0.02242190000
  17      3.32990000000    -0.32907760000
  18      1.56000000000    -0.38734430000
 S 1 
   1      0.49291000000     1.00000000000
 S 1 
   1      0.23525000000     1.00000000000
 S 1 
   1      0.10037000000     1.00000000000
 P 13 
   1  25217.00000000000     0.00006100000
   2   5969.90000000000     0.00054240000
   3   1938.90000000000     0.00311740000
   4    741.66000000000     0.01359770000
   5    314.50000000000     0.04727880000
   6    143.31000000000     0.12978560000
   7     68.65000000000     0.26573830000
   8     33.99500000000     0.36735440000
   9     17.18500000000     0.27478050000
  10      8.57400000000     0.07916790000
  11      4.22060000000     0.00513490000
  12      2.05210000000     0.00133190000
  13      0.96156000000    -0.00020330000
 P 13 
   1  25217.00000000000    -0.00002410000
   2   5969.90000000000    -0.00021520000
   3   1938.90000000000    -0.00123860000
   4    741.66000000000    -0.00546070000
   5    314.50000000000    -0.01929360000
   6    143.31000000000    -0.05497150000
   7     68.65000000000    -0.11779520000
   8     33.99500000000    -0.17407820000
   9     17.18500000000    -0.09557980000
  10      8.57400000000     0.20597140000
  11      4.22060000000     0.47354310000
  12      2.05210000000     0.38319220000
  13      0.96156000000     0.09208720000
 P 13 
   1  25217.00000000000     0.00000580000
   2   5969.90000000000     0.00005200000
   3   1938.90000000000     0.00029980000
   4    741.66000000000     0.00132010000
   5    314.50000000000     0.00468570000
   6    143.31000000000     0.01337370000
   7     68.65000000000     0.02892450000
   8     33.99500000000     0.04294540000
   9     17.18500000000     0.02232720000
  10      8.57400000000    -0.06360310000
  11      4.22060000000    -0.14361470000
  12      2.05210000000    -0.14472930000
  13      0.96156000000     0.06303800000
 P 1 
   1      0.42151000000     1.00000000000
 P 1 
   1      0.17626000000     1.00000000000
 P 1 
   1      0.07066300000     1.00000000000
 D 9 
   1   1143.40000000000     0.00013010000
   2    345.33000000000     0.00125730000
   3    134.46000000000     0.00728820000
   4     59.56700000000     0.02886470000
   5     28.28300000000     0.08389870000
   6     14.06100000000     0.18197710000
   7      7.13900000000     0.28260570000
   8      3.61480000000     0.32204530000
   9      1.80720000000     0.25816330000
 D 1 
   1      0.86944000000     1.00000000000
 D 1 
   1      0.37036000000     1.00000000000
 D 1 
   1      0.15300000000     1.00000000000
 F 1 
   1      0.28400000000     1.00000000000
 F 1 
   1      0.70970000000     1.00000000000
 G 1 
   1      0.57300000000     1.00000000000

BROMINE
 S 18 
   1  16475000.00000000000     0.00000340000
   2  2466600.00000000000     0.00002670000
   3  561310.00000000000     0.00014040000
   4  158990.00000000000     0.00059270000
   5  51869.00000000000     0.00215610000
   6  18726.00000000000     0.00699590000
   7   7303.60000000000     0.02056450000
   8   3029.10000000000     0.05458930000
   9   1320.80000000000     0.12752260000
  10    600.03000000000     0.24597800000
  11    281.90000000000     0.34365080000
  12    135.54000000000     0.27025300000
  13     64.87000000000     0.07447950000
  14     32.12900000000     0.00087870000
  15     16.03700000000     0.00157550000
  16      7.78490000000    -0.00076020000
  17      3.72470000000     0.00032110000
  18      1.75830000000    -0.00015860000
 S 18 
   1  16475000.00000000000    -0.00000110000
   2  2466600.00000000000    -0.00000840000
   3  561310.00000000000    -0.00004410000
   4  158990.00000000000    -0.00018620000
   5  51869.00000000000    -0.00067830000
   6  18726.00000000000    -0.00221220000
   7   7303.60000000000    -0.00657520000
   8   3029.10000000000    -0.01793280000
   9   1320.80000000000    -0.04433210000
  10    600.03000000000    -0.09634780000
  11    281.90000000000    -0.16968140000
  12    135.54000000000    -0.19207690000
  13     64.87000000000     0.02087310000
  14     32.12900000000     0.47449960000
  15     16.03700000000     0.52149070000
  16      7.78490000000     0.13480010000
  17      3.72470000000     0.00366140000
  18      1.75830000000     0.00188400000
 S 18 
   1  16475000.00000000000     0.00000040000
   2  2466600.00000000000     0.00000330000
   3  561310.00000000000     0.00001750000
   4  158990.00000000000     0.00007400000
   5  51869.00000000000     0.00026970000
   6  18726.00000000000     0.00087990000
   7   7303.60000000000     0.00261980000
   8   3029.10000000000     0.00716710000
   9   1320.80000000000     0.01785610000
  10    600.03000000000     0.03939600000
  11    281.90000000000     0.07171020000
  12    135.54000000000     0.08588770000
  13     64.87000000000    -0.01038610000
  14     32.12900000000    -0.30401350000
  15     16.03700000000    -0.49331780000
  16      7.78490000000     0.01608900000
  17      3.72470000000     0.71466860000
  18      1.75830000000     0.49047950000
 S 18 
   1  16475000.00000000000    -0.00000010000
   2  2466600.00000000000    -0.00000100000
   3  561310.00000000000    -0.00000540000
   4  158990.00000000000    -0.00002270000
   5  51869.00000000000    -0.00008270000
   6  18726.00000000000    -0.00026940000
   7   7303.60000000000    -0.00080420000
   8   3029.10000000000    -0.00219490000
   9   1320.80000000000    -0.00549390000
  10    600.03000000000    -0.01209600000
  11    281.90000000000    -0.02226230000
  12    135.54000000000    -0.02660630000
  13     64.87000000000     0.00275800000
  14     32.12900000000     0.10168030000
  15     16.03700000000     0.17041320000
  16      7.78490000000    -0.00622200000
  17      3.72470000000    -0.34525700000
  18      1.75830000000    -0.42348400000
 S 1 
   1      0.58331000000     1.00000000000
 S 1 
   1      0.27856000000     1.00000000000
 S 1 
   1      0.11829000000     1.00000000000
 P 13 
   1  26607.00000000000     0.00006190000
   2   6298.20000000000     0.00054990000
   3   2045.20000000000     0.00316200000
   4    782.16000000000     0.01379790000
   5    331.63000000000     0.04798120000
   6    151.11000000000     0.13157100000
   7     72.39200000000     0.26858610000
   8     35.86200000000     0.36834730000
   9     18.13400000000     0.27113630000
  10      9.04300000000     0.07622220000
  11      4.45000000000     0.00467490000
  12      2.16610000000     0.00125650000
  13      0.99628000000    -0.00023570000
 P 13 
   1  26607.00000000000    -0.00002480000
   2   6298.20000000000    -0.00022120000
   3   2045.20000000000    -0.00127360000
   4    782.16000000000    -0.00561790000
   5    331.63000000000    -0.01986000000
   6    151.11000000000    -0.05655310000
   7     72.39200000000    -0.12094790000
   8     35.86200000000    -0.17730980000
   9     18.13400000000    -0.09214720000
  10      9.04300000000     0.21876830000
  11      4.45000000000     0.48546700000
  12      2.16610000000     0.37219700000
  13      0.99628000000     0.07769070000
 P 13 
   1  26607.00000000000     0.00000640000
   2   6298.20000000000     0.00005720000
   3   2045.20000000000     0.00032970000
   4    782.16000000000     0.00145620000
   5    331.63000000000     0.00515910000
   6    151.11000000000     0.01476170000
   7     72.39200000000     0.03176940000
   8     35.86200000000     0.04706800000
   9     18.13400000000     0.02238710000
  10      9.04300000000    -0.07202540000
  11      4.45000000000    -0.16264290000
  12      2.16610000000    -0.14965030000
  13      0.99628000000     0.10645170000
 P 1 
   1      0.45443000000     1.00000000000
 P 1 
   1      0.19404000000     1.00000000000
 P 1 
   1      0.07899700000     1.00000000000
 D 9 
   1   1289.60000000000     0.00011900000
   2    389.75000000000     0.00115510000
   3    151.76000000000     0.00676480000
   4     67.22300000000     0.02730170000
   5     31.91300000000     0.08092980000
   6     15.85700000000     0.17940110000
   7      8.05450000000     0.28400860000
   8      4.08870000000     0.32667970000
   9      2.05560000000     0.25849000000
 D 1 
   1      0.99509000000     1.00000000000
 D 1 
   1      0.42313000000     1.00000000000
 D 1 
   1      0.17790000000     1.00000000000
 F 1 
   1      0.34070000000     1.00000000000
 F 1 
   1      0.82570000000     1.00000000000
 G 1 
   1      0.64910000000     1.00000000000

KRYPTON
 S 18 
   1  18226110.00000000000     0.00000320000
   2  2728802.00000000000     0.00002520000
   3  620997.69999999995     0.00013280000
   4  175899.60000000001     0.00056070000
   5  57387.50000000000     0.00204010000
   6  20717.18000000000     0.00662350000
   7   8078.89000000000     0.01949960000
   8   3349.51700000000     0.05193640000
   9   1459.78100000000     0.12211660000
  10    662.89390000000     0.23836530000
  11    311.39220000000     0.34070510000
  12    149.93750000000     0.27928550000
  13     72.49825000000     0.08409920000
  14     35.56935000000     0.00250420000
  15     17.76663000000     0.00135740000
  16      8.71238300000    -0.00065910000
  17      4.14497100000     0.00027010000
  18      1.96964900000    -0.00014360000
 S 18 
   1  18226110.00000000000    -0.00000100000
   2  2728802.00000000000    -0.00000790000
   3  620997.69999999995    -0.00004180000
   4  175899.60000000001    -0.00017660000
   5  57387.50000000000    -0.00064340000
   6  20717.18000000000    -0.00209990000
   7   8078.89000000000    -0.00624530000
   8   3349.51700000000    -0.01708040000
   9   1459.78100000000    -0.04238150000
  10    662.89390000000    -0.09286790000
  11    311.39220000000    -0.16573900000
  12    149.93750000000    -0.19550880000
  13     72.49825000000    -0.00164090000
  14     35.56935000000     0.45300710000
  15     17.76663000000     0.53707510000
  16      8.71238300000     0.15289710000
  17      4.14497100000     0.00574110000
  18      1.96964900000     0.00174140000
 S 18 
   1  18226110.00000000000     0.00000040000
   2  2728802.00000000000     0.00000320000
   3  620997.69999999995     0.00001680000
   4  175899.60000000001     0.00007090000
   5  57387.50000000000     0.00025820000
   6  20717.18000000000     0.00084330000
   7   8078.89000000000     0.00251150000
   8   3349.51700000000     0.00689210000
   9   1459.78100000000     0.01722200000
  10    662.89390000000     0.03831590000
  11    311.39220000000     0.07054380000
  12    149.93750000000     0.08807170000
  13     72.49825000000     0.00063280000
  14     35.56935000000    -0.28810650000
  15     17.76663000000    -0.50497970000
  16      8.71238300000    -0.02677730000
  17      4.14497100000     0.70987180000
  18      1.96964900000     0.51580200000
 S 18 
   1  18226110.00000000000    -0.00000010000
   2  2728802.00000000000    -0.00000100000
   3  620997.69999999995    -0.00000530000
   4  175899.60000000001    -0.00002260000
   5  57387.50000000000    -0.00008230000
   6  20717.18000000000    -0.00026840000
   7   8078.89000000000    -0.00080140000
   8   3349.51700000000    -0.00219370000
   9   1459.78100000000    -0.00550740000
  10    662.89390000000    -0.01222660000
  11    311.39220000000    -0.02276170000
  12    149.93750000000    -0.02836060000
  13     72.49825000000    -0.00075650000
  14     35.56935000000     0.10013650000
  15     17.76663000000     0.18153320000
  16      8.71238300000     0.01118670000
  17      4.14497100000    -0.35758430000
  18      1.96964900000    -0.45723050000
 S 1 
   1      0.67995200000     1.00000000000
 S 1 
   1      0.32450200000     1.00000000000
 S 1 
   1      0.13744100000     1.00000000000
 P 13 
   1  28600.83000000000     0.00006050000
   2   6770.99100000000     0.00053780000
   3   2199.04900000000     0.00309340000
   4    841.17960000000     0.01351500000
   5    356.76630000000     0.04709590000
   6    162.63620000000     0.12962000000
   7     77.96604000000     0.26611080000
   8     38.66149000000     0.36780580000
   9     19.57679000000     0.27403720000
  10      9.79176100000     0.07871130000
  11      4.83538300000     0.00498420000
  12      2.36812500000     0.00122670000
  13      1.08999600000    -0.00024480000
 P 13 
   1  28600.83000000000    -0.00002460000
   2   6770.99100000000    -0.00021920000
   3   2199.04900000000    -0.00126280000
   4    841.17960000000    -0.00557560000
   5    356.76630000000    -0.01975460000
   6    162.63620000000    -0.05644880000
   7     77.96604000000    -0.12149230000
   8     38.66149000000    -0.17949070000
   9     19.57679000000    -0.09623140000
  10      9.79176100000     0.21631900000
  11      4.83538300000     0.48997210000
  12      2.36812500000     0.37267580000
  13      1.08999600000     0.07500880000
 P 13 
   1  28600.83000000000     0.00000670000
   2   6770.99100000000     0.00005960000
   3   2199.04900000000     0.00034320000
   4    841.17960000000     0.00151900000
   5    356.76630000000     0.00538810000
   6    162.63620000000     0.01549350000
   7     77.96604000000     0.03351760000
   8     38.66149000000     0.05019110000
   9     19.57679000000     0.02445500000
  10      9.79176100000    -0.07529530000
  11      4.83538300000    -0.17605340000
  12      2.36812500000    -0.15707240000
  13      1.08999600000     0.13045790000
 P 1 
   1      0.50458800000     1.00000000000
 P 1 
   1      0.21845500000     1.00000000000
 P 1 
   1      0.08995900000     1.00000000000
 D 9 
   1   1437.77900000000     0.00011080000
   2    434.26850000000     0.00108280000
   3    168.92700000000     0.00640650000
   4     74.77754000000     0.02623790000
   5     35.51602000000     0.07882350000
   6     17.67105000000     0.17706770000
   7      9.00461100000     0.28396220000
   8      4.59477300000     0.32947020000
   9      2.32648600000     0.25890010000
 D 1 
   1      1.13324700000     1.00000000000
 D 1 
   1      0.48130700000     1.00000000000
 D 1 
   1      0.20530000000     1.00000000000
 F 1 
   1      0.41300000000     1.00000000000
 F 1 
   1      0.95570000000     1.00000000000
 G 1 
   1      0.73950000000     1.00000000000
$END



