----- Orbital basis set information -----
Your calculation utilizes the basis: cc-pVTZ 
       H, B-Ne : Obtained from the ccRepo (grant-hill.group.shef.ac.uk/ccrepo) Feb. 2017
                 T. H. Dunning, Jr., J. Chem. Phys. 90, 1007 (1989)
            He : Obtained from the ccRepo (grant-hill.group.shef.ac.uk/ccrepo) Feb. 2017
                 D. E. Woon, T. H. Dunning, Jr., J. Chem. Phys. 100, 2975 (1994)
  Li-Be, Na-Mg : Obtained from the ccRepo (grant-hill.group.shef.ac.uk/ccrepo) Feb. 2017
                 B. P. Prascher, D. E. Woon, K. A. Peterson, T. H. Dunning, Jr., A. K. Wilson, Theor. Chem. Acc. 128, 69 (2011)
         Al-Ar : Obtained from the ccRepo (grant-hill.group.shef.ac.uk/ccrepo) Feb. 2017
                 D. E. Woon, T. H. Dunning, Jr., J. Chem. Phys. 98, 1358 (1993)
            Ca : Obtained from the Peterson Research Group Website (tyr0.chem.wsu.edu/~kipeters) Feb. 2017
                 J. Koput, K. A. Peterson, J. Phys. Chem. 106, 9595 (2002)
         Sc-Zn : Obtained from the ccRepo (grant-hill.group.shef.ac.uk/ccrepo) Feb. 2017
                 N. B. Balabanov, K. A. Peterson, J. Chem. Phys. 123, 064107 (2005)
                 N. B. Balabanov, K. A. Peterson, J. Chem. Phys. 125, 074110 (2006)
         Ga-Kr : Obtained from the ccRepo (grant-hill.group.shef.ac.uk/ccrepo) Feb. 2017
                 A. K. Wilson, D. E. Woon, K. A. Peterson, T. H. Dunning, Jr., J. Chem. Phys. 110, 7667 (1999)
             Y : Obtained from the ccRepo (grant-hill.group.shef.ac.uk/ccrepo) Feb. 2017
                 K. A. Peterson, D. Figgen, M. Dolg, H. Stoll, J. Chem. Phys. 126, 124101 (2007)
        Ag, Au : Obtained from the Peterson Research Group Website (tyr0.chem.wsu.edu/~kipeters) Feb. 2017
                 K. A. Peterson, C. Puzzarini, Theor. Chem. Acc. 114, 283 (2005)

! -------------------------
!  BASIS SET IN INPUT FORMAT
! -------------------------

$DATA

HYDROGEN
 S 3 
   1     33.87000000000     0.00606800000
   2      5.09500000000     0.04530800000
   3      1.15900000000     0.20282200000
 S 1 
   1      0.32580000000     1.00000000000
 S 1 
   1      0.10270000000     1.00000000000
 P 1 
   1      1.40700000000     1.00000000000
 P 1 
   1      0.38800000000     1.00000000000
 D 1 
   1      1.05700000000     1.00000000000

HELIUM
 S 4 
   1    234.00000000000     0.00258700000
   2     35.16000000000     0.01953300000
   3      7.98900000000     0.09099800000
   4      2.21200000000     0.27205000000
 S 1 
   1      0.66690000000     1.00000000000
 S 1 
   1      0.20890000000     1.00000000000
 P 1 
   1      3.04400000000     1.00000000000
 P 1 
   1      0.75800000000     1.00000000000
 D 1 
   1      1.96500000000     1.00000000000

LITHIUM
 S 9 
   1   5988.00000000000     0.00013300000
   2    898.90000000000     0.00102500000
   3    205.90000000000     0.00527200000
   4     59.24000000000     0.02092900000
   5     19.87000000000     0.06634000000
   6      7.40600000000     0.16577500000
   7      2.93000000000     0.31503800000
   8      1.18900000000     0.39352300000
   9      0.47980000000     0.19087000000
 S 9 
   1   5988.00000000000    -0.00002100000
   2    898.90000000000    -0.00016100000
   3    205.90000000000    -0.00082000000
   4     59.24000000000    -0.00332600000
   5     19.87000000000    -0.01051900000
   6      7.40600000000    -0.02809700000
   7      2.93000000000    -0.05593600000
   8      1.18900000000    -0.09923700000
   9      0.47980000000    -0.11218900000
 S 1 
   1      0.07509000000     1.00000000000
 S 1 
   1      0.02832000000     1.00000000000
 P 3 
   1      3.26600000000     0.00863000000
   2      0.65110000000     0.04753800000
   3      0.16960000000     0.20977200000
 P 1 
   1      0.05578000000     1.00000000000
 P 1 
   1      0.02050000000     1.00000000000
 D 1 
   1      0.19000000000     1.00000000000
 D 1 
   1      0.07250000000     1.00000000000
 F 1 
   1      0.12700000000     1.00000000000

BERYLLIUM
 S 9 
   1   6863.00000000000     0.00023600000
   2   1030.00000000000     0.00182600000
   3    234.70000000000     0.00945200000
   4     66.56000000000     0.03795700000
   5     21.69000000000     0.11996500000
   6      7.73400000000     0.28216200000
   7      2.91600000000     0.42740400000
   8      1.13000000000     0.26627800000
   9      0.11010000000    -0.00727500000
 S 9 
   1   6863.00000000000    -0.00004300000
   2   1030.00000000000    -0.00033300000
   3    234.70000000000    -0.00173600000
   4     66.56000000000    -0.00701200000
   5     21.69000000000    -0.02312600000
   6      7.73400000000    -0.05813800000
   7      2.91600000000    -0.11455600000
   8      1.13000000000    -0.13590800000
   9      0.11010000000     0.57744100000
 S 1 
   1      0.25770000000     1.00000000000
 S 1 
   1      0.04409000000     1.00000000000
 P 3 
   1      7.43600000000     0.01073600000
   2      1.57700000000     0.06285400000
   3      0.43520000000     0.24818000000
 P 1 
   1      0.14380000000     1.00000000000
 P 1 
   1      0.04994000000     1.00000000000
 D 1 
   1      0.34930000000     1.00000000000
 D 1 
   1      0.17240000000     1.00000000000
 F 1 
   1      0.34230000000     1.00000000000

BORON
 S 8 
   1   5473.00000000000     0.00055500000
   2    820.90000000000     0.00429100000
   3    186.80000000000     0.02194900000
   4     52.83000000000     0.08444100000
   5     17.08000000000     0.23855700000
   6      5.99900000000     0.43507200000
   7      2.20800000000     0.34195500000
   8      0.24150000000    -0.00954500000
 S 8 
   1   5473.00000000000    -0.00011200000
   2    820.90000000000    -0.00086800000
   3    186.80000000000    -0.00448400000
   4     52.83000000000    -0.01768300000
   5     17.08000000000    -0.05363900000
   6      5.99900000000    -0.11900500000
   7      2.20800000000    -0.16582400000
   8      0.24150000000     0.59598100000
 S 1 
   1      0.58790000000     1.00000000000
 S 1 
   1      0.08610000000     1.00000000000
 P 3 
   1     12.05000000000     0.01311800000
   2      2.61300000000     0.07989600000
   3      0.74750000000     0.27727500000
 P 1 
   1      0.23850000000     1.00000000000
 P 1 
   1      0.07698000000     1.00000000000
 D 1 
   1      0.66100000000     1.00000000000
 D 1 
   1      0.19900000000     1.00000000000
 F 1 
   1      0.49000000000     1.00000000000

CARBON
 S 8 
   1   8236.00000000000     0.00053100000
   2   1235.00000000000     0.00410800000
   3    280.80000000000     0.02108700000
   4     79.27000000000     0.08185300000
   5     25.59000000000     0.23481700000
   6      8.99700000000     0.43440100000
   7      3.31900000000     0.34612900000
   8      0.36430000000    -0.00898300000
 S 8 
   1   8236.00000000000    -0.00011300000
   2   1235.00000000000    -0.00087800000
   3    280.80000000000    -0.00454000000
   4     79.27000000000    -0.01813300000
   5     25.59000000000    -0.05576000000
   6      8.99700000000    -0.12689500000
   7      3.31900000000    -0.17035200000
   8      0.36430000000     0.59868400000
 S 1 
   1      0.90590000000     1.00000000000
 S 1 
   1      0.12850000000     1.00000000000
 P 3 
   1     18.71000000000     0.01403100000
   2      4.13300000000     0.08686600000
   3      1.20000000000     0.29021600000
 P 1 
   1      0.38270000000     1.00000000000
 P 1 
   1      0.12090000000     1.00000000000
 D 1 
   1      1.09700000000     1.00000000000
 D 1 
   1      0.31800000000     1.00000000000
 F 1 
   1      0.76100000000     1.00000000000

NITROGEN
 S 8 
   1  11420.00000000000     0.00052300000
   2   1712.00000000000     0.00404500000
   3    389.30000000000     0.02077500000
   4    110.00000000000     0.08072700000
   5     35.57000000000     0.23307400000
   6     12.54000000000     0.43350100000
   7      4.64400000000     0.34747200000
   8      0.51180000000    -0.00850800000
 S 8 
   1  11420.00000000000    -0.00011500000
   2   1712.00000000000    -0.00089500000
   3    389.30000000000    -0.00462400000
   4    110.00000000000    -0.01852800000
   5     35.57000000000    -0.05733900000
   6     12.54000000000    -0.13207600000
   7      4.64400000000    -0.17251000000
   8      0.51180000000     0.59994400000
 S 1 
   1      1.29300000000     1.00000000000
 S 1 
   1      0.17870000000     1.00000000000
 P 3 
   1     26.63000000000     0.01467000000
   2      5.94800000000     0.09176400000
   3      1.74200000000     0.29868300000
 P 1 
   1      0.55500000000     1.00000000000
 P 1 
   1      0.17250000000     1.00000000000
 D 1 
   1      1.65400000000     1.00000000000
 D 1 
   1      0.46900000000     1.00000000000
 F 1 
   1      1.09300000000     1.00000000000

OXYGEN
 S 8 
   1  15330.00000000000     0.00050800000
   2   2299.00000000000     0.00392900000
   3    522.40000000000     0.02024300000
   4    147.30000000000     0.07918100000
   5     47.55000000000     0.23068700000
   6     16.76000000000     0.43311800000
   7      6.20700000000     0.35026000000
   8      0.68820000000    -0.00815400000
 S 8 
   1  15330.00000000000    -0.00011500000
   2   2299.00000000000    -0.00089500000
   3    522.40000000000    -0.00463600000
   4    147.30000000000    -0.01872400000
   5     47.55000000000    -0.05846300000
   6     16.76000000000    -0.13646300000
   7      6.20700000000    -0.17574000000
   8      0.68820000000     0.60341800000
 S 1 
   1      1.75200000000     1.00000000000
 S 1 
   1      0.23840000000     1.00000000000
 P 3 
   1     34.46000000000     0.01592800000
   2      7.74900000000     0.09974000000
   3      2.28000000000     0.31049200000
 P 1 
   1      0.71560000000     1.00000000000
 P 1 
   1      0.21400000000     1.00000000000
 D 1 
   1      2.31400000000     1.00000000000
 D 1 
   1      0.64500000000     1.00000000000
 F 1 
   1      1.42800000000     1.00000000000

FLUORINE
 S 8 
   1  19500.00000000000     0.00050700000
   2   2923.00000000000     0.00392300000
   3    664.50000000000     0.02020000000
   4    187.50000000000     0.07901000000
   5     60.62000000000     0.23043900000
   6     21.42000000000     0.43287200000
   7      7.95000000000     0.34996400000
   8      0.88150000000    -0.00789200000
 S 8 
   1  19500.00000000000    -0.00011700000
   2   2923.00000000000    -0.00091200000
   3    664.50000000000    -0.00471700000
   4    187.50000000000    -0.01908600000
   5     60.62000000000    -0.05965500000
   6     21.42000000000    -0.14001000000
   7      7.95000000000    -0.17678200000
   8      0.88150000000     0.60504300000
 S 1 
   1      2.25700000000     1.00000000000
 S 1 
   1      0.30410000000     1.00000000000
 P 3 
   1     43.88000000000     0.01666500000
   2      9.92600000000     0.10447200000
   3      2.93000000000     0.31726000000
 P 1 
   1      0.91320000000     1.00000000000
 P 1 
   1      0.26720000000     1.00000000000
 D 1 
   1      3.10700000000     1.00000000000
 D 1 
   1      0.85500000000     1.00000000000
 F 1 
   1      1.91700000000     1.00000000000

NEON
 S 8 
   1  24350.00000000000     0.00050200000
   2   3650.00000000000     0.00388100000
   3    829.60000000000     0.01999700000
   4    234.00000000000     0.07841800000
   5     75.61000000000     0.22967600000
   6     26.73000000000     0.43272200000
   7      9.92700000000     0.35064200000
   8      1.10200000000    -0.00764500000
 S 8 
   1  24350.00000000000    -0.00011800000
   2   3650.00000000000    -0.00091500000
   3    829.60000000000    -0.00473700000
   4    234.00000000000    -0.01923300000
   5     75.61000000000    -0.06036900000
   6     26.73000000000    -0.14250800000
   7      9.92700000000    -0.17771000000
   8      1.10200000000     0.60583600000
 S 1 
   1      2.83600000000     1.00000000000
 S 1 
   1      0.37820000000     1.00000000000
 P 3 
   1     54.70000000000     0.01715100000
   2     12.43000000000     0.10765600000
   3      3.67900000000     0.32168100000
 P 1 
   1      1.14300000000     1.00000000000
 P 1 
   1      0.33000000000     1.00000000000
 D 1 
   1      4.01400000000     1.00000000000
 D 1 
   1      1.09600000000     1.00000000000
 F 1 
   1      2.54400000000     1.00000000000

SODIUM
 S 14 
   1  423000.00000000000     0.00001806180
   2  63340.00000000000     0.00014043000
   3  14410.00000000000     0.00073843800
   4   4077.00000000000     0.00311182000
   5   1328.00000000000     0.01120810000
   6    478.60000000000     0.03528280000
   7    186.20000000000     0.09598970000
   8     76.92000000000     0.21373500000
   9     33.32000000000     0.34868800000
  10     15.00000000000     0.32456600000
  11      6.86900000000     0.11263300000
  12      2.68300000000     0.00706797000
  13      1.10900000000     0.00059801000
  14      0.06015000000    -0.00000530870
 S 14 
   1  423000.00000000000    -0.00000440650
   2  63340.00000000000    -0.00003434430
   3  14410.00000000000    -0.00018011400
   4   4077.00000000000    -0.00076390000
   5   1328.00000000000    -0.00275248000
   6    478.60000000000    -0.00886016000
   7    186.20000000000    -0.02479390000
   8     76.92000000000    -0.06059950000
   9     33.32000000000    -0.11644600000
  10     15.00000000000    -0.16243700000
  11      6.86900000000    -0.04388910000
  12      2.68300000000     0.33791700000
  13      1.10900000000     0.56134700000
  14      0.06015000000     0.00406754000
 S 14 
   1  423000.00000000000     0.00000066300
   2  63340.00000000000     0.00000515770
   3  14410.00000000000     0.00002712500
   4   4077.00000000000     0.00011463500
   5   1328.00000000000     0.00041511800
   6    478.60000000000     0.00132978000
   7    186.20000000000     0.00375595000
   8     76.92000000000     0.00914025000
   9     33.32000000000     0.01798590000
  10     15.00000000000     0.02514770000
  11      6.86900000000     0.00763522000
  12      2.68300000000    -0.06145890000
  13      1.10900000000    -0.11572100000
  14      0.06015000000     0.62640600000
 S 1 
   1      0.45400000000     1.00000000000
 S 1 
   1      0.02382000000     1.00000000000
 P 8 
   1    243.30000000000     0.00224392000
   2     57.39000000000     0.01739970000
   3     18.10000000000     0.07741250000
   4      6.57500000000     0.21910200000
   5      2.52100000000     0.37852200000
   6      0.96070000000     0.39490200000
   7      0.35120000000     0.16042400000
   8      0.09827000000     0.00233311000
 P 8 
   1    243.30000000000    -0.00022240100
   2     57.39000000000    -0.00174277000
   3     18.10000000000    -0.00775456000
   4      6.57500000000    -0.02251870000
   5      2.52100000000    -0.03843300000
   6      0.96070000000    -0.04501770000
   7      0.35120000000    -0.01921320000
   8      0.09827000000     0.18269700000
 P 1 
   1      0.03734000000     1.00000000000
 P 1 
   1      0.01500000000     1.00000000000
 D 1 
   1      0.14730000000     1.00000000000
 D 1 
   1      0.06230000000     1.00000000000
 F 1 
   1      0.12840000000     1.00000000000

MAGNESIUM
 S 13 
   1  164900.00000000000     0.00007299290
   2  24710.00000000000     0.00056665200
   3   5628.00000000000     0.00296269000
   4   1596.00000000000     0.01229620000
   5    521.00000000000     0.04273240000
   6    188.00000000000     0.12301300000
   7     73.01000000000     0.27483200000
   8     29.90000000000     0.40181800000
   9     12.54000000000     0.26469700000
  10      4.30600000000     0.03326120000
  11      1.82600000000    -0.00441335000
  12      0.74170000000     0.00206024000
  13      0.07612000000     0.00070819500
 S 13 
   1  164900.00000000000    -0.00001842480
   2  24710.00000000000    -0.00014350000
   3   5628.00000000000    -0.00074871000
   4   1596.00000000000    -0.00314407000
   5    521.00000000000    -0.01104810000
   6    188.00000000000    -0.03360580000
   7     73.01000000000    -0.08259460000
   8     29.90000000000    -0.15931400000
   9     12.54000000000    -0.15288800000
  10      4.30600000000     0.19084900000
  11      1.82600000000     0.57996400000
  12      0.74170000000     0.37202900000
  13      0.07612000000    -0.01193440000
 S 13 
   1  164900.00000000000     0.00000355180
   2  24710.00000000000     0.00002764200
   3   5628.00000000000     0.00014440400
   4   1596.00000000000     0.00060574400
   5    521.00000000000     0.00213527000
   6    188.00000000000     0.00649934000
   7     73.01000000000     0.01614460000
   8     29.90000000000     0.03157660000
   9     12.54000000000     0.03163740000
  10      4.30600000000    -0.04391400000
  11      1.82600000000    -0.15109300000
  12      0.74170000000    -0.21766800000
  13      0.07612000000     0.54724500000
 S 1 
   1      0.14570000000     1.00000000000
 S 1 
   1      0.03310000000     1.00000000000
 P 8 
   1    316.90000000000     0.00207532000
   2     74.86000000000     0.01628690000
   3     23.72000000000     0.07386970000
   4      8.66900000000     0.21429700000
   5      3.36300000000     0.38215400000
   6      1.31000000000     0.39817800000
   7      0.49110000000     0.15287800000
   8      0.23640000000    -0.00437540000
 P 8 
   1    316.90000000000    -0.00032972700
   2     74.86000000000    -0.00258754000
   3     23.72000000000    -0.01191200000
   4      8.66900000000    -0.03502270000
   5      3.36300000000    -0.06399680000
   6      1.31000000000    -0.07044360000
   7      0.49110000000    -0.03758360000
   8      0.23640000000     0.17704300000
 P 1 
   1      0.08733000000     1.00000000000
 P 1 
   1      0.03237000000     1.00000000000
 D 1 
   1      0.29980000000     1.00000000000
 D 1 
   1      0.12850000000     1.00000000000
 F 1 
   1      0.24170000000     1.00000000000

ALUMINUM
 S 13 
   1  205500.00000000000     0.00006788360
   2  30780.00000000000     0.00052714900
   3   7006.00000000000     0.00276203000
   4   1985.00000000000     0.01147280000
   5    649.10000000000     0.03981880000
   6    235.00000000000     0.11504000000
   7     91.62000000000     0.26088700000
   8     37.67000000000     0.39638600000
   9     15.91000000000     0.28459700000
  10      5.85000000000     0.04445830000
  11      2.54200000000    -0.00489838000
  12      1.05700000000     0.00261253000
  13      0.14550000000     0.00072206800
 S 13 
   1  205500.00000000000    -0.00001763770
   2  30780.00000000000    -0.00013719500
   3   7006.00000000000    -0.00071891000
   4   1985.00000000000    -0.00301146000
   5    649.10000000000    -0.01060140000
   6    235.00000000000    -0.03213450000
   7     91.62000000000    -0.08031560000
   8     37.67000000000    -0.15679400000
   9     15.91000000000    -0.16837600000
  10      5.85000000000     0.12687900000
  11      2.54200000000     0.56149400000
  12      1.05700000000     0.43661300000
  13      0.14550000000    -0.01145630000
 S 13 
   1  205500.00000000000     0.00000407320
   2  30780.00000000000     0.00003165660
   3   7006.00000000000     0.00016611600
   4   1985.00000000000     0.00069499200
   5    649.10000000000     0.00245511000
   6    235.00000000000     0.00744598000
   7     91.62000000000     0.01882530000
   8     37.67000000000     0.03727720000
   9     15.91000000000     0.04194960000
  10      5.85000000000    -0.03543750000
  11      2.54200000000    -0.17513200000
  12      1.05700000000    -0.27620300000
  13      0.14550000000     0.65280900000
 S 1 
   1      0.29310000000     1.00000000000
 S 1 
   1      0.05650000000     1.00000000000
 P 7 
   1    444.40000000000     0.00162786000
   2    105.10000000000     0.01306870000
   3     33.47000000000     0.06123410000
   4     12.33000000000     0.18787000000
   5      4.86900000000     0.36045200000
   6      1.96100000000     0.40845400000
   7      0.18880000000     0.00976514000
 P 7 
   1    444.40000000000    -0.00028634100
   2    105.10000000000    -0.00242308000
   3     33.47000000000    -0.01086580000
   4     12.33000000000    -0.03643070000
   5      4.86900000000    -0.06410740000
   6      1.96100000000    -0.09722390000
   7      0.18880000000     0.50344800000
 P 1 
   1      0.78340000000     1.00000000000
 P 1 
   1      0.05557000000     1.00000000000
 D 1 
   1      0.10900000000     1.00000000000
 D 1 
   1      0.33300000000     1.00000000000
 F 1 
   1      0.24400000000     1.00000000000

SILICON
 S 13 
   1  254900.00000000000     0.00006251010
   2  38190.00000000000     0.00048555300
   3   8690.00000000000     0.00254516000
   4   2462.00000000000     0.01058660000
   5    804.80000000000     0.03687870000
   6    291.30000000000     0.10747900000
   7    113.60000000000     0.24793600000
   8     46.75000000000     0.39092700000
   9     19.82000000000     0.30202600000
  10      7.70800000000     0.05592360000
  11      3.34000000000    -0.00402406000
  12      1.40200000000     0.00258030000
  13      0.20700000000     0.00060793000
 S 13 
   1  254900.00000000000    -0.00001663700
   2  38190.00000000000    -0.00012931000
   3   8690.00000000000    -0.00067882800
   4   2462.00000000000    -0.00284117000
   5    804.80000000000    -0.01005510000
   6    291.30000000000    -0.03057740000
   7    113.60000000000    -0.07772560000
   8     46.75000000000    -0.15423600000
   9     19.82000000000    -0.18036800000
  10      7.70800000000     0.07982180000
  11      3.34000000000     0.54744100000
  12      1.40200000000     0.48011900000
  13      0.20700000000    -0.01069960000
 S 13 
   1  254900.00000000000     0.00000426260
   2  38190.00000000000     0.00003310620
   3   8690.00000000000     0.00017401500
   4   2462.00000000000     0.00072757400
   5    804.80000000000     0.00258333000
   6    291.30000000000     0.00786354000
   7    113.60000000000     0.02021550000
   8     46.75000000000     0.04073200000
   9     19.82000000000     0.04993580000
  10      7.70800000000    -0.02493960000
  11      3.34000000000    -0.19035000000
  12      1.40200000000    -0.31835000000
  13      0.20700000000     0.68118000000
 S 1 
   1      0.43870000000     1.00000000000
 S 1 
   1      0.07944000000     1.00000000000
 P 7 
   1    481.50000000000     0.00192045000
   2    113.90000000000     0.01535520000
   3     36.23000000000     0.07139910000
   4     13.34000000000     0.21305200000
   5      5.25200000000     0.39035400000
   6      2.12000000000     0.39372100000
   7      0.25280000000     0.00395630000
 P 7 
   1    481.50000000000    -0.00040522000
   2    113.90000000000    -0.00335896000
   3     36.23000000000    -0.01528600000
   4     13.34000000000    -0.04892180000
   5      5.25200000000    -0.08550080000
   6      2.12000000000    -0.11213700000
   7      0.25280000000     0.55191900000
 P 1 
   1      0.85610000000     1.00000000000
 P 1 
   1      0.07889000000     1.00000000000
 D 1 
   1      0.15900000000     1.00000000000
 D 1 
   1      0.48100000000     1.00000000000
 F 1 
   1      0.33600000000     1.00000000000

PHOSPHOROUS
 S 13 
   1  312400.00000000000     0.00005769600
   2  46800.00000000000     0.00044829600
   3  10650.00000000000     0.00234939000
   4   3018.00000000000     0.00978265000
   5    986.80000000000     0.03414670000
   6    357.40000000000     0.10020400000
   7    139.60000000000     0.23437200000
   8     57.63000000000     0.38243400000
   9     24.60000000000     0.31808800000
  10     10.12000000000     0.07077880000
  11      4.28300000000    -0.00181799000
  12      1.80500000000     0.00216180000
  13      0.27820000000     0.00043229700
 S 13 
   1  312400.00000000000    -0.00001567090
   2  46800.00000000000    -0.00012172400
   3  10650.00000000000    -0.00063967200
   4   3018.00000000000    -0.00267426000
   5    986.80000000000    -0.00949831000
   6    357.40000000000    -0.02893490000
   7    139.60000000000    -0.07451210000
   8     57.63000000000    -0.14993800000
   9     24.60000000000    -0.18946700000
  10     10.12000000000     0.03632700000
  11      4.28300000000     0.52881600000
  12      1.80500000000     0.51911500000
  13      0.27820000000    -0.00925695000
 S 13 
   1  312400.00000000000     0.00000430630
   2  46800.00000000000     0.00003341940
   3  10650.00000000000     0.00017588500
   4   3018.00000000000     0.00073434000
   5    986.80000000000     0.00261775000
   6    357.40000000000     0.00797852000
   7    139.60000000000     0.02079400000
   8     57.63000000000     0.04244460000
   9     24.60000000000     0.05634360000
  10     10.12000000000    -0.01273580000
  11      4.28300000000    -0.19649500000
  12      1.80500000000    -0.35355500000
  13      0.27820000000     0.70091200000
 S 1 
   1      0.61580000000     1.00000000000
 S 1 
   1      0.10550000000     1.00000000000
 P 7 
   1    504.90000000000     0.00233728000
   2    119.40000000000     0.01854100000
   3     37.96000000000     0.08496930000
   4     13.95000000000     0.24461500000
   5      5.45700000000     0.42276600000
   6      2.17700000000     0.36843900000
   7      0.28770000000    -0.00379005000
 P 7 
   1    504.90000000000    -0.00055523600
   2    119.40000000000    -0.00445913000
   3     37.96000000000    -0.02063500000
   4     13.95000000000    -0.06176940000
   5      5.45700000000    -0.10892400000
   6      2.17700000000    -0.10559900000
   7      0.28770000000     0.57698100000
 P 1 
   1      0.80100000000     1.00000000000
 P 1 
   1      0.09714000000     1.00000000000
 D 1 
   1      0.21600000000     1.00000000000
 D 1 
   1      0.65200000000     1.00000000000
 F 1 
   1      0.45200000000     1.00000000000

SULFUR
 S 13 
   1  374100.00000000000     0.00005421400
   2  56050.00000000000     0.00042085500
   3  12760.00000000000     0.00220698000
   4   3615.00000000000     0.00919258000
   5   1183.00000000000     0.03211230000
   6    428.80000000000     0.09466830000
   7    167.80000000000     0.22363000000
   8     69.47000000000     0.37439300000
   9     29.84000000000     0.32910800000
  10     12.72000000000     0.08470380000
  11      5.24400000000     0.00044085100
  12      2.21900000000     0.00164827000
  13      0.34900000000     0.00030130600
 S 13 
   1  374100.00000000000    -0.00001498370
   2  56050.00000000000    -0.00011619800
   3  12760.00000000000    -0.00061158300
   4   3615.00000000000    -0.00255370000
   5   1183.00000000000    -0.00908708000
   6    428.80000000000    -0.02770450000
   7    167.80000000000    -0.07200200000
   8     69.47000000000    -0.14643900000
   9     29.84000000000    -0.19515000000
  10     12.72000000000     0.00819193000
  11      5.24400000000     0.51660100000
  12      2.21900000000     0.54217800000
  13      0.34900000000    -0.00918072000
 S 13 
   1  374100.00000000000     0.00000435070
   2  56050.00000000000     0.00003371400
   3  12760.00000000000     0.00017767400
   4   3615.00000000000     0.00074111600
   5   1183.00000000000     0.00264591000
   6    428.80000000000     0.00807487000
   7    167.80000000000     0.02122760000
   8     69.47000000000     0.04383230000
   9     29.84000000000     0.06127160000
  10     12.72000000000    -0.00361510000
  11      5.24400000000    -0.20451000000
  12      2.21900000000    -0.38187100000
  13      0.34900000000     0.71414700000
 S 1 
   1      0.77670000000     1.00000000000
 S 1 
   1      0.13220000000     1.00000000000
 P 7 
   1    574.40000000000     0.00242264000
   2    135.80000000000     0.01927960000
   3     43.19000000000     0.08854010000
   4     15.87000000000     0.25465400000
   5      6.20800000000     0.43398400000
   6      2.48300000000     0.35495300000
   7      0.32290000000    -0.00502977000
 P 7 
   1    574.40000000000    -0.00062010200
   2    135.80000000000    -0.00493882000
   3     43.19000000000    -0.02326470000
   4     15.87000000000    -0.06851950000
   5      6.20800000000    -0.12389600000
   6      2.48300000000    -0.09694990000
   7      0.32290000000     0.56939400000
 P 1 
   1      0.86880000000     1.00000000000
 P 1 
   1      0.10980000000     1.00000000000
 D 1 
   1      0.26900000000     1.00000000000
 D 1 
   1      0.81900000000     1.00000000000
 F 1 
   1      0.55700000000     1.00000000000

CHLORINE
 S 13 
   1  456100.00000000000     0.00004929700
   2  68330.00000000000     0.00038302900
   3  15550.00000000000     0.00200854000
   4   4405.00000000000     0.00838558000
   5   1439.00000000000     0.02947030000
   6    520.40000000000     0.08783250000
   7    203.10000000000     0.21147300000
   8     83.96000000000     0.36536400000
   9     36.20000000000     0.34088400000
  10     15.83000000000     0.10213300000
  11      6.33400000000     0.00311675000
  12      2.69400000000     0.00105751000
  13      0.43130000000     0.00015613600
 S 13 
   1  456100.00000000000    -0.00001383040
   2  68330.00000000000    -0.00010727900
   3  15550.00000000000    -0.00056508300
   4   4405.00000000000    -0.00236135000
   5   1439.00000000000    -0.00845886000
   6    520.40000000000    -0.02596380000
   7    203.10000000000    -0.06863620000
   8     83.96000000000    -0.14187400000
   9     36.20000000000    -0.19931900000
  10     15.83000000000    -0.01956620000
  11      6.33400000000     0.49974100000
  12      2.69400000000     0.56373600000
  13      0.43130000000    -0.00835091000
 S 13 
   1  456100.00000000000     0.00000418550
   2  68330.00000000000     0.00003243950
   3  15550.00000000000     0.00017110500
   4   4405.00000000000     0.00071417600
   5   1439.00000000000     0.00256705000
   6    520.40000000000     0.00788552000
   7    203.10000000000     0.02108670000
   8     83.96000000000     0.04422640000
   9     36.20000000000     0.06516700000
  10     15.83000000000     0.00603012000
  11      6.33400000000    -0.20649500000
  12      2.69400000000    -0.40587100000
  13      0.43130000000     0.72566100000
 S 1 
   1      0.97680000000     1.00000000000
 S 1 
   1      0.16250000000     1.00000000000
 P 7 
   1    663.30000000000     0.00240448000
   2    156.80000000000     0.01921480000
   3     49.98000000000     0.08850970000
   4     18.42000000000     0.25602000000
   5      7.24000000000     0.43692700000
   6      2.92200000000     0.35033400000
   7      0.38180000000    -0.00458423000
 P 7 
   1    663.30000000000    -0.00065214500
   2    156.80000000000    -0.00519445000
   3     49.98000000000    -0.02469380000
   4     18.42000000000    -0.07281670000
   5      7.24000000000    -0.13403000000
   6      2.92200000000    -0.09477420000
   7      0.38180000000     0.56466700000
 P 1 
   1      1.02200000000     1.00000000000
 P 1 
   1      0.13010000000     1.00000000000
 D 1 
   1      1.04600000000     1.00000000000
 D 1 
   1      0.34400000000     1.00000000000
 F 1 
   1      0.70600000000     1.00000000000

ARGON
 S 13 
   1  545000.00000000000     0.00004558280
   2  81640.00000000000     0.00035410800
   3  18580.00000000000     0.00185797000
   4   5261.00000000000     0.00776851000
   5   1717.00000000000     0.02742320000
   6    619.90000000000     0.08238360000
   7    241.60000000000     0.20123000000
   8     99.79000000000     0.35678100000
   9     43.15000000000     0.34956300000
  10     19.14000000000     0.11826600000
  11      7.48800000000     0.00560190000
  12      3.20500000000     0.00048347300
  13      0.52040000000     0.00002920250
 S 13 
   1  545000.00000000000    -0.00001295510
   2  81640.00000000000    -0.00010042800
   3  18580.00000000000    -0.00052958300
   4   5261.00000000000    -0.00221396000
   5   1717.00000000000    -0.00796845000
   6    619.90000000000    -0.02458030000
   7    241.60000000000    -0.06577980000
   8     99.79000000000    -0.13794200000
   9     43.15000000000    -0.20163000000
  10     19.14000000000    -0.04128340000
  11      7.48800000000     0.48468000000
  12      3.20500000000     0.57922400000
  13      0.52040000000    -0.00727553000
 S 13 
   1  545000.00000000000     0.00000404990
   2  81640.00000000000     0.00003136910
   3  18580.00000000000     0.00016564600
   4   5261.00000000000     0.00069166200
   5   1717.00000000000     0.00249790000
   6    619.90000000000     0.00771074000
   7    241.60000000000     0.02087140000
   8     99.79000000000     0.04439650000
   9     43.15000000000     0.06802240000
  10     19.14000000000     0.01413500000
  11      7.48800000000    -0.20748900000
  12      3.20500000000    -0.42504500000
  13      0.52040000000     0.73362700000
 S 1 
   1      1.19600000000     1.00000000000
 S 1 
   1      0.19540000000     1.00000000000
 P 7 
   1    761.80000000000     0.00236976000
   2    180.20000000000     0.01901990000
   3     57.50000000000     0.08808070000
   4     21.24000000000     0.25637700000
   5      8.38800000000     0.43871100000
   6      3.41600000000     0.34756900000
   7      0.45230000000    -0.00523882000
 P 7 
   1    761.80000000000    -0.00066721100
   2    180.20000000000    -0.00532717000
   3     57.50000000000    -0.02554940000
   4     21.24000000000    -0.07571970000
   5      8.38800000000    -0.14113300000
   6      3.41600000000    -0.09327680000
   7      0.45230000000     0.56245000000
 P 1 
   1      1.20600000000     1.00000000000
 P 1 
   1      0.15450000000     1.00000000000
 D 1 
   1      0.41000000000     1.00000000000
 D 1 
   1      1.25400000000     1.00000000000
 F 1 
   1      0.89000000000     1.00000000000

CALCIUM
 S 18 
   1  2402654.00000000000     0.00000931000
   2  359789.79999999999     0.00007239000
   3  81878.09000000000     0.00038059000
   4  23190.89000000000     0.00160453000
   5   7565.21200000000     0.00580780000
   6   2730.70200000000     0.01859566000
   7   1064.64000000000     0.05287776000
   8    441.06050000000     0.13015150000
   9    191.72690000000     0.25931470000
  10     86.53774000000     0.36149610000
  11     39.89924000000     0.26411160000
  12     17.64065000000     0.05709398000
  13      8.35999000000    -0.00182200000
  14      3.95133000000     0.00211164000
  15      1.71340000000    -0.00097709000
  16      0.81086000000     0.00045581000
  17      0.36025000000    -0.00019146000
  18      0.04484000000    -0.00007874000
 S 18 
   1  2402654.00000000000    -0.00000270000
   2  359789.79999999999    -0.00002102000
   3  81878.09000000000    -0.00011052000
   4  23190.89000000000    -0.00046666000
   5   7565.21200000000    -0.00169513000
   6   2730.70200000000    -0.00548346000
   7   1064.64000000000    -0.01596597000
   8    441.06050000000    -0.04151384000
   9    191.72690000000    -0.09286387000
  10     86.53774000000    -0.16531660000
  11     39.89924000000    -0.17664070000
  12     17.64065000000     0.06444422000
  13      8.35999000000     0.51087960000
  14      3.95133000000     0.49463800000
  15      1.71340000000     0.08750094000
  16      0.81086000000    -0.00359101000
  17      0.36025000000     0.00249220000
  18      0.04484000000     0.00064587000
 S 18 
   1  2402654.00000000000     0.00000093000
   2  359789.79999999999     0.00000725000
   3  81878.09000000000     0.00003811000
   4  23190.89000000000     0.00016101000
   5   7565.21200000000     0.00058466000
   6   2730.70200000000     0.00189504000
   7   1064.64000000000     0.00552525000
   8    441.06050000000     0.01447010000
   9    191.72690000000     0.03271581000
  10     86.53774000000     0.06003190000
  11     39.89924000000     0.06701683000
  12     17.64065000000    -0.02593660000
  13      8.35999000000    -0.26747470000
  14      3.95133000000    -0.42697260000
  15      1.71340000000     0.06796405000
  16      0.81086000000     0.71020540000
  17      0.36025000000     0.44180060000
  18      0.04484000000    -0.01186924000
 S 18 
   1  2402654.00000000000    -0.00000022000
   2  359789.79999999999    -0.00000173000
   3  81878.09000000000    -0.00000910000
   4  23190.89000000000    -0.00003844000
   5   7565.21200000000    -0.00013965000
   6   2730.70200000000    -0.00045251000
   7   1064.64000000000    -0.00132038000
   8    441.06050000000    -0.00345841000
   9    191.72690000000    -0.00783686000
  10     86.53774000000    -0.01441517000
  11     39.89924000000    -0.01621648000
  12     17.64065000000     0.00634420000
  13      8.35999000000     0.06740626000
  14      3.95133000000     0.11447400000
  15      1.71340000000    -0.02634477000
  16      0.81086000000    -0.23369890000
  17      0.36025000000    -0.31607540000
  18      0.04484000000     0.56111030000
 S 1 
   1      0.08108000000     1.00000000000
 S 1 
   1      0.02143000000     1.00000000000
 P 12 
   1   4061.28900000000     0.00019799000
   2    962.24650000000     0.00173208000
   3    312.16860000000     0.00953379000
   4    118.71440000000     0.03839012000
   5     49.80670000000     0.11675880000
   6     22.25998000000     0.25626870000
   7     10.28764000000     0.37978080000
   8      4.86115400000     0.30829330000
   9      2.24877300000     0.08592090000
  10      1.03366200000     0.00212067000
  11      0.46413200000     0.00128880000
  12      0.06739000000     0.00014728000
 P 12 
   1   4061.28900000000    -0.00006455000
   2    962.24650000000    -0.00056458000
   3    312.16860000000    -0.00313125000
   4    118.71440000000    -0.01274086000
   5     49.80670000000    -0.03991403000
   6     22.25998000000    -0.09050448000
   7     10.28764000000    -0.14261900000
   8      4.86115400000    -0.10980900000
   9      2.24877300000     0.15162490000
  10      1.03366200000     0.46176410000
  11      0.46413200000     0.43260030000
  12      0.06739000000     0.00252874000
 P 12 
   1   4061.28900000000     0.00001336000
   2    962.24650000000     0.00011852000
   3    312.16860000000     0.00064872000
   4    118.71440000000     0.00267993000
   5     49.80670000000     0.00828513000
   6     22.25998000000     0.01921235000
   7     10.28764000000     0.02954984000
   8      4.86115400000     0.02431232000
   9      2.24877300000    -0.04111230000
  10      1.03366200000    -0.10419760000
  11      0.46413200000    -0.15036540000
  12      0.06739000000     0.59861160000
 P 1 
   1      0.19875000000     1.00000000000
 P 1 
   1      0.02542000000     1.00000000000
 D 4 
   1     16.94623000000     0.01547300000
   2      4.47212000000     0.07887400000
   3      1.43809000000     0.20878000000
   4      0.46699000000     0.33021300000
 D 1 
   1      0.14151000000     1.00000000000
 D 1 
   1      0.04164000000     1.00000000000
 F 1 
   1      0.15090000000     1.00000000000

SCANDIUM
 S 19 
   1  2715278.00000000000     0.00000814720
   2  406598.40000000002     0.00006334790
   3  92530.03999999999     0.00033303840
   4  26207.92000000000     0.00140405500
   5   8549.42900000000     0.00508172500
   6   3085.97500000000     0.01626926000
   7   1203.17200000000     0.04624577000
   8    498.48690000000     0.11372230000
   9    216.73600000000     0.22576360000
  10     97.87476000000     0.31067000000
  11     45.20433000000     0.21919060000
  12     20.21187000000     0.07215879000
  13      9.57475100000     0.11870300000
  14      4.54034600000     0.12205320000
  15      1.99568700000     0.02136795000
  16      0.94221500000    -0.00053572460
  17      0.41784500000     0.00024357740
  18      0.09576100000    -0.00008796620
  19      0.05135100000     0.00007878250
 S 19 
   1  2715278.00000000000    -0.00000472210
   2  406598.40000000002    -0.00003671830
   3  92530.03999999999    -0.00019308830
   4  26207.92000000000    -0.00081468700
   5   8549.42900000000    -0.00295552600
   6   3085.97500000000    -0.00952003500
   7   1203.17200000000    -0.02746858000
   8    498.48690000000    -0.06991528000
   9    216.73600000000    -0.14992510000
  10     97.87476000000    -0.24591530000
  11     45.20433000000    -0.24012930000
  12     20.21187000000     0.03567987000
  13      9.57475100000     0.49150230000
  14      4.54034600000     0.49113810000
  15      1.99568700000     0.09120633000
  16      0.94221500000    -0.00535672300
  17      0.41784500000     0.00088128360
  18      0.09576100000    -0.00076055360
  19      0.05135100000     0.00063401160
 S 19 
   1  2715278.00000000000     0.00000091400
   2  406598.40000000002     0.00000710850
   3  92530.03999999999     0.00003738130
   4  26207.92000000000     0.00015788280
   5   8549.42900000000     0.00057376860
   6   3085.97500000000     0.00185924400
   7   1203.17200000000     0.00543318200
   8    498.48690000000     0.01425387000
   9    216.73600000000     0.03246144000
  10     97.87476000000     0.06003454000
  11     45.20433000000     0.06916105000
  12     20.21187000000    -0.02113084000
  13      9.57475100000    -0.26668320000
  14      4.54034600000    -0.43675910000
  15      1.99568700000     0.06498243000
  16      0.94221500000     0.70095990000
  17      0.41784500000     0.45155620000
  18      0.09576100000     0.03011910000
  19      0.05135100000    -0.01329480000
 S 19 
   1  2715278.00000000000    -0.00000022020
   2  406598.40000000002    -0.00000171140
   3  92530.03999999999    -0.00000900850
   4  26207.92000000000    -0.00003800000
   5   8549.42900000000    -0.00013832270
   6   3085.97500000000    -0.00044736920
   7   1203.17200000000    -0.00131069100
   8    498.48690000000    -0.00342986000
   9    216.73600000000    -0.00784757900
  10     97.87476000000    -0.01447189000
  11     45.20433000000    -0.01690669000
  12     20.21187000000     0.00539611500
  13      9.57475100000     0.06671062000
  14      4.54034600000     0.11783560000
  15      1.99568700000    -0.02738134000
  16      0.94221500000    -0.22601490000
  17      0.41784500000    -0.30735390000
  18      0.09576100000     0.25440540000
  19      0.05135100000     0.59815900000
 S 19 
   1  2715278.00000000000    -0.00000037570
   2  406598.40000000002    -0.00000298190
   3  92530.03999999999    -0.00001522590
   4  26207.92000000000    -0.00006684690
   5   8549.42900000000    -0.00023131290
   6   3085.97500000000    -0.00079597290
   7   1203.17200000000    -0.00216196100
   8    498.48690000000    -0.00620645900
   9    216.73600000000    -0.01261905000
  10     97.87476000000    -0.02739459000
  11     45.20433000000    -0.02336516000
  12     20.21187000000    -0.00573462700
  13      9.57475100000     0.15360250000
  14      4.54034600000     0.14471000000
  15      1.99568700000     0.09359699000
  16      0.94221500000    -0.86877300000
  17      0.41784500000     0.02114597000
  18      0.09576100000     2.27549800000
  19      0.05135100000    -1.19077000000
 S 19 
   1  2715278.00000000000    -0.00000059630
   2  406598.40000000002    -0.00000482290
   3  92530.03999999999    -0.00002395000
   4  26207.92000000000    -0.00010903350
   5   8549.42900000000    -0.00036019440
   6   3085.97500000000    -0.00131123300
   7   1203.17200000000    -0.00332243500
   8    498.48690000000    -0.01037520000
   9    216.73600000000    -0.01892174000
  10     97.87476000000    -0.04755287000
  11     45.20433000000    -0.02931692000
  12     20.21187000000    -0.03090088000
  13      9.57475100000     0.30745970000
  14      4.54034600000     0.18031000000
  15      1.99568700000     0.23581780000
  16      0.94221500000    -2.38854400000
  17      0.41784500000     2.32940700000
  18      0.09576100000     0.99182520000
  19      0.05135100000    -3.50724000000
 S 1 
   1      0.02387800000     1.00000000000
 P 15 
   1  10592.19000000000     0.00004500000
   2   2507.53300000000     0.00040100000
   3    814.45710000000     0.00230200000
   4    311.51950000000     0.01003700000
   5    131.96170000000     0.03495400000
   6     59.98718000000     0.09790900000
   7     28.66250000000     0.21068000000
   8     14.10851000000     0.33009300000
   9      7.10370600000     0.33102700000
  10      3.60920000000     0.15796000000
  11      1.77607000000     0.02209900000
  12      0.85476000000    -0.00160500000
  13      0.40223900000    -0.00132600000
  14      0.15466500000    -0.00028000000
  15      0.06494500000     0.00003400000
 P 15 
   1  10592.19000000000    -0.00001500000
   2   2507.53300000000    -0.00013100000
   3    814.45710000000    -0.00075700000
   4    311.51950000000    -0.00331800000
   5    131.96170000000    -0.01170600000
   6     59.98718000000    -0.03360400000
   7     28.66250000000    -0.07487900000
   8     14.10851000000    -0.12254800000
   9      7.10370600000    -0.13027600000
  10      3.60920000000     0.01459600000
  11      1.77607000000     0.30918400000
  12      0.85476000000     0.46299800000
  13      0.40223900000     0.30495700000
  14      0.15466500000     0.05087800000
  15      0.06494500000    -0.00449300000
 P 15 
   1  10592.19000000000    -0.00000400000
   2   2507.53300000000    -0.00003200000
   3    814.45710000000    -0.00018500000
   4    311.51950000000    -0.00080800000
   5    131.96170000000    -0.00287000000
   6     59.98718000000    -0.00820700000
   7     28.66250000000    -0.01847300000
   8     14.10851000000    -0.03010100000
   9      7.10370600000    -0.03294300000
  10      3.60920000000     0.00795800000
  11      1.77607000000     0.08799300000
  12      0.85476000000     0.15237700000
  13      0.40223900000     0.09717000000
  14      0.15466500000    -0.25693800000
  15      0.06494500000    -0.58781500000
 P 15 
   1  10592.19000000000     0.00000400000
   2   2507.53300000000     0.00003900000
   3    814.45710000000     0.00022100000
   4    311.51950000000     0.00098400000
   5    131.96170000000     0.00342300000
   6     59.98718000000     0.00999300000
   7     28.66250000000     0.02191600000
   8     14.10851000000     0.03700800000
   9      7.10370600000     0.03779400000
  10      3.60920000000    -0.00437900000
  11      1.77607000000    -0.11016400000
  12      0.85476000000    -0.16101700000
  13      0.40223900000    -0.18248200000
  14      0.15466500000     0.38861100000
  15      0.06494500000     0.69110000000
 P 15 
   1  10592.19000000000     0.00000900000
   2   2507.53300000000     0.00007400000
   3    814.45710000000     0.00047900000
   4    311.51950000000     0.00186900000
   5    131.96170000000     0.00742400000
   6     59.98718000000     0.01876300000
   7     28.66250000000     0.04871700000
   8     14.10851000000     0.06544000000
   9      7.10370600000     0.10794800000
  10      3.60920000000    -0.05871300000
  11      1.77607000000    -0.17030600000
  12      0.85476000000    -0.75497700000
  13      0.40223900000     0.62011700000
  14      0.15466500000     1.16754800000
  15      0.06494500000    -1.00953100000
 P 1 
   1      0.02635900000     1.00000000000
 D 7 
   1     50.51380000000     0.00426600000
   2     14.74050000000     0.02770800000
   3      5.19500000000     0.10000100000
   4      2.02846000000     0.23158100000
   5      0.80408600000     0.34603300000
   6      0.30768900000     0.37337400000
   7      0.11139200000     0.26428800000
 D 7 
   1     50.51380000000    -0.00438900000
   2     14.74050000000    -0.02836300000
   3      5.19500000000    -0.10513700000
   4      2.02846000000    -0.23485400000
   5      0.80408600000    -0.32460900000
   6      0.30768900000    -0.06428900000
   7      0.11139200000     0.60174900000
 D 7 
   1     50.51380000000     0.00585900000
   2     14.74050000000     0.03732300000
   3      5.19500000000     0.14192400000
   4      2.02846000000     0.30689600000
   5      0.80408600000     0.30818900000
   6      0.30768900000    -0.76071700000
   7      0.11139200000    -0.20477500000
 D 1 
   1      0.03735200000     1.00000000000
 F 1 
   1      0.72670000000     1.00000000000
 F 1 
   1      0.16650000000     1.00000000000
 G 1 
   1      0.41870000000     1.00000000000

TITANIUM
 S 19 
   1  3014643.00000000000     0.00000806080
   2  451432.90000000002     0.00006267520
   3  102733.80000000000     0.00032950060
   4  29098.17000000000     0.00138920300
   5   9492.33000000000     0.00502846900
   6   3426.34600000000     0.01610419000
   7   1335.89600000000     0.04581232000
   8    553.50260000000     0.11286130000
   9    240.69250000000     0.22481930000
  10    108.72930000000     0.31145710000
  11     50.26457000000     0.22249950000
  12     22.58004000000     0.07293128000
  13     10.71432000000     0.11606830000
  14      5.09354600000     0.11947740000
  15      2.24418300000     0.02097868000
  16      1.05957000000    -0.00050917150
  17      0.46884900000     0.00022178590
  18      0.10614300000    -0.00007636900
  19      0.05526200000     0.00007719540
 S 19 
   1  3014643.00000000000    -0.00000463050
   2  451432.90000000002    -0.00003600450
   3  102733.80000000000    -0.00018934200
   4  29098.17000000000    -0.00079887810
   5   9492.33000000000    -0.00289869800
   6   3426.34600000000    -0.00933970100
   7   1335.89600000000    -0.02697464000
   8    553.50260000000    -0.06878913000
   9    240.69250000000    -0.14810370000
  10    108.72930000000    -0.24452530000
  11     50.26457000000    -0.24199160000
  12     22.58004000000     0.03183790000
  13     10.71432000000     0.49326860000
  14      5.09354600000     0.49396550000
  15      2.24418300000     0.09196313000
  16      1.05957000000    -0.00531699200
  17      0.46884900000     0.00080856240
  18      0.10614300000    -0.00069184590
  19      0.05526200000     0.00060865120
 S 19 
   1  3014643.00000000000     0.00000092310
   2  451432.90000000002     0.00000717900
   3  102733.80000000000     0.00003775130
   4  29098.17000000000     0.00015945320
   5   9492.33000000000     0.00057951500
   6   3426.34600000000     0.00187841400
   7   1335.89600000000     0.00549274700
   8    553.50260000000     0.01443297000
   9    240.69250000000     0.03296408000
  10    108.72930000000     0.06125493000
  11     50.26457000000     0.07134113000
  12     22.58004000000    -0.01973150000
  13     10.71432000000    -0.27418690000
  14      5.09354600000    -0.44409770000
  15      2.24418300000     0.07776084000
  16      1.05957000000     0.70684440000
  17      0.46884900000     0.44138920000
  18      0.10614300000     0.02799769000
  19      0.05526200000    -0.01210790000
 S 19 
   1  3014643.00000000000    -0.00000021800
   2  451432.90000000002    -0.00000169490
   3  102733.80000000000    -0.00000891920
   4  29098.17000000000    -0.00003763630
   5   9492.33000000000    -0.00013695750
   6   3426.34600000000    -0.00044328940
   7   1335.89600000000    -0.00129886800
   8    553.50260000000    -0.00340675200
   9    240.69250000000    -0.00781082900
  10    108.72930000000    -0.01449245000
  11     50.26457000000    -0.01708136000
  12     22.58004000000     0.00489766600
  13     10.71432000000     0.06753108000
  14      5.09354600000     0.11733180000
  15      2.24418300000    -0.02985025000
  16      1.05957000000    -0.22776340000
  17      0.46884900000    -0.29281150000
  18      0.10614300000     0.26653000000
  19      0.05526200000     0.59124060000
 S 19 
   1  3014643.00000000000    -0.00000039750
   2  451432.90000000002    -0.00000316110
   3  102733.80000000000    -0.00001609380
   4  29098.17000000000    -0.00007092950
   5   9492.33000000000    -0.00024427100
   6   3426.34600000000    -0.00084578920
   7   1335.89600000000    -0.00228220800
   8    553.50260000000    -0.00661987300
   9    240.69250000000    -0.01335024000
  10    108.72930000000    -0.02955830000
  11     50.26457000000    -0.02477039000
  12     22.58004000000    -0.00841462400
  13     10.71432000000     0.16938550000
  14      5.09354600000     0.15007870000
  15      2.24418300000     0.09787777000
  16      1.05957000000    -0.96536080000
  17      0.46884900000     0.14897210000
  18      0.10614300000     2.19117900000
  19      0.05526200000    -1.24332500000
 S 19 
   1  3014643.00000000000    -0.00000063020
   2  451432.90000000002    -0.00000508460
   3  102733.80000000000    -0.00002534480
   4  29098.17000000000    -0.00011482600
   5   9492.33000000000    -0.00038174970
   6   3426.34600000000    -0.00137964500
   7   1335.89600000000    -0.00353166600
   8    553.50260000000    -0.01092225000
   9    240.69250000000    -0.02029554000
  10    108.72930000000    -0.05024404000
  11     50.26457000000    -0.03316309000
  12     22.58004000000    -0.03098063000
  13     10.71432000000     0.32446730000
  14      5.09354600000     0.21556890000
  15      2.24418300000     0.14996160000
  16      1.05957000000    -2.42074100000
  17      0.46884900000     2.53087400000
  18      0.10614300000     0.34236000000
  19      0.05526200000    -2.73372200000
 S 1 
   1      0.02546500000     1.00000000000
 P 15 
   1  11912.03000000000     0.00004400000
   2   2819.94700000000     0.00039100000
   3    915.94790000000     0.00224800000
   4    350.38420000000     0.00982300000
   5    148.48250000000     0.03433800000
   6     67.53944000000     0.09666600000
   7     32.30332000000     0.20941700000
   8     15.92786000000     0.33018900000
   9      8.03803500000     0.33193600000
  10      4.09391600000     0.15848800000
  11      2.02239000000     0.02231000000
  12      0.97610200000    -0.00156600000
  13      0.45959500000    -0.00132400000
  14      0.17715200000    -0.00027100000
  15      0.07351700000     0.00003200000
 P 15 
   1  11912.03000000000    -0.00001500000
   2   2819.94700000000    -0.00013100000
   3    915.94790000000    -0.00075500000
   4    350.38420000000    -0.00331900000
   5    148.48250000000    -0.01175000000
   6     67.53944000000    -0.03392200000
   7     32.30332000000    -0.07616400000
   8     15.92786000000    -0.12570200000
   9      8.03803500000    -0.13309800000
  10      4.09391600000     0.01740600000
  11      2.02239000000     0.31516500000
  12      0.97610200000     0.46181400000
  13      0.45959500000     0.29985600000
  14      0.17715200000     0.05000000000
  15      0.07351700000    -0.00423000000
 P 15 
   1  11912.03000000000     0.00000400000
   2   2819.94700000000     0.00003100000
   3    915.94790000000     0.00018200000
   4    350.38420000000     0.00079500000
   5    148.48250000000     0.00283300000
   6     67.53944000000     0.00815400000
   7     32.30332000000     0.01847200000
   8     15.92786000000     0.03040000000
   9      8.03803500000     0.03304700000
  10      4.09391600000    -0.00825100000
  11      2.02239000000    -0.08855400000
  12      0.97610200000    -0.14961200000
  13      0.45959500000    -0.09422700000
  14      0.17715200000     0.25084600000
  15      0.07351700000     0.58664300000
 P 15 
   1  11912.03000000000     0.00000400000
   2   2819.94700000000     0.00003900000
   3    915.94790000000     0.00022300000
   4    350.38420000000     0.00099200000
   5    148.48250000000     0.00347600000
   6     67.53944000000     0.01017200000
   7     32.30332000000     0.02257600000
   8     15.92786000000     0.03823800000
   9      8.03803500000     0.03933700000
  10      4.09391600000    -0.00610600000
  11      2.02239000000    -0.11296200000
  12      0.97610200000    -0.16811400000
  13      0.45959500000    -0.16593200000
  14      0.17715200000     0.39140300000
  15      0.07351700000     0.68184000000
 P 15 
   1  11912.03000000000     0.00000900000
   2   2819.94700000000     0.00007300000
   3    915.94790000000     0.00046800000
   4    350.38420000000     0.00185600000
   5    148.48250000000     0.00729300000
   6     67.53944000000     0.01885600000
   7     32.30332000000     0.04840500000
   8     15.92786000000     0.06737800000
   9      8.03803500000     0.10454100000
  10      4.09391600000    -0.05376000000
  11      2.02239000000    -0.19174900000
  12      0.97610200000    -0.69472000000
  13      0.45959500000     0.56016200000
  14      0.17715200000     1.18133600000
  15      0.07351700000    -0.99327200000
 P 1 
   1      0.02940100000     1.00000000000
 D 7 
   1     64.01300000000     0.00388700000
   2     18.81790000000     0.02639900000
   3      6.72870000000     0.09751100000
   4      2.66413000000     0.23284800000
   5      1.07868000000     0.35315200000
   6      0.42320900000     0.37218600000
   7      0.15599900000     0.24767200000
 D 7 
   1     64.01300000000    -0.00397000000
   2     18.81790000000    -0.02687300000
   3      6.72870000000    -0.10227500000
   4      2.66413000000    -0.23772800000
   5      1.07868000000    -0.31211400000
   6      0.42320900000    -0.04237800000
   7      0.15599900000     0.58865800000
 D 7 
   1     64.01300000000     0.00641800000
   2     18.81790000000     0.04380900000
   3      6.72870000000     0.17232500000
   4      2.66413000000     0.37533200000
   5      1.07868000000     0.22494700000
   6      0.42320900000    -0.79190700000
   7      0.15599900000    -0.10442800000
 D 1 
   1      0.05188400000     1.00000000000
 F 1 
   1      1.24830000000     1.00000000000
 F 1 
   1      0.28360000000     1.00000000000
 G 1 
   1      0.72510000000     1.00000000000

VANADIUM
 S 19 
   1  3321857.00000000000     0.00000804000
   2  497435.59999999998     0.00006251400
   3  113202.70000000000     0.00032865530
   4  32063.33000000000     0.00138569700
   5  10459.62000000000     0.00501621700
   6   3775.50600000000     0.01606931000
   7   1472.04000000000     0.04574242000
   8    609.93310000000     0.11285440000
   9    265.26340000000     0.22543440000
  10    119.86070000000     0.31404610000
  11     55.44891000000     0.22678190000
  12     24.98372000000     0.07334069000
  13     11.88056000000     0.11024740000
  14      5.66031100000     0.11313580000
  15      2.49570300000     0.01971295000
  16      1.17786600000    -0.00047190880
  17      0.52004400000     0.00018616060
  18      0.11596500000    -0.00006208600
  19      0.05893800000     0.00007295310
 S 19 
   1  3321857.00000000000    -0.00000450300
   2  497435.59999999998    -0.00003501300
   3  113202.70000000000    -0.00018413390
   4  32063.33000000000    -0.00077692160
   5  10459.62000000000    -0.00281950500
   6   3775.50600000000    -0.00908748600
   7   1472.04000000000    -0.02627134000
   8    609.93310000000    -0.06712726000
   9    265.26340000000    -0.14511300000
  10    119.86070000000    -0.24124830000
  11     55.44891000000    -0.24163140000
  12     24.98372000000     0.03067362000
  13     11.88056000000     0.49704150000
  14      5.66031100000     0.49588750000
  15      2.49570300000     0.09181868000
  16      1.17786600000    -0.00539251400
  17      0.52004400000     0.00071023800
  18      0.11596500000    -0.00063631280
  19      0.05893800000     0.00059799320
 S 19 
   1  3321857.00000000000     0.00000093210
   2  497435.59999999998     0.00000724930
   3  113202.70000000000     0.00003811970
   4  32063.33000000000     0.00016102380
   5  10459.62000000000     0.00058522100
   6   3775.50600000000     0.00189750200
   7   1472.04000000000     0.00555090900
   8    609.93310000000     0.01460584000
   9    265.26340000000     0.03342974000
  10    119.86070000000     0.06235722000
  11     55.44891000000     0.07312435000
  12     24.98372000000    -0.01911472000
  13     11.88056000000    -0.28172490000
  14      5.66031100000    -0.44881510000
  15      2.49570300000     0.09202696000
  16      1.17786600000     0.71101170000
  17      0.52004400000     0.43092740000
  18      0.11596500000     0.02604589000
  19      0.05893800000    -0.01101049000
 S 19 
   1  3321857.00000000000    -0.00000021590
   2  497435.59999999998    -0.00000167850
   3  113202.70000000000    -0.00000883120
   4  32063.33000000000    -0.00003727770
   5  10459.62000000000    -0.00013560990
   6   3775.50600000000    -0.00043923510
   7   1472.04000000000    -0.00128694800
   8    609.93310000000    -0.00338214900
   9    265.26340000000    -0.00776564600
  10    119.86070000000    -0.01447985000
  11     55.44891000000    -0.01715502000
  12     24.98372000000     0.00461010100
  13     11.88056000000     0.06827831000
  14      5.66031100000     0.11613680000
  15      2.49570300000    -0.03277049000
  16      1.17786600000    -0.22800000000
  17      0.52004400000    -0.27939910000
  18      0.11596500000     0.27711650000
  19      0.05893800000     0.58529990000
 S 19 
   1  3321857.00000000000    -0.00000040930
   2  497435.59999999998    -0.00000325900
   3  113202.70000000000    -0.00001656390
   4  32063.33000000000    -0.00007316690
   5  10459.62000000000    -0.00025127840
   6   3775.50600000000    -0.00087326570
   7   1472.04000000000    -0.00234765400
   8    609.93310000000    -0.00685315000
   9    265.26340000000    -0.01376420000
  10    119.86070000000    -0.03084679000
  11     55.44891000000    -0.02562208000
  12     24.98372000000    -0.01005123000
  13     11.88056000000     0.17953300000
  14      5.66031100000     0.15224000000
  15      2.49570300000     0.09483887000
  16      1.17786600000    -1.01487600000
  17      0.52004400000     0.23088100000
  18      0.11596500000     2.11332100000
  19      0.05893800000    -1.25304800000
 S 19 
   1  3321857.00000000000    -0.00000065400
   2  497435.59999999998    -0.00000526740
   3  113202.70000000000    -0.00002632090
   4  32063.33000000000    -0.00011887190
   5  10459.62000000000    -0.00039685520
   6   3775.50600000000    -0.00142746000
   7   1472.04000000000    -0.00367918100
   8    609.93310000000    -0.01130774000
   9    265.26340000000    -0.02128221000
  10    119.86070000000    -0.05218271000
  11     55.44891000000    -0.03599014000
  12     24.98372000000    -0.03088759000
  13     11.88056000000     0.33806570000
  14      5.66031100000     0.23895590000
  15      2.49570300000     0.07609068000
  16      1.17786600000    -2.40811300000
  17      0.52004400000     2.63359200000
  18      0.11596500000    -0.05358510000
  19      0.05893800000    -2.23013500000
 S 1 
   1      0.02694600000     1.00000000000
 P 15 
   1  13273.20000000000     0.00004300000
   2   3142.12600000000     0.00038400000
   3   1020.58800000000     0.00221000000
   4    390.44070000000     0.00967800000
   5    165.50430000000     0.03393600000
   6     75.32006000000     0.09591700000
   7     36.05503000000     0.20885300000
   8     17.80436000000     0.33066000000
   9      9.00292900000     0.33231200000
  10      4.59454400000     0.15818800000
  11      2.27676000000     0.02225200000
  12      1.10117800000    -0.00156500000
  13      0.51863800000    -0.00135300000
  14      0.20056500000    -0.00026500000
  15      0.08129100000     0.00002900000
 P 15 
   1  13273.20000000000    -0.00001500000
   2   3142.12600000000    -0.00013100000
   3   1020.58800000000    -0.00075500000
   4    390.44070000000    -0.00332500000
   5    165.50430000000    -0.01181100000
   6     75.32006000000    -0.03425600000
   7     36.05503000000    -0.07736300000
   8     17.80436000000    -0.12845600000
   9      9.00292900000    -0.13507800000
  10      4.59454400000     0.02083800000
  11      2.27676000000     0.32049900000
  12      1.10117800000     0.46026000000
  13      0.51863800000     0.29534600000
  14      0.20056500000     0.04904600000
  15      0.08129100000    -0.00382400000
 P 15 
   1  13273.20000000000     0.00000400000
   2   3142.12600000000     0.00003200000
   3   1020.58800000000     0.00018300000
   4    390.44070000000     0.00080200000
   5    165.50430000000     0.00286200000
   6     75.32006000000     0.00828700000
   7     36.05503000000     0.01887000000
   8     17.80436000000     0.03130700000
   9      9.00292900000     0.03366000000
  10      4.59454400000    -0.00947900000
  11      2.27676000000    -0.09231300000
  12      1.10117800000    -0.14898900000
  13      0.51863800000    -0.08364400000
  14      0.20056500000     0.24933900000
  15      0.08129100000     0.58051500000
 P 15 
   1  13273.20000000000     0.00000400000
   2   3142.12600000000     0.00003900000
   3   1020.58800000000     0.00022300000
   4    390.44070000000     0.00099600000
   5    165.50430000000     0.00349800000
   6     75.32006000000     0.01029600000
   7     36.05503000000     0.02296200000
   8     17.80436000000     0.03920800000
   9      9.00292900000     0.03994300000
  10      4.59454400000    -0.00712100000
  11      2.27676000000    -0.11622500000
  12      1.10117800000    -0.16949600000
  13      0.51863800000    -0.15537400000
  14      0.20056500000     0.39502200000
  15      0.08129100000     0.67890800000
 P 15 
   1  13273.20000000000     0.00000900000
   2   3142.12600000000     0.00007500000
   3   1020.58800000000     0.00047900000
   4    390.44070000000     0.00190600000
   5    165.50430000000     0.00751200000
   6     75.32006000000     0.01953000000
   7     36.05503000000     0.05040200000
   8     17.80436000000     0.07068500000
   9      9.00292900000     0.10877500000
  10      4.59454400000    -0.05853600000
  11      2.27676000000    -0.21544800000
  12      1.10117800000    -0.67734200000
  13      0.51863800000     0.58597900000
  14      0.20056500000     1.12910800000
  15      0.08129100000    -0.97405100000
 P 1 
   1      0.03179500000     1.00000000000
 D 7 
   1     77.61150000000     0.00359500000
   2     22.91590000000     0.02521000000
   3      8.27954000000     0.09478600000
   4      3.30993000000     0.23036300000
   5      1.35863000000     0.35289400000
   6      0.54135000000     0.37041400000
   7      0.20235600000     0.24571800000
 D 7 
   1     77.61150000000    -0.00381800000
   2     22.91590000000    -0.02671700000
   3      8.27954000000    -0.10369000000
   4      3.30993000000    -0.24768900000
   5      1.35863000000    -0.31152300000
   6      0.54135000000    -0.02282700000
   7      0.20235600000     0.56972600000
 D 7 
   1     77.61150000000     0.00600100000
   2     22.91590000000     0.04220600000
   3      8.27954000000     0.17075100000
   4      3.30993000000     0.38551800000
   5      1.35863000000     0.20620400000
   6      0.54135000000    -0.77866900000
   7      0.20235600000    -0.11472100000
 D 1 
   1      0.06756800000     1.00000000000
 F 1 
   1      1.77490000000     1.00000000000
 F 1 
   1      0.41250000000     1.00000000000
 G 1 
   1      1.13680000000     1.00000000000

CHROMIUM
 S 19 
   1  6177194.00000000000     0.00000412870
   2  924929.50000000000     0.00003210770
   3  210486.50000000000     0.00016884160
   4  59620.05000000000     0.00071285200
   5  19450.76000000000     0.00258932500
   6   7022.05600000000     0.00837735000
   7   2738.76300000000     0.02441725000
   8   1135.81400000000     0.06365135000
   9    495.09230000000     0.14276180000
  10    224.74870000000     0.25412750000
  11    105.38360000000     0.30095120000
  12     50.19359000000     0.17665130000
  13     22.24957000000     0.06936709000
  14     10.98265000000     0.11795790000
  15      5.38366500000     0.08916187000
  16      2.34368500000     0.01103630000
  17      1.10520200000    -0.00035460480
  18      0.48784800000     0.00010573110
  19      0.08959900000     0.00001114640
 S 19 
   1  6177194.00000000000    -0.00000230180
   2  924929.50000000000    -0.00001789540
   3  210486.50000000000    -0.00009416170
   4  59620.05000000000    -0.00039750740
   5  19450.76000000000    -0.00144702500
   6   7022.05600000000    -0.00469462200
   7   2738.76300000000    -0.01382387000
   8   1135.81400000000    -0.03674643000
   9    495.09230000000    -0.08647185000
  10    224.74870000000    -0.16967350000
  11    105.38360000000    -0.25070890000
  12     50.19359000000    -0.19611560000
  13     22.24957000000     0.14572440000
  14     10.98265000000     0.54667060000
  15      5.38366500000     0.39794340000
  16      2.34368500000     0.05277007000
  17      1.10520200000    -0.00437453700
  18      0.48784800000     0.00032040350
  19      0.08959900000    -0.00005142080
 S 19 
   1  6177194.00000000000     0.00000048630
   2  924929.50000000000     0.00000377660
   3  210486.50000000000     0.00001990660
   4  59620.05000000000     0.00008389160
   5  19450.76000000000     0.00030657060
   6   7022.05600000000     0.00099441070
   7   2738.76300000000     0.00296195900
   8   1135.81400000000     0.00796947300
   9    495.09230000000     0.01955017000
  10    224.74870000000     0.04085035000
  11    105.38360000000     0.06929003000
  12     50.19359000000     0.06146984000
  13     22.24957000000    -0.06981302000
  14     10.98265000000    -0.35175970000
  15      5.38366500000    -0.38286290000
  16      2.34368500000     0.26764010000
  17      1.10520200000     0.71759500000
  18      0.48784800000     0.30208140000
  19      0.08959900000     0.00774951400
 S 19 
   1  6177194.00000000000    -0.00000011020
   2  924929.50000000000    -0.00000085300
   3  210486.50000000000    -0.00000452040
   4  59620.05000000000    -0.00001891610
   5  19450.76000000000    -0.00006974340
   6   7022.05600000000    -0.00022378670
   7   2738.76300000000    -0.00067545030
   8   1135.81400000000    -0.00178934600
   9    495.09230000000    -0.00447785800
  10    224.74870000000    -0.00914014400
  11    105.38360000000    -0.01610562000
  12     50.19359000000    -0.01334870000
  13     22.24957000000     0.01426027000
  14     10.98265000000     0.08931690000
  15      5.38366500000     0.08885279000
  16      2.34368500000    -0.06368776000
  17      1.10520200000    -0.27832620000
  18      0.48784800000    -0.18300710000
  19      0.08959900000     0.67909370000
 S 19 
   1  6177194.00000000000     0.00000021800
   2  924929.50000000000     0.00000161290
   3  210486.50000000000     0.00000911180
   4  59620.05000000000     0.00003500650
   5  19450.76000000000     0.00014353150
   6   7022.05600000000     0.00040358960
   7   2738.76300000000     0.00142517700
   8   1135.81400000000     0.00311400900
   9    495.09230000000     0.00981444900
  10    224.74870000000     0.01474698000
  11    105.38360000000     0.03911512000
  12     50.19359000000     0.00917088800
  13     22.24957000000     0.01559878000
  14     10.98265000000    -0.28168440000
  15      5.38366500000    -0.00689526100
  16      2.34368500000    -0.17697810000
  17      1.10520200000     1.44306100000
  18      0.48784800000    -1.02931800000
  19      0.08959900000    -1.30766700000
 S 19 
   1  6177194.00000000000    -0.00000036690
   2  924929.50000000000    -0.00000276840
   3  210486.50000000000    -0.00001521010
   4  59620.05000000000    -0.00006066290
   5  19450.76000000000    -0.00023749590
   6   7022.05600000000    -0.00070770710
   7   2738.76300000000    -0.00233438900
   8   1135.81400000000    -0.00555506200
   9    495.09230000000    -0.01585142000
  10    224.74870000000    -0.02737888000
  11    105.38360000000    -0.06106975000
  12     50.19359000000    -0.02887227000
  13     22.24957000000     0.00681371400
  14     10.98265000000     0.43276700000
  15      5.38366500000     0.19684100000
  16      2.34368500000    -0.37646570000
  17      1.10520200000    -2.05247300000
  18      0.48784800000     2.97574100000
  19      0.08959900000    -2.21170500000
 S 1 
   1      0.03342300000     1.00000000000
 P 15 
   1  14454.20000000000     0.00004400000
   2   3421.67600000000     0.00038900000
   3   1111.38700000000     0.00224100000
   4    425.19180000000     0.00982100000
   5    180.26230000000     0.03447100000
   6     82.06117000000     0.09746000000
   7     39.29726000000     0.21198500000
   8     19.41959000000     0.33399000000
   9      9.82889900000     0.33013700000
  10      5.01681000000     0.15222700000
  11      2.48709100000     0.02042500000
  12      1.19878000000    -0.00136000000
  13      0.55869500000    -0.00119500000
  14      0.20892400000    -0.00019700000
  15      0.08460800000     0.00002300000
 P 15 
   1  14454.20000000000    -0.00001500000
   2   3421.67600000000    -0.00013500000
   3   1111.38700000000    -0.00077700000
   4    425.19180000000    -0.00342700000
   5    180.26230000000    -0.01218900000
   6     82.06117000000    -0.03538800000
   7     39.29726000000    -0.07991500000
   8     19.41959000000    -0.13233500000
   9      9.82889900000    -0.13540100000
  10      5.01681000000     0.03200800000
  11      2.48709100000     0.33384900000
  12      1.19878000000     0.46177300000
  13      0.55869500000     0.28129000000
  14      0.20892400000     0.04184300000
  15      0.08460800000    -0.00400200000
 P 15 
   1  14454.20000000000     0.00000400000
   2   3421.67600000000     0.00003200000
   3   1111.38700000000     0.00018500000
   4    425.19180000000     0.00081000000
   5    180.26230000000     0.00290600000
   6     82.06117000000     0.00839100000
   7     39.29726000000     0.01919300000
   8     19.41959000000     0.03156400000
   9      9.82889900000     0.03341700000
  10      5.01681000000    -0.01290700000
  11      2.48709100000    -0.09365900000
  12      1.19878000000    -0.14997700000
  13      0.55869500000    -0.06723400000
  14      0.20892400000     0.27075900000
  15      0.08460800000     0.57580700000
 P 15 
   1  14454.20000000000     0.00000400000
   2   3421.67600000000     0.00004000000
   3   1111.38700000000     0.00022900000
   4    425.19180000000     0.00101900000
   5    180.26230000000     0.00360200000
   6     82.06117000000     0.01055000000
   7     39.29726000000     0.02370200000
   8     19.41959000000     0.03998800000
   9      9.82889900000     0.04043700000
  10      5.01681000000    -0.01207400000
  11      2.48709100000    -0.11893900000
  12      1.19878000000    -0.17810000000
  13      0.55869500000    -0.12386500000
  14      0.20892400000     0.42972200000
  15      0.08460800000     0.65078600000
 P 15 
   1  14454.20000000000     0.00001000000
   2   3421.67600000000     0.00007900000
   3   1111.38700000000     0.00051200000
   4    425.19180000000     0.00202300000
   5    180.26230000000     0.00805500000
   6     82.06117000000     0.02077200000
   7     39.29726000000     0.05422400000
   8     19.41959000000     0.07468500000
   9      9.82889900000     0.11598900000
  10      5.01681000000    -0.07658400000
  11      2.48709100000    -0.24393100000
  12      1.19878000000    -0.68018100000
  13      0.55869500000     0.73366400000
  14      0.20892400000     0.99912000000
  15      0.08460800000    -1.01708100000
 P 1 
   1      0.03325800000     1.00000000000
 D 7 
   1     88.57680000000     0.00362100000
   2     26.20450000000     0.02576600000
   3      9.51747000000     0.09755600000
   4      3.82248000000     0.23631200000
   5      1.57512000000     0.35828600000
   6      0.62892800000     0.36854300000
   7      0.23442400000     0.23549400000
 D 7 
   1     88.57680000000    -0.00412200000
   2     26.20450000000    -0.02930700000
   3      9.51747000000    -0.11506200000
   4      3.82248000000    -0.27306800000
   5      1.57512000000    -0.31442300000
   6      0.62892800000     0.04209700000
   7      0.23442400000     0.59140300000
 D 7 
   1     88.57680000000     0.00595400000
   2     26.20450000000     0.04253200000
   3      9.51747000000     0.17451100000
   4      3.82248000000     0.39390000000
   5      1.57512000000     0.14927900000
   6      0.62892800000    -0.81024500000
   7      0.23442400000     0.01091100000
 D 1 
   1      0.07681500000     1.00000000000
 F 1 
   1      2.25100000000     1.00000000000
 F 1 
   1      0.53150000000     1.00000000000
 G 1 
   1      1.44590000000     1.00000000000

MANGANESE
 S 19 
   1  3960805.00000000000     0.00000824210
   2  593115.50000000000     0.00006408590
   3  134976.79999999999     0.00033692530
   4  38230.67000000000     0.00142064800
   5  12471.54000000000     0.00514368300
   6   4501.74300000000     0.01648569000
   7   1755.21200000000     0.04698560000
   8    727.30390000000     0.11624370000
   9    316.36780000000     0.23352770000
  10    143.00980000000     0.32928370000
  11     66.21805000000     0.24403040000
  12     29.91896000000     0.07219806000
  13     14.30318000000     0.07687806000
  14      6.83945100000     0.07852235000
  15      3.01237400000     0.01294109000
  16      1.41880800000    -0.00037848730
  17      0.62362400000    -0.00002503200
  18      0.13409800000    -0.00002421520
  19      0.06554800000     0.00003462070
 S 19 
   1  3960805.00000000000    -0.00000393610
   2  593115.50000000000    -0.00003060480
   3  134976.79999999999    -0.00016096260
   4  38230.67000000000    -0.00067923480
   5  12471.54000000000    -0.00246618200
   6   4501.74300000000    -0.00795762900
   7   1755.21200000000    -0.02307248000
   8    727.30390000000    -0.05932956000
   9    316.36780000000    -0.12994510000
  10    143.00980000000    -0.22123520000
  11     66.21805000000    -0.22925500000
  12     29.91896000000     0.03580733000
  13     14.30318000000     0.51076020000
  14      6.83945100000     0.50083070000
  15      3.01237400000     0.09011830000
  16      1.41880800000    -0.00690990900
  17      0.62362400000    -0.00019129250
  18      0.13409800000    -0.00060323120
  19      0.06554800000     0.00056216080
 S 19 
   1  3960805.00000000000     0.00000094630
   2  593115.50000000000     0.00000736060
   3  134976.79999999999     0.00003869940
   4  38230.67000000000     0.00016351100
   5  12471.54000000000     0.00059417750
   6   4501.74300000000     0.00192773700
   7   1755.21200000000     0.00564173100
   8    727.30390000000     0.01487848000
   9    316.36780000000     0.03414783000
  10    143.00980000000     0.06405794000
  11     66.21805000000     0.07557659000
  12     29.91896000000    -0.01946070000
  13     14.30318000000    -0.29578740000
  14      6.83945100000    -0.45211700000
  15      3.01237400000     0.12245310000
  16      1.41880800000     0.71697560000
  17      0.62362400000     0.40927120000
  18      0.13409800000     0.02221969000
  19      0.06554800000    -0.00901120200
 S 19 
   1  3960805.00000000000    -0.00000020950
   2  593115.50000000000    -0.00000162940
   3  134976.79999999999    -0.00000857060
   4  38230.67000000000    -0.00003619270
   5  12471.54000000000    -0.00013161460
   6   4501.74300000000    -0.00042668100
   7   1755.21200000000    -0.00125027000
   8    727.30390000000    -0.00329466500
   9    316.36780000000    -0.00758186000
  10    143.00980000000    -0.01422864000
  11     66.21805000000    -0.01693796000
  12     29.91896000000     0.00445429800
  13     14.30318000000     0.06867042000
  14      6.83945100000     0.11133350000
  15      3.01237400000    -0.03900820000
  16      1.41880800000    -0.22157550000
  17      0.62362400000    -0.25443590000
  18      0.13409800000     0.28658660000
  19      0.06554800000     0.57557410000
 S 19 
   1  3960805.00000000000    -0.00000041210
   2  593115.50000000000    -0.00000328210
   3  134976.79999999999    -0.00001667430
   4  38230.67000000000    -0.00007370000
   5  12471.54000000000    -0.00025294950
   6   4501.74300000000    -0.00088014250
   7   1755.21200000000    -0.00236548200
   8    727.30390000000    -0.00692635400
   9    316.36780000000    -0.01393851000
  10    143.00980000000    -0.03143840000
  11     66.21805000000    -0.02625749000
  12     29.91896000000    -0.01048313000
  13     14.30318000000     0.18564720000
  14      6.83945100000     0.15248390000
  15      3.01237400000     0.07411368000
  16      1.41880800000    -1.01809700000
  17      0.62362400000     0.29803720000
  18      0.13409800000     1.97198900000
  19      0.06554800000    -1.17925300000
 S 19 
   1  3960805.00000000000    -0.00000068050
   2  593115.50000000000    -0.00000546050
   3  134976.79999999999    -0.00002743890
   4  38230.67000000000    -0.00012302910
   5  12471.54000000000    -0.00041462690
   6   4501.74300000000    -0.00147515100
   7   1755.21200000000    -0.00385914000
   8    727.30390000000    -0.01168405000
   9    316.36780000000    -0.02257185000
  10    143.00980000000    -0.05399759000
  11     66.21805000000    -0.04032351000
  12     29.91896000000    -0.02742526000
  13     14.30318000000     0.34855930000
  14      6.83945100000     0.27578180000
  15      3.01237400000    -0.05499812000
  16      1.41880800000    -2.29254500000
  17      0.62362400000     2.63564400000
  18      0.13409800000    -0.33791130000
  19      0.06554800000    -1.78960700000
 S 1 
   1      0.02958400000     1.00000000000
 P 15 
   1  16205.86000000000     0.00004200000
   2   3836.27400000000     0.00037300000
   3   1246.04800000000     0.00214900000
   4    476.75350000000     0.00944500000
   5    202.18950000000     0.03329700000
   6     92.09487000000     0.09475900000
   7     44.14720000000     0.20814400000
   8     21.85468000000     0.33180500000
   9     11.08596000000     0.33317500000
  10      5.67410800000     0.15760100000
  11      2.82317000000     0.02144500000
  12      1.36862100000    -0.00255800000
  13      0.64443100000    -0.00202700000
  14      0.24838200000    -0.00036000000
  15      0.09725500000     0.00003400000
 P 15 
   1  16205.86000000000    -0.00001500000
   2   3836.27400000000    -0.00012900000
   3   1246.04800000000    -0.00074800000
   4    476.75350000000    -0.00330800000
   5    202.18950000000    -0.01181100000
   6     92.09487000000    -0.03453300000
   7     44.14720000000    -0.07878500000
   8     21.85468000000    -0.13218300000
   9     11.08596000000    -0.13719500000
  10      5.67410800000     0.02707500000
  11      2.82317000000     0.32889100000
  12      1.36862100000     0.45728000000
  13      0.64443100000     0.28890800000
  14      0.24838200000     0.04743300000
  15      0.09725500000    -0.00352200000
 P 15 
   1  16205.86000000000     0.00000300000
   2   3836.27400000000     0.00003000000
   3   1246.04800000000     0.00017200000
   4    476.75350000000     0.00076200000
   5    202.18950000000     0.00272600000
   6     92.09487000000     0.00797600000
   7     44.14720000000     0.01828700000
   8     21.85468000000     0.03077600000
   9     11.08596000000     0.03237300000
  10      5.67410800000    -0.00997800000
  11      2.82317000000    -0.09052900000
  12      1.36862100000    -0.13800400000
  13      0.64443100000    -0.07796500000
  14      0.24838200000     0.22956000000
  15      0.09725500000     0.57612200000
 P 15 
   1  16205.86000000000     0.00000400000
   2   3836.27400000000     0.00004000000
   3   1246.04800000000     0.00022600000
   4    476.75350000000     0.00101300000
   5    202.18950000000     0.00357500000
   6     92.09487000000     0.01061200000
   7     44.14720000000     0.02390200000
   8     21.85468000000     0.04127900000
   9     11.08596000000     0.04147500000
  10      5.67410800000    -0.00945800000
  11      2.82317000000    -0.12369500000
  12      1.36862100000    -0.17439200000
  13      0.64443100000    -0.12917000000
  14      0.24838200000     0.40034800000
  15      0.09725500000     0.66964600000
 P 15 
   1  16205.86000000000     0.00001000000
   2   3836.27400000000     0.00008100000
   3   1246.04800000000     0.00051200000
   4    476.75350000000     0.00207100000
   5    202.18950000000     0.00811100000
   6     92.09487000000     0.02155700000
   7     44.14720000000     0.05531600000
   8     21.85468000000     0.08026300000
   9     11.08596000000     0.11773000000
  10      5.67410800000    -0.06506900000
  11      2.82317000000    -0.28291400000
  12      1.36862100000    -0.64916600000
  13      0.64443100000     0.69256700000
  14      0.24838200000     0.97899000000
  15      0.09725500000    -0.92135700000
 P 1 
   1      0.03663300000     1.00000000000
 D 7 
   1    100.66300000000     0.00357900000
   2     29.83360000000     0.02582700000
   3     10.88940000000     0.09855900000
   4      4.39358000000     0.23832700000
   5      1.81782000000     0.35870700000
   6      0.72782700000     0.36509200000
   7      0.27129500000     0.23373800000
 D 7 
   1    100.66300000000    -0.00345400000
   2     29.83360000000    -0.02492500000
   3     10.88940000000    -0.09763500000
   4      4.39358000000    -0.23669200000
   5      1.81782000000    -0.29235000000
   6      0.72782700000    -0.00497300000
   7      0.27129500000     0.50658800000
 D 7 
   1    100.66300000000     0.00568500000
   2     29.83360000000     0.04117100000
   3     10.88940000000     0.16932200000
   4      4.39358000000     0.38591200000
   5      1.81782000000     0.18690900000
   6      0.72782700000    -0.67811300000
   7      0.27129500000    -0.25826000000
 D 1 
   1      0.08830900000     1.00000000000
 F 1 
   1      2.73820000000     1.00000000000
 F 1 
   1      0.65430000000     1.00000000000
 G 1 
   1      1.73350000000     1.00000000000

IRON
 S 19 
   1  4316265.00000000000     0.00000804880
   2  646342.40000000002     0.00006258310
   3  147089.70000000001     0.00032902390
   4  41661.52000000000     0.00138735500
   5  13590.77000000000     0.00502325600
   6   4905.75000000000     0.01610140000
   7   1912.74600000000     0.04590034000
   8    792.60430000000     0.11361540000
   9    344.80650000000     0.22838690000
  10    155.89990000000     0.32211590000
  11     72.23091000000     0.23836610000
  12     32.72506000000     0.07404667000
  13     15.66762000000     0.09214197000
  14      7.50348300000     0.09339790000
  15      3.31222300000     0.01573965000
  16      1.55847100000    -0.00041866820
  17      0.68391400000     0.00005376320
  18      0.14675700000    -0.00003816650
  19      0.07058300000     0.00004319600
 S 19 
   1  4316265.00000000000    -0.00000415600
   2  646342.40000000002    -0.00003231400
   3  147089.70000000001    -0.00016995250
   4  41661.52000000000    -0.00071713690
   5  13590.77000000000    -0.00260362500
   6   4905.75000000000    -0.00839910900
   7   1912.74600000000    -0.02434109000
   8    792.60430000000    -0.06251948000
   9    344.80650000000    -0.13659290000
  10    155.89990000000    -0.23127070000
  11     72.23091000000    -0.23837340000
  12     32.72506000000     0.03123837000
  13     15.66762000000     0.50868180000
  14      7.50348300000     0.49876950000
  15      3.31222300000     0.09033552000
  16      1.55847100000    -0.00600533700
  17      0.68391400000     0.00023124540
  18      0.14675700000    -0.00056436800
  19      0.07058300000     0.00049922600
 S 19 
   1  4316265.00000000000     0.00000095320
   2  646342.40000000002     0.00000741460
   3  147089.70000000001     0.00003898390
   4  41661.52000000000     0.00016471520
   5  13590.77000000000     0.00059859800
   6   4905.75000000000     0.00194239000
   7   1912.74600000000     0.00568723700
   8    792.60430000000     0.01501329000
   9    344.80650000000     0.03452455000
  10    155.89990000000     0.06495820000
  11     72.23091000000     0.07716194000
  12     32.72506000000    -0.01873411000
  13     15.66762000000    -0.30091850000
  14      7.50348300000    -0.45546610000
  15      3.31222300000     0.12864630000
  16      1.55847100000     0.71833160000
  17      0.68391400000     0.40517430000
  18      0.14675700000     0.02168227000
  19      0.07058300000    -0.00834356600
 S 19 
   1  4316265.00000000000    -0.00000020630
   2  646342.40000000002    -0.00000160420
   3  147089.70000000001    -0.00000843840
   4  41661.52000000000    -0.00003563150
   5  13590.77000000000    -0.00012959980
   6   4905.75000000000    -0.00042015340
   7   1912.74600000000    -0.00123195400
   8    792.60430000000    -0.00324892200
   9    344.80650000000    -0.00749371700
  10    155.89990000000    -0.01410102000
  11     72.23091000000    -0.01691600000
  12     32.72506000000     0.00421899600
  13     15.66762000000     0.06833810000
  14      7.50348300000     0.10982010000
  15      3.31222300000    -0.04009005000
  16      1.55847100000    -0.21747390000
  17      0.68391400000    -0.24651350000
  18      0.14675700000     0.27314350000
  19      0.07058300000     0.57483210000
 S 19 
   1  4316265.00000000000    -0.00000040090
   2  646342.40000000002    -0.00000318930
   3  147089.70000000001    -0.00001623080
   4  41661.52000000000    -0.00007157920
   5  13590.77000000000    -0.00024639580
   6   4905.75000000000    -0.00085449070
   7   1912.74600000000    -0.00230759300
   8    792.60430000000    -0.00672829200
   9    344.80650000000    -0.01366165000
  10    155.89990000000    -0.03062240000
  11     72.23091000000    -0.02631137000
  12     32.72506000000    -0.00976018300
  13     15.66762000000     0.18019060000
  14      7.50348300000     0.15296340000
  15      3.31222300000     0.05505413000
  16      1.55847100000    -0.95513640000
  17      0.68391400000     0.25868130000
  18      0.14675700000     1.83404900000
  19      0.07058300000    -0.93332400000
 S 19 
   1  4316265.00000000000    -0.00000069660
   2  646342.40000000002    -0.00000556800
   3  147089.70000000001    -0.00002813680
   4  41661.52000000000    -0.00012524180
   5  13590.77000000000    -0.00042607870
   6   4905.75000000000    -0.00149906000
   7   1912.74600000000    -0.00397910300
   8    792.60430000000    -0.01185686000
   9    344.80650000000    -0.02346734000
  10    155.89990000000    -0.05467736000
  11     72.23091000000    -0.04393820000
  12     32.72506000000    -0.02376103000
  13     15.66762000000     0.34359280000
  14      7.50348300000     0.31929600000
  15      3.31222300000    -0.13432070000
  16      1.55847100000    -2.22102000000
  17      0.68391400000     2.57114200000
  18      0.14675700000    -0.22924040000
  19      0.07058300000    -1.83245200000
 S 1 
   1      0.03144900000     1.00000000000
 P 15 
   1  17745.69000000000     0.00004100000
   2   4200.72100000000     0.00036900000
   3   1364.42900000000     0.00212900000
   4    522.08060000000     0.00936900000
   5    221.45950000000     0.03309700000
   6    100.90960000000     0.09443100000
   7     48.40115000000     0.20807700000
   8     23.98536000000     0.33233300000
   9     12.18250000000     0.33298700000
  10      6.24229800000     0.15684300000
  11      3.11094400000     0.02154900000
  12      1.50995800000    -0.00209500000
  13      0.71084500000    -0.00173900000
  14      0.27319000000    -0.00030000000
  15      0.10423300000     0.00002900000
 P 15 
   1  17745.69000000000    -0.00001500000
   2   4200.72100000000    -0.00013000000
   3   1364.42900000000    -0.00075100000
   4    522.08060000000    -0.00332900000
   5    221.45950000000    -0.01191200000
   6    100.90960000000    -0.03493300000
   7     48.40115000000    -0.07998900000
   8     23.98536000000    -0.13463600000
   9     12.18250000000    -0.13859800000
  10      6.24229800000     0.03027800000
  11      3.11094400000     0.33321600000
  12      1.50995800000     0.45615300000
  13      0.71084500000     0.28505100000
  14      0.27319000000     0.04614400000
  15      0.10423300000    -0.00324900000
 P 15 
   1  17745.69000000000     0.00000300000
   2   4200.72100000000     0.00002900000
   3   1364.42900000000     0.00016500000
   4    522.08060000000     0.00073400000
   5    221.45950000000     0.00262600000
   6    100.90960000000     0.00772500000
   7     48.40115000000     0.01773300000
   8     23.98536000000     0.03005500000
   9     12.18250000000     0.03109400000
  10      6.24229800000    -0.01004800000
  11      3.11094400000    -0.08830600000
  12      1.50995800000    -0.12982400000
  13      0.71084500000    -0.07693700000
  14      0.27319000000     0.21266100000
  15      0.10423300000     0.57306100000
 P 15 
   1  17745.69000000000     0.00000500000
   2   4200.72100000000     0.00004200000
   3   1364.42900000000     0.00024100000
   4    522.08060000000     0.00108500000
   5    221.45950000000     0.00383100000
   6    100.90960000000     0.01142300000
   7     48.40115000000     0.02579200000
   8     23.98536000000     0.04481800000
   9     12.18250000000     0.04459800000
  10      6.24229800000    -0.01117700000
  11      3.11094400000    -0.13813400000
  12      1.50995800000    -0.18828500000
  13      0.71084500000    -0.10739900000
  14      0.27319000000     0.44486300000
  15      0.10423300000     0.64023900000
 P 15 
   1  17745.69000000000     0.00001100000
   2   4200.72100000000     0.00008700000
   3   1364.42900000000     0.00054100000
   4    522.08060000000     0.00222600000
   5    221.45950000000     0.00859300000
   6    100.90960000000     0.02333900000
   7     48.40115000000     0.05884400000
   8     23.98536000000     0.08828900000
   9     12.18250000000     0.12319200000
  10      6.24229800000    -0.06318600000
  11      3.11094400000    -0.35490200000
  12      1.50995800000    -0.61970800000
  13      0.71084500000     0.81298600000
  14      0.27319000000     0.81911800000
  15      0.10423300000    -0.90170500000
 P 1 
   1      0.03829100000     1.00000000000
 D 7 
   1    113.34400000000     0.00353000000
   2     33.64140000000     0.02578400000
   3     12.33100000000     0.09911900000
   4      4.99478000000     0.23907300000
   5      2.07280000000     0.35719900000
   6      0.83075300000     0.36218800000
   7      0.30917800000     0.23646100000
 D 7 
   1    113.34400000000    -0.00389000000
   2     33.64140000000    -0.02844200000
   3     12.33100000000    -0.11242900000
   4      4.99478000000    -0.27425700000
   5      2.07280000000    -0.31554600000
   6      0.83075300000     0.05710900000
   7      0.30917800000     0.56360400000
 D 7 
   1    113.34400000000     0.00569500000
   2     33.64140000000     0.04200100000
   3     12.33100000000     0.17354000000
   4      4.99478000000     0.41015700000
   5      2.07280000000     0.11325200000
   6      0.83075300000    -0.76968000000
   7      0.30917800000    -0.03164300000
 D 1 
   1      0.10013000000     1.00000000000
 F 1 
   1      3.27580000000     1.00000000000
 F 1 
   1      0.79200000000     1.00000000000
 G 1 
   1      2.08970000000     1.00000000000

COBALT
 S 19 
   1  4675675.00000000000     0.00000797900
   2  700161.50000000000     0.00006204070
   3  159337.29999999999     0.00032617350
   4  45130.46000000000     0.00137536000
   5  14722.38000000000     0.00497999700
   6   5314.22200000000     0.01596434000
   7   2072.01800000000     0.04552086000
   8    858.61880000000     0.11273850000
   9    373.54970000000     0.22682620000
  10    168.92290000000     0.32030740000
  11     78.29639000000     0.23740210000
  12     35.52123000000     0.07477686000
  13     17.04144000000     0.09581872000
  14      8.17300000000     0.09649911000
  15      3.61031800000     0.01623362000
  16      1.69704700000    -0.00045354970
  17      0.74353200000     0.00005113520
  18      0.15834400000    -0.00004174510
  19      0.07503600000     0.00004027580
 S 19 
   1  4675675.00000000000    -0.00000420020
   2  700161.50000000000    -0.00003265830
   3  159337.29999999999    -0.00017176440
   4  45130.46000000000    -0.00072478530
   5  14722.38000000000    -0.00263146200
   6   5314.22200000000    -0.00848927200
   7   2072.01800000000    -0.02460619000
   8    858.61880000000    -0.06322059000
   9    373.54970000000    -0.13819570000
  10    168.92290000000    -0.23406800000
  11     78.29639000000    -0.24150020000
  12     35.52123000000     0.03035312000
  13     17.04144000000     0.51013410000
  14      8.17300000000     0.49749390000
  15      3.61031800000     0.08970746000
  16      1.69704700000    -0.00594103400
  17      0.74353200000     0.00021753620
  18      0.15834400000    -0.00054801550
  19      0.07503600000     0.00045258040
 S 19 
   1  4675675.00000000000     0.00000095930
   2  700161.50000000000     0.00000746190
   3  159337.29999999999     0.00003923140
   4  45130.46000000000     0.00016577060
   5  14722.38000000000     0.00060243350
   6   5314.22200000000     0.00195521700
   7   2072.01800000000     0.00572632600
   8    858.61880000000     0.01512984000
   9    373.54970000000     0.03483973000
  10    168.92290000000     0.06570351000
  11     78.29639000000     0.07831503000
  12     35.52123000000    -0.01877037000
  13     17.04144000000    -0.30626630000
  14      8.17300000000    -0.45664290000
  15      3.61031800000     0.13781690000
  16      1.69704700000     0.71936760000
  17      0.74353200000     0.39925790000
  18      0.15834400000     0.02079933000
  19      0.07503600000    -0.00782066300
 S 19 
   1  4675675.00000000000    -0.00000020290
   2  700161.50000000000    -0.00000157760
   3  159337.29999999999    -0.00000829880
   4  45130.46000000000    -0.00003504150
   5  14722.38000000000    -0.00012746550
   6   5314.22200000000    -0.00041326950
   7   2072.01800000000    -0.00121226100
   8    858.61880000000    -0.00319931800
   9    373.54970000000    -0.00739097200
  10    168.92290000000    -0.01393649000
  11     78.29639000000    -0.01678575000
  12     35.52123000000     0.00414985600
  13     17.04144000000     0.06797646000
  14      8.17300000000     0.10758070000
  15      3.61031800000    -0.04166022000
  16      1.69704700000    -0.21280440000
  17      0.74353200000    -0.23813600000
  18      0.15834400000     0.26507880000
  19      0.07503600000     0.57227740000
 S 19 
   1  4675675.00000000000    -0.00000038630
   2  700161.50000000000    -0.00000306880
   3  159337.29999999999    -0.00001564830
   4  45130.46000000000    -0.00006883590
   5  14722.38000000000    -0.00023773670
   6   5314.22200000000    -0.00082131730
   7   2072.01800000000    -0.00222963000
   8    858.61880000000    -0.00646784100
   9    373.54970000000    -0.01325463000
  10    168.92290000000    -0.02946686000
  11     78.29639000000    -0.02599066000
  12     35.52123000000    -0.00849980700
  13     17.04144000000     0.17273160000
  14      8.17300000000     0.15121890000
  15      3.61031800000     0.03554509000
  16      1.69704700000    -0.88293530000
  17      0.74353200000     0.21435300000
  18      0.15834400000     1.71186500000
  19      0.07503600000    -0.71400370000
 S 19 
   1  4675675.00000000000    -0.00000071750
   2  700161.50000000000    -0.00000572220
   3  159337.29999999999    -0.00002900970
   4  45130.46000000000    -0.00012858450
   5  14722.38000000000    -0.00043984340
   6   5314.22200000000    -0.00153758600
   7   2072.01800000000    -0.00411602200
   8    858.61880000000    -0.01215514000
   9    373.54970000000    -0.02440441000
  10    168.92290000000    -0.05601976000
  11     78.29639000000    -0.04689449000
  12     35.52123000000    -0.02168828000
  13     17.04144000000     0.34777890000
  14      8.17300000000     0.35005970000
  15      3.61031800000    -0.20485510000
  16      1.69704700000    -2.16321100000
  17      0.74353200000     2.52409100000
  18      0.15834400000    -0.15900110000
  19      0.07503600000    -1.82526700000
 S 1 
   1      0.03309100000     1.00000000000
 P 15 
   1  19267.78000000000     0.00004100000
   2   4560.98600000000     0.00036900000
   3   1481.43600000000     0.00212800000
   4    566.86710000000     0.00937200000
   5    240.49100000000     0.03315500000
   6    109.61050000000     0.09475200000
   7     52.59491000000     0.20909300000
   8     26.08361000000     0.33372200000
   9     13.26143000000     0.33220800000
  10      6.79977800000     0.15461300000
  11      3.39341400000     0.02090200000
  12      1.64876600000    -0.00202400000
  13      0.77628200000    -0.00169700000
  14      0.29800300000    -0.00028000000
  15      0.11361800000     0.00002600000
 P 15 
   1  19267.78000000000    -0.00001500000
   2   4560.98600000000    -0.00013100000
   3   1481.43600000000    -0.00075800000
   4    566.86710000000    -0.00336300000
   5    240.49100000000    -0.01205400000
   6    109.61050000000    -0.03542400000
   7     52.59491000000    -0.08128700000
   8     26.08361000000    -0.13690800000
   9     13.26143000000    -0.13901900000
  10      6.79977800000     0.03546800000
  11      3.39341400000     0.33849800000
  12      1.64876600000     0.45443300000
  13      0.77628200000     0.27979300000
  14      0.29800300000     0.04477600000
  15      0.11361800000    -0.00315100000
 P 15 
   1  19267.78000000000    -0.00000300000
   2   4560.98600000000    -0.00002900000
   3   1481.43600000000    -0.00016700000
   4    566.86710000000    -0.00074200000
   5    240.49100000000    -0.00266200000
   6    109.61050000000    -0.00784100000
   7     52.59491000000    -0.01805100000
   8     26.08361000000    -0.03058000000
   9     13.26143000000    -0.03131200000
  10      6.79977800000     0.01131100000
  11      3.39341400000     0.08999000000
  12      1.64876600000     0.13073300000
  13      0.77628200000     0.07180800000
  14      0.29800300000    -0.22165800000
  15      0.11361800000    -0.57102500000
 P 15 
   1  19267.78000000000     0.00000500000
   2   4560.98600000000     0.00004500000
   3   1481.43600000000     0.00025500000
   4    566.86710000000     0.00114400000
   5    240.49100000000     0.00406100000
   6    109.61050000000     0.01209500000
   7     52.59491000000     0.02747600000
   8     26.08361000000     0.04755700000
   9     13.26143000000     0.04730200000
  10      6.79977800000    -0.01441800000
  11      3.39341400000    -0.15006200000
  12      1.64876600000    -0.19909200000
  13      0.77628200000    -0.07978300000
  14      0.29800300000     0.45903500000
  15      0.11361800000     0.61749500000
 P 15 
   1  19267.78000000000     0.00001100000
   2   4560.98600000000     0.00009200000
   3   1481.43600000000     0.00056300000
   4    566.86710000000     0.00235400000
   5    240.49100000000     0.00897600000
   6    109.61050000000     0.02481000000
   7     52.59491000000     0.06158000000
   8     26.08361000000     0.09477700000
   9     13.26143000000     0.12669300000
  10      6.79977800000    -0.06375400000
  11      3.39341400000    -0.41856600000
  12      1.64876600000    -0.56786500000
  13      0.77628200000     0.87540600000
  14      0.29800300000     0.71826300000
  15      0.11361800000    -0.87472200000
 P 1 
   1      0.04162400000     1.00000000000
 D 7 
   1    126.26400000000     0.00351000000
   2     37.52260000000     0.02588400000
   3     13.80210000000     0.10005800000
   4      5.60927000000     0.24054700000
   5      2.33369000000     0.35684300000
   6      0.93641500000     0.35957900000
   7      0.34823700000     0.23662900000
 D 7 
   1    126.26400000000    -0.00406700000
   2     37.52260000000    -0.03005300000
   3     13.80210000000    -0.11962000000
   4      5.60927000000    -0.29151300000
   5      2.33369000000    -0.31804800000
   6      0.93641500000     0.09169800000
   7      0.34823700000     0.56082300000
 D 7 
   1    126.26400000000     0.00547000000
   2     37.52260000000     0.04081300000
   3     13.80210000000     0.16897800000
   4      5.60927000000     0.40935900000
   5      2.33369000000     0.08631600000
   6      0.93641500000    -0.76900800000
   7      0.34823700000     0.00335500000
 D 1 
   1      0.11235300000     1.00000000000
 F 1 
   1      3.81370000000     1.00000000000
 F 1 
   1      0.93090000000     1.00000000000
 G 1 
   1      2.47090000000     1.00000000000

NICKEL
 S 19 
   1  5045991.00000000000     0.00000820900
   2  755614.19999999995     0.00006382880
   3  171956.79999999999     0.00033558000
   4  48704.79000000000     0.00141507500
   5  15888.41000000000     0.00512444400
   6   5735.12300000000     0.01643256000
   7   2236.13700000000     0.04689398000
   8    926.64680000000     0.11635340000
   9    403.17430000000     0.23505110000
  10    182.34760000000     0.33501840000
  11     84.54885000000     0.25347790000
  12     38.39634000000     0.07300901000
  13     18.45859000000     0.06184244000
  14      8.86354800000     0.06302956000
  15      3.91622700000     0.01008063000
  16      1.83887000000    -0.00022445280
  17      0.80436200000    -0.00005932770
  18      0.16979700000    -0.00001158560
  19      0.07930600000     0.00000811510
 S 19 
   1  5045991.00000000000    -0.00000365780
   2  755614.19999999995    -0.00002844090
   3  171956.79999999999    -0.00014959280
   4  48704.79000000000    -0.00063130090
   5  15888.41000000000    -0.00229305200
   6   5735.12300000000    -0.00740512300
   7   2236.13700000000    -0.02152032000
   8    926.64680000000    -0.05560974000
   9    403.17430000000    -0.12301760000
  10    182.34760000000    -0.21301040000
  11     84.54885000000    -0.22658370000
  12     38.39634000000     0.03546796000
  13     18.45859000000     0.51816970000
  14      8.86354800000     0.50256300000
  15      3.91622700000     0.08955674000
  16      1.83887000000    -0.00703131100
  17      0.80436200000    -0.00043391670
  18      0.16979700000    -0.00058317110
  19      0.07930600000     0.00042287880
 S 19 
   1  5045991.00000000000     0.00000095940
   2  755614.19999999995     0.00000746260
   3  171956.79999999999     0.00003923840
   4  48704.79000000000     0.00016578680
   5  15888.41000000000     0.00060259050
   6   5735.12300000000     0.00195566200
   7   2236.13700000000     0.00573039100
   8    926.64680000000     0.01514756000
   9    403.17430000000     0.03493499000
  10    182.34760000000     0.06598072000
  11     84.54885000000     0.07893083000
  12     38.39634000000    -0.01906249000
  13     18.45859000000    -0.30959210000
  14      8.86354800000    -0.45586100000
  15      3.91622700000     0.14829310000
  16      1.83887000000     0.71340390000
  17      0.80436200000     0.39760630000
  18      0.16979700000     0.02295523000
  19      0.07930600000    -0.00915175800
 S 19 
   1  5045991.00000000000    -0.00000020140
   2  755614.19999999995    -0.00000156580
   3  171956.79999999999    -0.00000823720
   4  48704.79000000000    -0.00003478110
   5  15888.41000000000    -0.00012652650
   6   5735.12300000000    -0.00041025890
   7   2236.13700000000    -0.00120383400
   8    926.64680000000    -0.00317906200
   9    403.17430000000    -0.00735382800
  10    182.34760000000    -0.01389022000
  11     84.54885000000    -0.01677875000
  12     38.39634000000     0.00416337800
  13     18.45859000000     0.06814703000
  14      8.86354800000     0.10610290000
  15      3.91622700000    -0.04339980000
  16      1.83887000000    -0.20949500000
  17      0.80436200000    -0.23102710000
  18      0.16979700000     0.25905320000
  19      0.07930600000     0.56914260000
 S 19 
   1  5045991.00000000000    -0.00000039240
   2  755614.19999999995    -0.00000311390
   3  171956.79999999999    -0.00001590450
   4  48704.79000000000    -0.00006981390
   5  15888.41000000000    -0.00024178480
   6   5735.12300000000    -0.00083261950
   7   2236.13700000000    -0.00227029400
   8    926.64680000000    -0.00655742700
   9    403.17430000000    -0.01354288000
  10    182.34760000000    -0.02989768000
  11     84.54885000000    -0.02693106000
  12     38.39634000000    -0.00782769300
  13     18.45859000000     0.17416670000
  14      8.86354800000     0.15954680000
  15      3.91622700000     0.01995550000
  16      1.83887000000    -0.88970000000
  17      0.80436200000     0.24868920000
  18      0.16979700000     1.61301200000
  19      0.07930600000    -0.59902770000
 S 19 
   1  5045991.00000000000    -0.00000073040
   2  755614.19999999995    -0.00000580200
   3  171956.79999999999    -0.00002958550
   4  48704.79000000000    -0.00013014990
   5  15888.41000000000    -0.00044953320
   6   5735.12300000000    -0.00155331400
   7   2236.13700000000    -0.00421988400
   8    926.64680000000    -0.01225419000
   9    403.17430000000    -0.02519707000
  10    182.34760000000    -0.05621717000
  11     84.54885000000    -0.05022229000
  12     38.39634000000    -0.01677412000
  13     18.45859000000     0.33880210000
  14      8.86354800000     0.39849750000
  15      3.91622700000    -0.30320530000
  16      1.83887000000    -2.07961900000
  17      0.80436200000     2.50054200000
  18      0.16979700000    -0.21690020000
  19      0.07930600000    -1.70917800000
 S 1 
   1      0.03467700000     1.00000000000
 P 15 
   1  21027.92000000000     0.00004100000
   2   4977.56000000000     0.00036300000
   3   1616.74000000000     0.00209700000
   4    618.67180000000     0.00925000000
   5    262.51830000000     0.03279600000
   6    119.69070000000     0.09400400000
   7     57.46585000000     0.20828000000
   8     28.52829000000     0.33365400000
   9     14.52148000000     0.33290400000
  10      7.45385000000     0.15537200000
  11      3.72355300000     0.02085900000
  12      1.80981300000    -0.00244000000
  13      0.85133600000    -0.00199800000
  14      0.32481400000    -0.00033800000
  15      0.11952200000     0.00003500000
 P 15 
   1  21027.92000000000    -0.00001500000
   2   4977.56000000000    -0.00012900000
   3   1616.74000000000    -0.00074900000
   4    618.67180000000    -0.00332800000
   5    262.51830000000    -0.01194700000
   6    119.69070000000    -0.03524200000
   7     57.46585000000    -0.08120400000
   8     28.52829000000    -0.13749300000
   9     14.52148000000    -0.13922600000
  10      7.45385000000     0.03601600000
  11      3.72355300000     0.33912800000
  12      1.80981300000     0.45047200000
  13      0.85133600000     0.28178300000
  14      0.32481400000     0.04789800000
  15      0.11952200000    -0.00298700000
 P 15 
   1  21027.92000000000     0.00000300000
   2   4977.56000000000     0.00002600000
   3   1616.74000000000     0.00015200000
   4    618.67180000000     0.00067800000
   5    262.51830000000     0.00242700000
   6    119.69070000000     0.00720100000
   7     57.46585000000     0.01657800000
   8     28.52829000000     0.02839200000
   9     14.52148000000     0.02859900000
  10      7.45385000000    -0.01013200000
  11      3.72355300000    -0.08291200000
  12      1.80981300000    -0.11599800000
  13      0.85133600000    -0.07279500000
  14      0.32481400000     0.19564000000
  15      0.11952200000     0.56709900000
 P 15 
   1  21027.92000000000     0.00000600000
   2   4977.56000000000     0.00005300000
   3   1616.74000000000     0.00030500000
   4    618.67180000000     0.00136400000
   5    262.51830000000     0.00487600000
   6    119.69070000000     0.01450300000
   7     57.46585000000     0.03329600000
   8     28.52829000000     0.05748200000
   9     14.52148000000     0.05870200000
  10      7.45385000000    -0.01990400000
  11      3.72355300000    -0.19469500000
  12      1.80981300000    -0.23961300000
  13      0.85133600000    -0.00223200000
  14      0.32481400000     0.52143500000
  15      0.11952200000     0.54554000000
 P 15 
   1  21027.92000000000     0.00001100000
   2   4977.56000000000     0.00009500000
   3   1616.74000000000     0.00058000000
   4    618.67180000000     0.00245100000
   5    262.51830000000     0.00928200000
   6    119.69070000000     0.02600900000
   7     57.46585000000     0.06409600000
   8     28.52829000000     0.10071000000
   9     14.52148000000     0.13253900000
  10      7.45385000000    -0.06508900000
  11      3.72355300000    -0.48975600000
  12      1.80981300000    -0.49845500000
  13      0.85133600000     0.96635700000
  14      0.32481400000     0.52837900000
  15      0.11952200000    -0.86767600000
 P 1 
   1      0.04236600000     1.00000000000
 D 7 
   1    140.25270000000     0.00337600000
   2     41.72610000000     0.02514100000
   3     15.39810000000     0.09774600000
   4      6.27710000000     0.23470900000
   5      2.61850000000     0.34694500000
   6      1.05260000000     0.35106800000
   7      0.39160000000     0.25025500000
 D 7 
   1    140.25270000000    -0.00349500000
   2     41.72610000000    -0.02601500000
   3     15.39810000000    -0.10387600000
   4      6.27710000000    -0.25207000000
   5      2.61850000000    -0.29458000000
   6      1.05260000000     0.00115200000
   7      0.39160000000     0.43858900000
 D 7 
   1    140.25270000000     0.00505200000
   2     41.72610000000     0.03808700000
   3     15.39810000000     0.15611300000
   4      6.27710000000     0.38615600000
   5      2.61850000000     0.17560500000
   6      1.05260000000    -0.62680700000
   7      0.39160000000    -0.34277500000
 D 1 
   1      0.12620000000     1.00000000000
 F 1 
   1      4.50460000000     1.00000000000
 F 1 
   1      1.12860000000     1.00000000000
 G 1 
   1      2.97710000000     1.00000000000

COPPER
 S 19 
   1  5430321.00000000000     0.00000780100
   2  813166.50000000000     0.00006065670
   3  185054.39999999999     0.00031889640
   4  52414.66000000000     0.00134468700
   5  17098.68000000000     0.00486905000
   6   6171.99400000000     0.01561013000
   7   2406.48100000000     0.04452077000
   8    997.25840000000     0.11031110000
   9    433.92890000000     0.22203420000
  10    196.28690000000     0.31337390000
  11     91.04280000000     0.23151210000
  12     41.38425000000     0.07640920000
  13     19.93278000000     0.11038180000
  14      9.58189100000     0.10943720000
  15      4.23451600000     0.01836311000
  16      1.98581400000    -0.00060430840
  17      0.86708300000     0.00005092250
  18      0.18133900000    -0.00005540730
  19      0.08365700000     0.00003969480
 S 19 
   1  5430321.00000000000    -0.00000440470
   2  813166.50000000000    -0.00003424800
   3  185054.39999999999    -0.00018012380
   4  52414.66000000000    -0.00076004550
   5  17098.68000000000    -0.00275934800
   6   6171.99400000000    -0.00890097000
   7   2406.48100000000    -0.02579378000
   8    997.25840000000    -0.06623861000
   9    433.92890000000    -0.14459270000
  10    196.28690000000    -0.24401100000
  11     91.04280000000    -0.25048370000
  12     41.38425000000     0.02852577000
  13     19.93278000000     0.51158740000
  14      9.58189100000     0.49280610000
  15      4.23451600000     0.08788437000
  16      1.98581400000    -0.00582028100
  17      0.86708300000     0.00020135080
  18      0.18133900000    -0.00051825530
  19      0.08365700000     0.00037315030
 S 19 
   1  5430321.00000000000     0.00000097050
   2  813166.50000000000     0.00000754920
   3  185054.39999999999     0.00003968890
   4  52414.66000000000     0.00016772000
   5  17098.68000000000     0.00060951010
   6   6171.99400000000     0.00197884600
   7   2406.48100000000     0.00579804900
   8    997.25840000000     0.01534158000
   9    433.92890000000     0.03540484000
  10    196.28690000000     0.06702098000
  11     91.04280000000     0.08026945000
  12     41.38425000000    -0.01927231000
  13     19.93278000000    -0.31601290000
  14      9.58189100000    -0.45731620000
  15      4.23451600000     0.15508410000
  16      1.98581400000     0.72028720000
  17      0.86708300000     0.38851220000
  18      0.18133900000     0.01924326000
  19      0.08365700000    -0.00710380700
 S 19 
   1  5430321.00000000000    -0.00000019590
   2  813166.50000000000    -0.00000152350
   3  185054.39999999999    -0.00000801480
   4  52414.66000000000    -0.00003383990
   5  17098.68000000000    -0.00012311910
   6   6171.99400000000    -0.00039920850
   7   2406.48100000000    -0.00117190000
   8    997.25840000000    -0.00309614100
   9    433.92890000000    -0.00717199300
  10    196.28690000000    -0.01356621000
  11     91.04280000000    -0.01643989000
  12     41.38425000000     0.00410762800
  13     19.93278000000     0.06693964000
  14      9.58189100000     0.10282210000
  15      4.23451600000    -0.04422945000
  16      1.98581400000    -0.20311910000
  17      0.86708300000    -0.22300220000
  18      0.18133900000     0.25179750000
  19      0.08365700000     0.56500910000
 S 19 
   1  5430321.00000000000    -0.00000035320
   2  813166.50000000000    -0.00000279880
   3  185054.39999999999    -0.00001432520
   4  52414.66000000000    -0.00006270950
   5  17098.68000000000    -0.00021794900
   6   6171.99400000000    -0.00074743160
   7   2406.48100000000    -0.00204927100
   8    997.25840000000    -0.00588520300
   9    433.92890000000    -0.01226885000
  10    196.28690000000    -0.02683147000
  11     91.04280000000    -0.02479261000
  12     41.38425000000    -0.00598474600
  13     19.93278000000     0.15571240000
  14      9.58189100000     0.14366830000
  15      4.23451600000     0.00837410300
  16      1.98581400000    -0.74607110000
  17      0.86708300000     0.12443670000
  18      0.18133900000     1.51011000000
  19      0.08365700000    -0.34771220000
 S 19 
   1  5430321.00000000000    -0.00000075080
   2  813166.50000000000    -0.00000597200
   3  185054.39999999999    -0.00003039680
   4  52414.66000000000    -0.00013404050
   5  17098.68000000000    -0.00046157780
   6   6171.99400000000    -0.00160106400
   7   2406.48100000000    -0.00433094200
   8    997.25840000000    -0.01265434000
   9    433.92890000000    -0.02586864000
  10    196.28690000000    -0.05835428000
  11     91.04280000000    -0.05132322000
  12     41.38425000000    -0.01908953000
  13     19.93278000000     0.35861160000
  14      9.58189100000     0.38858180000
  15      4.23451600000    -0.30571060000
  16      1.98581400000    -2.06989600000
  17      0.86708300000     2.43177400000
  18      0.18133900000    -0.02121974000
  19      0.08365700000    -1.82025100000
 S 1 
   1      0.03626700000     1.00000000000
 P 15 
   1  22760.57000000000     0.00004000000
   2   5387.67900000000     0.00036100000
   3   1749.94500000000     0.00208300000
   4    669.66530000000     0.00919700000
   5    284.19480000000     0.03266000000
   6    129.60770000000     0.09379500000
   7     62.25415000000     0.20827400000
   8     30.92964000000     0.33399300000
   9     15.75827000000     0.33249300000
  10      8.09421100000     0.15472800000
  11      4.04692100000     0.02127100000
  12      1.96786900000    -0.00169000000
  13      0.92529500000    -0.00151600000
  14      0.35299200000    -0.00024200000
  15      0.12730700000     0.00002300000
 P 15 
   1  22760.57000000000    -0.00001500000
   2   5387.67900000000    -0.00013100000
   3   1749.94500000000    -0.00075500000
   4    669.66530000000    -0.00335900000
   5    284.19480000000    -0.01208100000
   6    129.60770000000    -0.03570300000
   7     62.25415000000    -0.08250200000
   8     30.92964000000    -0.13989000000
   9     15.75827000000    -0.14072900000
  10      8.09421100000     0.03876600000
  11      4.04692100000     0.34269500000
  12      1.96786900000     0.45231000000
  13      0.92529500000     0.27705400000
  14      0.35299200000     0.04388500000
  15      0.12730700000    -0.00280200000
 P 15 
   1  22760.57000000000     0.00000300000
   2   5387.67900000000     0.00002500000
   3   1749.94500000000     0.00014700000
   4    669.66530000000     0.00065600000
   5    284.19480000000     0.00235100000
   6    129.60770000000     0.00700400000
   7     62.25415000000     0.01613100000
   8     30.92964000000     0.02777000000
   9     15.75827000000     0.02756700000
  10      8.09421100000    -0.01011500000
  11      4.04692100000    -0.08100900000
  12      1.96786900000    -0.11040900000
  13      0.92529500000    -0.07173200000
  14      0.35299200000     0.18793000000
  15      0.12730700000     0.56462900000
 P 15 
   1  22760.57000000000     0.00000500000
   2   5387.67900000000     0.00004900000
   3   1749.94500000000     0.00027800000
   4    669.66530000000     0.00125300000
   5    284.19480000000     0.00444700000
   6    129.60770000000     0.01337000000
   7     62.25415000000     0.03046900000
   8     30.92964000000     0.05344700000
   9     15.75827000000     0.05263900000
  10      8.09421100000    -0.01688100000
  11      4.04692100000    -0.17944800000
  12      1.96786900000    -0.20958800000
  13      0.92529500000    -0.03963300000
  14      0.35299200000     0.50213000000
  15      0.12730700000     0.58111100000
 P 15 
   1  22760.57000000000     0.00001100000
   2   5387.67900000000     0.00009600000
   3   1749.94500000000     0.00059000000
   4    669.66530000000     0.00248400000
   5    284.19480000000     0.00946300000
   6    129.60770000000     0.02645300000
   7     62.25415000000     0.06568900000
   8     30.92964000000     0.10273200000
   9     15.75827000000     0.13704100000
  10      8.09421100000    -0.07096100000
  11      4.04692100000    -0.50470800000
  12      1.96786900000    -0.47805600000
  13      0.92529500000     0.94289200000
  14      0.35299200000     0.54469900000
  15      0.12730700000    -0.83276600000
 P 1 
   1      0.04435600000     1.00000000000
 D 7 
   1    173.89700000000     0.00270000000
   2     51.88690000000     0.02090900000
   3     19.34190000000     0.08440800000
   4      7.97572000000     0.21399900000
   5      3.39823000000     0.33598000000
   6      1.40932000000     0.35730100000
   7      0.54885800000     0.26457800000
 D 7 
   1    173.89700000000    -0.00336300000
   2     51.88690000000    -0.02607900000
   3     19.34190000000    -0.10823100000
   4      7.97572000000    -0.28221700000
   5      3.39823000000    -0.34719000000
   6      1.40932000000     0.02671100000
   7      0.54885800000     0.49204700000
 D 7 
   1    173.89700000000     0.00413300000
   2     51.88690000000     0.03308500000
   3     19.34190000000     0.13833600000
   4      7.97572000000     0.39016600000
   5      3.39823000000     0.16984200000
   6      1.40932000000    -0.68301800000
   7      0.54885800000    -0.26579700000
 D 1 
   1      0.19019900000     1.00000000000
 F 1 
   1      5.08210000000     1.00000000000
 F 1 
   1      1.27970000000     1.00000000000
 G 1 
   1      3.48350000000     1.00000000000

ZINC
 S 19 
   1  5820021.00000000000     0.00000854920
   2  871523.40000000002     0.00006647410
   3  198335.00000000000     0.00034949620
   4  56176.31000000000     0.00147383200
   5  18325.82000000000     0.00533833000
   6   6614.95500000000     0.01712708000
   7   2579.19900000000     0.04894085000
   8   1068.84900000000     0.12179340000
   9    465.10450000000     0.24765890000
  10    210.41300000000     0.35824310000
  11     97.61629000000     0.27981740000
  12     44.38020000000     0.06857491000
  13     21.42308000000    -0.00131109200
  14     10.30891000000     0.00191400100
  15      4.55364500000    -0.00087592200
  16      2.13282100000     0.00037400960
  17      0.92969700000    -0.00014013990
  18      0.19214700000     0.00004757130
  19      0.08759500000    -0.00003642710
 S 19 
   1  5820021.00000000000    -0.00000264010
   2  871523.40000000002    -0.00002052720
   3  198335.00000000000    -0.00010798590
   4  56176.31000000000    -0.00045585770
   5  18325.82000000000    -0.00165775800
   6   6614.95500000000    -0.00536849200
   7   2579.19900000000    -0.01571249000
   8   1068.84900000000    -0.04122558000
   9    465.10450000000    -0.09406459000
  10    210.41300000000    -0.17199540000
  11     97.61629000000    -0.19585230000
  12     44.38020000000     0.04532907000
  13     21.42308000000     0.52444420000
  14     10.30891000000     0.50061420000
  15      4.55364500000     0.08945527000
  16      2.13282100000    -0.00214626200
  17      0.92969700000     0.00211211300
  18      0.19214700000    -0.00041339800
  19      0.08759500000     0.00032097520
 S 19 
   1  5820021.00000000000     0.00000099670
   2  871523.40000000002     0.00000775420
   3  198335.00000000000     0.00004076020
   4  56176.31000000000     0.00017228110
   5  18325.82000000000     0.00062593700
   6   6614.95500000000     0.00203285500
   7   2579.19900000000     0.00595464600
   8   1068.84900000000     0.01576640000
   9    465.10450000000     0.03637638000
  10    210.41300000000     0.06892343000
  11     97.61629000000     0.08238093000
  12     44.38020000000    -0.02011360000
  13     21.42308000000    -0.32525260000
  14     10.30891000000    -0.46028990000
  15      4.55364500000     0.16355460000
  16      2.13282100000     0.72971180000
  17      0.92969700000     0.37697510000
  18      0.19214700000     0.01433224000
  19      0.08759500000    -0.00667121000
 S 19 
   1  5820021.00000000000     0.00000019960
   2  871523.40000000002     0.00000155300
   3  198335.00000000000     0.00000816130
   4  56176.31000000000     0.00003450750
   5  18325.82000000000     0.00012532750
   6   6614.95500000000     0.00040729900
   7   2579.19900000000     0.00119273400
   8   1068.84900000000     0.00316314000
   9    465.10450000000     0.00730394200
  10    210.41300000000     0.01391279000
  11     97.61629000000     0.01670620000
  12     44.38020000000    -0.00403558600
  13     21.42308000000    -0.06968861000
  14     10.30891000000    -0.10301050000
  15      4.55364500000     0.04471442000
  16      2.13282100000     0.21500270000
  17      0.92969700000     0.22201630000
  18      0.19214700000    -0.31147760000
  19      0.08759500000    -0.56934290000
 S 19 
   1  5820021.00000000000    -0.00000054360
   2  871523.40000000002    -0.00000433690
   3  198335.00000000000    -0.00002197570
   4  56176.31000000000    -0.00009747390
   5  18325.82000000000    -0.00033316150
   6   6614.95500000000    -0.00116619200
   7   2579.19900000000    -0.00311930800
   8   1068.84900000000    -0.00923950400
   9    465.10450000000    -0.01855471000
  10    210.41300000000    -0.04281189000
  11     97.61629000000    -0.03571095000
  12     44.38020000000    -0.01638350000
  13     21.42308000000     0.26446640000
  14     10.30891000000     0.20865880000
  15      4.55364500000    -0.01774382000
  16      2.13282100000    -1.35387300000
  17      0.92969700000     0.81829260000
  18      0.19214700000     1.69503600000
  19      0.08759500000    -1.38865600000
 S 19 
   1  5820021.00000000000     0.00000080410
   2  871523.40000000002     0.00000628290
   3  198335.00000000000     0.00003281870
   4  56176.31000000000     0.00013988580
   5  18325.82000000000     0.00050298360
   6   6614.95500000000     0.00165541900
   7   2579.19900000000     0.00477867700
   8   1068.84900000000     0.01292479000
   9    465.10450000000     0.02925831000
  10    210.41300000000     0.05791816000
  11     97.61629000000     0.06640681000
  12     44.38020000000    -0.00738896600
  13     21.42308000000    -0.33299890000
  14     10.30891000000    -0.59178650000
  15      4.55364500000     0.90114060000
  16      2.13282100000     1.58595100000
  17      0.92969700000    -2.78800800000
  18      0.19214700000     2.07188400000
  19      0.08759500000    -0.60120250000
 S 1 
   1      0.03770200000     1.00000000000
 P 15 
   1  24411.98000000000     0.00004100000
   2   5778.51800000000     0.00036100000
   3   1876.86200000000     0.00208800000
   4    718.23610000000     0.00922100000
   5    304.83270000000     0.03277300000
   6    139.04530000000     0.09417900000
   7     66.80417000000     0.20913200000
   8     33.20699000000     0.33456900000
   9     16.92816000000     0.33035900000
  10      8.69622900000     0.15234700000
  11      4.35051000000     0.02298400000
  12      2.11652300000     0.00160700000
  13      0.99538700000     0.00046800000
  14      0.37811200000     0.00006600000
  15      0.13457900000    -0.00000200000
 P 15 
   1  24411.98000000000    -0.00001500000
   2   5778.51800000000    -0.00013500000
   3   1876.86200000000    -0.00078200000
   4    718.23610000000    -0.00347800000
   5    304.83270000000    -0.01252000000
   6    139.04530000000    -0.03701600000
   7     66.80417000000    -0.08555900000
   8     33.20699000000    -0.14471800000
   9     16.92816000000    -0.14344200000
  10      8.69622900000     0.04359500000
  11      4.35051000000     0.34888800000
  12      2.11652300000     0.45386500000
  13      0.99538700000     0.26859400000
  14      0.37811200000     0.03886800000
  15      0.13457900000    -0.00249200000
 P 15 
   1  24411.98000000000     0.00000300000
   2   5778.51800000000     0.00002500000
   3   1876.86200000000     0.00014400000
   4    718.23610000000     0.00064500000
   5    304.83270000000     0.00231100000
   6    139.04530000000     0.00689800000
   7     66.80417000000     0.01588200000
   8     33.20699000000     0.02735000000
   9     16.92816000000     0.02662100000
  10      8.69622900000    -0.01085800000
  11      4.35051000000    -0.07985300000
  12      2.11652300000    -0.10612700000
  13      0.99538700000    -0.06888300000
  14      0.37811200000     0.18438500000
  15      0.13457900000     0.56178800000
 P 15 
   1  24411.98000000000     0.00000500000
   2   5778.51800000000     0.00004200000
   3   1876.86200000000     0.00023800000
   4    718.23610000000     0.00108800000
   5    304.83270000000     0.00382100000
   6    139.04530000000     0.01164400000
   7     66.80417000000     0.02616700000
   8     33.20699000000     0.04675000000
   9     16.92816000000     0.04330900000
  10      8.69622900000    -0.01342900000
  11      4.35051000000    -0.15389700000
  12      2.11652300000    -0.16741300000
  13      0.99538700000    -0.08499500000
  14      0.37811200000     0.45081300000
  15      0.13457900000     0.64086900000
 P 15 
   1  24411.98000000000     0.00001200000
   2   5778.51800000000     0.00009600000
   3   1876.86200000000     0.00059400000
   4    718.23610000000     0.00248400000
   5    304.83270000000     0.00953700000
   6    139.04530000000     0.02647900000
   7     66.80417000000     0.06636600000
   8     33.20699000000     0.10245800000
   9     16.92816000000     0.13868300000
  10      8.69622900000    -0.08014000000
  11      4.35051000000    -0.49606900000
  12      2.11652300000    -0.46351000000
  13      0.99538700000     0.87453100000
  14      0.37811200000     0.62979000000
  15      0.13457900000    -0.81168600000
 P 1 
   1      0.04628200000     1.00000000000
 D 7 
   1    205.61770000000     0.00234200000
   2     61.44981000000     0.01860600000
   3     23.05689000000     0.07710200000
   4      9.57773900000     0.20202600000
   5      4.13373400000     0.32945400000
   6      1.74751800000     0.36097600000
   7      0.69956000000     0.27165700000
 D 7 
   1    205.61770000000     0.00327900000
   2     61.44981000000     0.02617600000
   3     23.05689000000     0.11136700000
   4      9.57773900000     0.30458100000
   5      4.13373400000     0.38629900000
   6      1.74751800000    -0.05837500000
   7      0.69956000000    -0.53887600000
 D 7 
   1    205.61770000000     0.00374000000
   2     61.44981000000     0.03182500000
   3     23.05689000000     0.13222900000
   4      9.57773900000     0.42455000000
   5      4.13373400000     0.12037000000
   6      1.74751800000    -0.76266100000
   7      0.69956000000    -0.11282300000
 D 1 
   1      0.25160800000     1.00000000000
 F 1 
   1      5.79220000000     1.00000000000
 F 1 
   1      1.48510000000     1.00000000000
 G 1 
   1      4.11440000000     1.00000000000

GALLIUM
 S 18 
   1  6558157.00000000000     0.00000800000
   2  982025.30000000005     0.00006220000
   3  223467.70000000001     0.00032700000
   4  63288.29000000000     0.00137940000
   5  20642.94000000000     0.00499930000
   6   7450.52200000000     0.01606050000
   7   2905.07400000000     0.04601240000
   8   1204.21000000000     0.11522240000
   9    524.30450000000     0.23739210000
  10    237.46560000000     0.35319890000
  11    110.57870000000     0.29155000000
  12     51.37462000000     0.08121290000
  13     24.44085000000     0.00076550000
  14     11.76859000000     0.00161240000
  15      5.34211900000    -0.00075300000
  16      2.49503600000     0.00031340000
  17      1.09877300000    -0.00013060000
  18      0.26018000000     0.00005130000
 S 18 
   1  6558157.00000000000    -0.00000250000
   2  982025.30000000005    -0.00001930000
   3  223467.70000000001    -0.00010140000
   4  63288.29000000000    -0.00042810000
   5  20642.94000000000    -0.00155820000
   6   7450.52200000000    -0.00504690000
   7   2905.07400000000    -0.01480560000
   8   1204.21000000000    -0.03894820000
   9    524.30450000000    -0.08968320000
  10    237.46560000000    -0.16640760000
  11    110.57870000000    -0.20040100000
  12     51.37462000000     0.01149430000
  13     24.44085000000     0.49581340000
  14     11.76859000000     0.52955500000
  15      5.34211900000     0.11101850000
  16      2.49503600000    -0.00070000000
  17      1.09877300000     0.00222830000
  18      0.26018000000    -0.00050140000
 S 18 
   1  6558157.00000000000     0.00000090000
   2  982025.30000000005     0.00000740000
   3  223467.70000000001     0.00003870000
   4  63288.29000000000     0.00016330000
   5  20642.94000000000     0.00059440000
   6   7450.52200000000     0.00192920000
   7   2905.07400000000     0.00566890000
   8   1204.21000000000     0.01502820000
   9    524.30450000000     0.03502220000
  10    237.46560000000     0.06711350000
  11    110.57870000000     0.08501560000
  12     51.37462000000    -0.00472120000
  13     24.44085000000    -0.30167370000
  14     11.76859000000    -0.48254890000
  15      5.34211900000     0.08916950000
  16      2.49503600000     0.72878300000
  17      1.09877300000     0.42885420000
  18      0.26018000000     0.02072490000
 S 18 
   1  6558157.00000000000     0.00000020000
   2  982025.30000000005     0.00000170000
   3  223467.70000000001     0.00000900000
   4  63288.29000000000     0.00003800000
   5  20642.94000000000     0.00013820000
   6   7450.52200000000     0.00044890000
   7   2905.07400000000     0.00131880000
   8   1204.21000000000     0.00350160000
   9    524.30450000000     0.00816730000
  10    237.46560000000     0.01573380000
  11    110.57870000000     0.02002840000
  12     51.37462000000    -0.00101360000
  13     24.44085000000    -0.07501620000
  14     11.76859000000    -0.12579800000
  15      5.34211900000     0.03008570000
  16      2.49503600000     0.24881690000
  17      1.09877300000     0.28437060000
  18      0.26018000000    -0.31105940000
 S 1 
   1      0.12707900000     1.00000000000
 S 1 
   1      0.05440800000     1.00000000000
 P 11 
   1   8050.16700000000     0.00031690000
   2   1907.53600000000     0.00276480000
   3    618.62750000000     0.01512040000
   4    235.32420000000     0.05995830000
   5     98.89965000000     0.17331200000
   6     44.24822000000     0.34108200000
   7     20.61743000000     0.38969670000
   8      9.78051600000     0.18398170000
   9      4.44123800000     0.02188960000
  10      1.96404500000     0.00116080000
  11      0.83357800000     0.00027350000
 P 11 
   1   8050.16700000000    -0.00012030000
   2   1907.53600000000    -0.00104920000
   3    618.62750000000    -0.00581020000
   4    235.32420000000    -0.02343450000
   5     98.89965000000    -0.07082700000
   6     44.24822000000    -0.14655110000
   7     20.61743000000    -0.17696600000
   8      9.78051600000     0.03638210000
   9      4.44123800000     0.42328480000
  10      1.96404500000     0.49525860000
  11      0.83357800000     0.17974280000
 P 11 
   1   8050.16700000000     0.00002000000
   2   1907.53600000000     0.00016890000
   3    618.62750000000     0.00096680000
   4    235.32420000000     0.00377970000
   5     98.89965000000     0.01190820000
   6     44.24822000000     0.02356930000
   7     20.61743000000     0.03142330000
   8      9.78051600000    -0.01361880000
   9      4.44123800000    -0.07340030000
  10      1.96404500000    -0.12647850000
  11      0.83357800000     0.01585790000
 P 1 
   1      0.19344500000     1.00000000000
 P 1 
   1      0.05611700000     1.00000000000
 D 7 
   1    244.14740000000     0.00202700000
   2     73.06759000000     0.01650880000
   3     27.59208000000     0.07038230000
   4     11.54652000000     0.19114300000
   5      5.04862800000     0.32540920000
   6      2.17846500000     0.36781990000
   7      0.90025300000     0.27446850000
 D 1 
   1      0.33732700000     1.00000000000
 D 1 
   1      0.11690000000     1.00000000000
 F 1 
   1      0.28810000000     1.00000000000

GERMANIUM
 S 18 
   1  7447967.00000000000     0.00000740000
   2  1115318.00000000000     0.00005740000
   3  253842.60000000001     0.00030190000
   4  71915.28999999999     0.00127330000
   5  23470.18000000000     0.00461230000
   6   8477.49200000000     0.01482140000
   7   3308.39100000000     0.04255360000
   8   1372.60500000000     0.10730550000
   9    598.22010000000     0.22451780000
  10    271.38600000000     0.34531310000
  11    126.97800000000     0.30452610000
  12     60.22207000000     0.09906700000
  13     28.01858000000     0.00413170000
  14     13.51752000000     0.00103470000
  15      6.30940600000    -0.00048560000
  16      2.90453400000     0.00018050000
  17      1.28755600000    -0.00009120000
  18      0.16773200000    -0.00002660000
 S 18 
   1  7447967.00000000000    -0.00000230000
   2  1115318.00000000000    -0.00001790000
   3  253842.60000000001    -0.00009400000
   4  71915.28999999999    -0.00039640000
   5  23470.18000000000    -0.00144250000
   6   8477.49200000000    -0.00466750000
   7   3308.39100000000    -0.01371530000
   8   1372.60500000000    -0.03617970000
   9    598.22010000000    -0.08416790000
  10    271.38600000000    -0.15887670000
  11    126.97800000000    -0.20338070000
  12     60.22207000000    -0.02514100000
  13     28.01858000000     0.45751520000
  14     13.51752000000     0.55719390000
  15      6.30940600000     0.13970550000
  16      2.90453400000     0.00226450000
  17      1.28755600000     0.00209270000
  18      0.16773200000     0.00032810000
 S 18 
   1  7447967.00000000000     0.00000090000
   2  1115318.00000000000     0.00000690000
   3  253842.60000000001     0.00003620000
   4  71915.28999999999     0.00015280000
   5  23470.18000000000     0.00055630000
   6   8477.49200000000     0.00180180000
   7   3308.39100000000     0.00530850000
   8   1372.60500000000     0.01408770000
   9    598.22010000000     0.03320130000
  10    271.38600000000     0.06446210000
  11    126.97800000000     0.08695400000
  12     60.22207000000     0.01187450000
  13     28.01858000000    -0.27245340000
  14     13.51752000000    -0.50014520000
  15      6.30940600000     0.01085540000
  16      2.90453400000     0.72164690000
  17      1.28755600000     0.48052130000
  18      0.16773200000    -0.01022970000
 S 18 
   1  7447967.00000000000    -0.00000020000
   2  1115318.00000000000    -0.00000180000
   3  253842.60000000001    -0.00000930000
   4  71915.28999999999    -0.00003920000
   5  23470.18000000000    -0.00014260000
   6   8477.49200000000    -0.00046210000
   7   3308.39100000000    -0.00136140000
   8   1372.60500000000    -0.00361750000
   9    598.22010000000    -0.00853590000
  10    271.38600000000    -0.01665060000
  11    126.97800000000    -0.02259110000
  12     60.22207000000    -0.00321470000
  13     28.01858000000     0.07449980000
  14     13.51752000000     0.14403330000
  15      6.30940600000    -0.00808150000
  16      2.90453400000    -0.27041630000
  17      1.28755600000    -0.34016070000
  18      0.16773200000     0.61906570000
 S 1 
   1      0.33655200000     1.00000000000
 S 1 
   1      0.07106900000     1.00000000000
 P 11 
   1   6979.59800000000     0.00045690000
   2   1654.16500000000     0.00395620000
   3    536.02860000000     0.02131430000
   4    203.53710000000     0.08187150000
   5     85.23753000000     0.22237320000
   6     37.84196000000     0.39056590000
   7     17.40651000000     0.35604150000
   8      7.88149200000     0.10703120000
   9      3.53321300000     0.00369410000
  10      1.52147300000     0.00192190000
  11      0.19909300000     0.00019170000
 P 11 
   1   6979.59800000000    -0.00017560000
   2   1654.16500000000    -0.00153050000
   3    536.02860000000    -0.00831450000
   4    203.53710000000    -0.03287180000
   5     85.23753000000    -0.09316610000
   6     37.84196000000    -0.17555420000
   7     17.40651000000    -0.14679120000
   8      7.88149200000     0.18629340000
   9      3.53321300000     0.52648620000
  10      1.52147300000     0.39708590000
  11      0.19909300000    -0.00334780000
 P 11 
   1   6979.59800000000     0.00003480000
   2   1654.16500000000     0.00030140000
   3    536.02860000000     0.00164870000
   4    203.53710000000     0.00649820000
   5     85.23753000000     0.01863830000
   6     37.84196000000     0.03506130000
   7     17.40651000000     0.02958920000
   8      7.88149200000    -0.04724580000
   9      3.53321300000    -0.12498470000
  10      1.52147300000    -0.12108010000
  11      0.19909300000     0.57547300000
 P 1 
   1      0.56270400000     1.00000000000
 P 1 
   1      0.06703100000     1.00000000000
 D 7 
   1    282.23910000000     0.00182750000
   2     84.54996000000     0.01515450000
   3     32.07366000000     0.06604600000
   4     13.49750000000     0.18394700000
   5      5.95855000000     0.32278720000
   6      2.61078800000     0.37294590000
   7      1.10398700000     0.27517300000
 D 1 
   1      0.42404900000     1.00000000000
 D 1 
   1      0.15200000000     1.00000000000
 F 1 
   1      0.34580000000     1.00000000000

ARSENIC
 S 18 
   1  8482340.00000000000     0.00000680000
   2  1270151.00000000000     0.00005280000
   3  289057.00000000000     0.00027740000
   4  81879.85000000001     0.00117020000
   5  26716.56000000000     0.00424210000
   6   9647.58400000000     0.01365570000
   7   3764.11900000000     0.03933990000
   8   1561.56600000000     0.09992920000
   9    680.81470000000     0.21215550000
  10    309.24120000000     0.33638660000
  11    145.25740000000     0.31551250000
  12     69.73905000000     0.11813120000
  13     31.77032000000     0.00800760000
  14     15.39176000000     0.00032930000
  15      7.34152600000    -0.00015230000
  16      3.32371600000     0.00002470000
  17      1.48586700000    -0.00003660000
  18      0.21150000000    -0.00000940000
 S 18 
   1  8482340.00000000000    -0.00000210000
   2  1270151.00000000000    -0.00001650000
   3  289057.00000000000    -0.00008660000
   4  81879.85000000001    -0.00036530000
   5  26716.56000000000    -0.00133090000
   6   9647.58400000000    -0.00430930000
   7   3764.11900000000    -0.01269730000
   8   1561.56600000000    -0.03361600000
   9    680.81470000000    -0.07894700000
  10    309.24120000000    -0.15144580000
  11    145.25740000000    -0.20420140000
  12     69.73905000000    -0.05573670000
  13     31.77032000000     0.41876070000
  14     15.39176000000     0.57587620000
  15      7.34152600000     0.16968420000
  16      3.32371600000     0.00606620000
  17      1.48586700000     0.00176050000
  18      0.21150000000     0.00023160000
 S 18 
   1  8482340.00000000000     0.00000080000
   2  1270151.00000000000     0.00000640000
   3  289057.00000000000     0.00003370000
   4  81879.85000000001     0.00014230000
   5  26716.56000000000     0.00051880000
   6   9647.58400000000     0.00168020000
   7   3764.11900000000     0.00496770000
   8   1561.56600000000     0.01321150000
   9    680.81470000000     0.03145660000
  10    309.24120000000     0.06184460000
  11    145.25740000000     0.08795660000
  12     69.73905000000     0.02575480000
  13     31.77032000000    -0.24554590000
  14     15.39176000000    -0.50905720000
  15      7.34152600000    -0.05557490000
  16      3.32371600000     0.70837960000
  17      1.48586700000     0.52310270000
  18      0.21150000000    -0.01111760000
 S 18 
   1  8482340.00000000000    -0.00000020000
   2  1270151.00000000000    -0.00000180000
   3  289057.00000000000    -0.00000930000
   4  81879.85000000001    -0.00003920000
   5  26716.56000000000    -0.00014290000
   6   9647.58400000000    -0.00046290000
   7   3764.11900000000    -0.00136870000
   8   1561.56600000000    -0.00364400000
   9    680.81470000000    -0.00868840000
  10    309.24120000000    -0.01715560000
  11    145.25740000000    -0.02455140000
  12     69.73905000000    -0.00735240000
  13     31.77032000000     0.07200870000
  14     15.39176000000     0.15762540000
  15      7.34152600000     0.01420740000
  16      3.32371600000    -0.28515930000
  17      1.48586700000    -0.38853470000
  18      0.21150000000     0.64953370000
 S 1 
   1      0.42108600000     1.00000000000
 S 1 
   1      0.08897400000     1.00000000000
 P 11 
   1   7423.86100000000     0.00045990000
   2   1759.51700000000     0.00398230000
   3    570.22920000000     0.02146380000
   4    216.58000000000     0.08246170000
   5     90.73425000000     0.22389020000
   6     40.30879000000     0.39207040000
   7     18.55550000000     0.35422380000
   8      8.39654300000     0.10486410000
   9      3.76736700000     0.00336640000
  10      1.62970100000     0.00184950000
  11      0.22250300000     0.00022970000
 P 11 
   1   7423.86100000000    -0.00017940000
   2   1759.51700000000    -0.00156410000
   3    570.22920000000    -0.00849990000
   4    216.58000000000    -0.03363270000
   5     90.73425000000    -0.09532280000
   6     40.30879000000    -0.17936260000
   7     18.55550000000    -0.14666820000
   8      8.39654300000     0.19660160000
   9      3.76736700000     0.53720880000
  10      1.62970100000     0.38573610000
  11      0.22250300000    -0.00540060000
 P 11 
   1   7423.86100000000     0.00003990000
   2   1759.51700000000     0.00034880000
   3    570.22920000000     0.00189530000
   4    216.58000000000     0.00753250000
   5     90.73425000000     0.02143150000
   6     40.30879000000     0.04078070000
   7     18.55550000000     0.03252490000
   8      8.39654300000    -0.05488320000
   9      3.76736700000    -0.15119220000
  10      1.62970100000    -0.12490110000
  11      0.22250300000     0.58552930000
 P 1 
   1      0.56826300000     1.00000000000
 P 1 
   1      0.08040500000     1.00000000000
 D 7 
   1    321.01960000000     0.00168400000
   2     96.24931000000     0.01415860000
   3     36.64496000000     0.06282590000
   4     15.49396000000     0.17849930000
   5      6.89113800000     0.32094520000
   6      3.05483100000     0.37735150000
   7      1.31424100000     0.27502310000
 D 1 
   1      0.51343000000     1.00000000000
 D 1 
   1      0.18770000000     1.00000000000
 F 1 
   1      0.41580000000     1.00000000000

SELENIUM
 S 18 
   1  9563600.00000000000     0.00000630000
   2  1432100.00000000000     0.00004890000
   3  325910.00000000000     0.00025740000
   4  92312.00000000000     0.00108610000
   5  30116.00000000000     0.00393990000
   6  10872.00000000000     0.01270410000
   7   4240.10000000000     0.03671560000
   8   1758.40000000000     0.09386720000
   9    766.59000000000     0.20176770000
  10    348.43000000000     0.32805400000
  11    164.03000000000     0.32383340000
  12     79.14200000000     0.13523370000
  13     35.52400000000     0.01170750000
  14     17.30500000000    -0.00034360000
  15      8.37840000000     0.00016650000
  16      3.74050000000    -0.00011880000
  17      1.68900000000     0.00002040000
  18      0.25520000000     0.00000830000
 S 18 
   1  9563600.00000000000    -0.00000200000
   2  1432100.00000000000    -0.00001530000
   3  325910.00000000000    -0.00008060000
   4  92312.00000000000    -0.00034000000
   5  30116.00000000000    -0.00123970000
   6  10872.00000000000    -0.00401770000
   7   4240.10000000000    -0.01186720000
   8   1758.40000000000    -0.03153400000
   9    766.59000000000    -0.07464390000
  10    348.43000000000    -0.14521790000
  11    164.03000000000    -0.20384410000
  12     79.14200000000    -0.07887110000
  13     35.52400000000     0.38458250000
  14     17.30500000000     0.58652700000
  15      8.37840000000     0.19735910000
  16      3.74050000000     0.01001020000
  17      1.68900000000     0.00131600000
  18      0.25520000000     0.00011090000
 S 18 
   1  9563600.00000000000     0.00000080000
   2  1432100.00000000000     0.00000600000
   3  325910.00000000000     0.00003170000
   4  92312.00000000000     0.00013370000
   5  30116.00000000000     0.00048830000
   6  10872.00000000000     0.00158210000
   7   4240.10000000000     0.00469190000
   8   1758.40000000000     0.01250980000
   9    766.59000000000     0.03003810000
  10    348.43000000000     0.05972710000
  11    164.03000000000     0.08846960000
  12     79.14200000000     0.03639200000
  13     35.52400000000    -0.22353290000
  14     17.30500000000    -0.51224620000
  15      8.37840000000    -0.10842240000
  16      3.74050000000     0.69363720000
  17      1.68900000000     0.55587110000
  18      0.25520000000    -0.01138320000
 S 18 
   1  9563600.00000000000    -0.00000020000
   2  1432100.00000000000    -0.00000180000
   3  325910.00000000000    -0.00000930000
   4  92312.00000000000    -0.00003910000
   5  30116.00000000000    -0.00014280000
   6  10872.00000000000    -0.00046270000
   7   4240.10000000000    -0.00137220000
   8   1758.40000000000    -0.00366280000
   9    766.59000000000    -0.00880610000
  10    348.43000000000    -0.01758670000
  11    164.03000000000    -0.02620740000
  12     79.14200000000    -0.01099640000
  13     35.52400000000     0.06956970000
  14     17.30500000000     0.16839470000
  15      8.37840000000     0.03461600000
  16      3.74050000000    -0.29787020000
  17      1.68900000000    -0.43225690000
  18      0.25520000000     0.67572170000
 S 1 
   1      0.50927000000     1.00000000000
 S 1 
   1      0.10651000000     1.00000000000
 P 11 
   1   8004.30000000000     0.00045050000
   2   1896.90000000000     0.00390490000
   3    614.71000000000     0.02109010000
   4    233.50000000000     0.08129200000
   5     97.85600000000     0.22178410000
   6     43.51400000000     0.39072700000
   7     20.06300000000     0.35597140000
   8      9.11270000000     0.10732720000
   9      4.10630000000     0.00369850000
  10      1.79490000000     0.00180320000
  11      0.24615000000     0.00022080000
 P 11 
   1   8004.30000000000    -0.00017830000
   2   1896.90000000000    -0.00155540000
   3    614.71000000000    -0.00847270000
   4    233.50000000000    -0.03362450000
   5     97.85600000000    -0.09582670000
   6     43.51400000000    -0.18139070000
   7     20.06300000000    -0.15031520000
   8      9.11270000000     0.19482630000
   9      4.10630000000     0.54155540000
  10      1.79490000000     0.38372990000
  11      0.24615000000    -0.00501320000
 P 11 
   1   8004.30000000000     0.00004300000
   2   1896.90000000000     0.00037700000
   3    614.71000000000     0.00204650000
   4    233.50000000000     0.00818990000
   5     97.85600000000     0.02333560000
   6     43.51400000000     0.04498130000
   7     20.06300000000     0.03574750000
   8      9.11270000000    -0.05868660000
   9      4.10630000000    -0.17095730000
  10      1.79490000000    -0.12935830000
  11      0.24615000000     0.57780690000
 P 1 
   1      0.62432000000     1.00000000000
 P 1 
   1      0.08891700000     1.00000000000
 D 7 
   1    361.85000000000     0.00156550000
   2    108.55000000000     0.01332620000
   3     41.43300000000     0.06015270000
   4     17.57900000000     0.17402930000
   5      7.86270000000     0.31956900000
   6      3.51800000000     0.38120290000
   7      1.53480000000     0.27460860000
 D 1 
   1      0.60813000000     1.00000000000
 D 1 
   1      0.22200000000     1.00000000000
 F 1 
   1      0.46200000000     1.00000000000

BROMINE
 S 18 
   1  10639000.00000000000     0.00000590000
   2  1593400.00000000000     0.00004610000
   3  362610.00000000000     0.00024220000
   4  102700.00000000000     0.00102260000
   5  33501.00000000000     0.00371130000
   6  12093.00000000000     0.01197850000
   7   4715.90000000000     0.03469270000
   8   1955.60000000000     0.08912390000
   9    852.61000000000     0.19345570000
  10    387.67000000000     0.32090190000
  11    182.68000000000     0.32992330000
  12     88.24500000000     0.14941210000
  13     39.26300000000     0.01499380000
  14     19.23400000000    -0.00091650000
  15      9.40570000000     0.00043800000
  16      4.16010000000    -0.00023980000
  17      1.89950000000     0.00007360000
  18      0.30114000000     0.00002390000
 S 18 
   1  10639000.00000000000    -0.00000190000
   2  1593400.00000000000    -0.00001450000
   3  362610.00000000000    -0.00007610000
   4  102700.00000000000    -0.00032100000
   5  33501.00000000000    -0.00117090000
   6  12093.00000000000    -0.00379680000
   7   4715.90000000000    -0.01123070000
   8   1955.60000000000    -0.02992770000
   9    852.61000000000    -0.07127060000
  10    387.67000000000    -0.14031360000
  11    182.68000000000    -0.20307630000
  12     88.24500000000    -0.09609850000
  13     39.26300000000     0.35580860000
  14     19.23400000000     0.59217920000
  15      9.40570000000     0.22159770000
  16      4.16010000000     0.01376480000
  17      1.89950000000     0.00083950000
  18      0.30114000000    -0.00000850000
 S 18 
   1  10639000.00000000000     0.00000070000
   2  1593400.00000000000     0.00000570000
   3  362610.00000000000     0.00003030000
   4  102700.00000000000     0.00012750000
   5  33501.00000000000     0.00046590000
   6  12093.00000000000     0.00150960000
   7   4715.90000000000     0.00448520000
   8   1955.60000000000     0.01198350000
   9    852.61000000000     0.02895710000
  10    387.67000000000     0.05815660000
  11    182.68000000000     0.08881330000
  12     88.24500000000     0.04452440000
  13     39.26300000000    -0.20603870000
  14     19.23400000000    -0.51270170000
  15      9.40570000000    -0.15093490000
  16      4.16010000000     0.67892030000
  17      1.89950000000     0.58176970000
  18      0.30114000000    -0.01118250000
 S 18 
   1  10639000.00000000000    -0.00000020000
   2  1593400.00000000000    -0.00000180000
   3  362610.00000000000    -0.00000930000
   4  102700.00000000000    -0.00003910000
   5  33501.00000000000    -0.00014280000
   6  12093.00000000000    -0.00046280000
   7   4715.90000000000    -0.00137500000
   8   1955.60000000000    -0.00367840000
   9    852.61000000000    -0.00889810000
  10    387.67000000000    -0.01795290000
  11    182.68000000000    -0.02757320000
  12     88.24500000000    -0.01409530000
  13     39.26300000000     0.06725610000
  14     19.23400000000     0.17669280000
  15      9.40570000000     0.05288610000
  16      4.16010000000    -0.30759550000
  17      1.89950000000    -0.47006580000
  18      0.30114000000     0.69803410000
 S 1 
   1      0.60472000000     1.00000000000
 S 1 
   1      0.12515000000     1.00000000000
 P 11 
   1   8676.50000000000     0.00043570000
   2   2055.90000000000     0.00378150000
   3    666.23000000000     0.02047820000
   4    253.10000000000     0.07928340000
   5    106.12000000000     0.21784730000
   6     47.24200000000     0.38785850000
   7     21.82500000000     0.35943500000
   8      9.96840000000     0.11219950000
   9      4.51710000000     0.00438740000
  10      1.99820000000     0.00178090000
  11      0.28145000000     0.00021220000
 P 11 
   1   8676.50000000000    -0.00017480000
   2   2055.90000000000    -0.00152630000
   3    666.23000000000    -0.00833990000
   4    253.10000000000    -0.03322030000
   5    106.12000000000    -0.09541800000
   6     47.24200000000    -0.18240260000
   7     21.82500000000    -0.15583080000
   8      9.96840000000     0.18678990000
   9      4.51710000000     0.54277330000
  10      1.99820000000     0.38733090000
  11      0.28145000000    -0.00437840000
 P 11 
   1   8676.50000000000     0.00004510000
   2   2055.90000000000     0.00039640000
   3    666.23000000000     0.00215550000
   4    253.10000000000     0.00867200000
   5    106.12000000000     0.02486800000
   6     47.24200000000     0.04854720000
   7     21.82500000000     0.03961560000
   8      9.96840000000    -0.06057490000
   9      4.51710000000    -0.18716990000
  10      1.99820000000    -0.13777570000
  11      0.28145000000     0.57608960000
 P 1 
   1      0.70988000000     1.00000000000
 P 1 
   1      0.10204000000     1.00000000000
 D 7 
   1    403.83000000000     0.00147320000
   2    121.17000000000     0.01267250000
   3     46.34500000000     0.05804510000
   4     19.72100000000     0.17051030000
   5      8.86240000000     0.31859580000
   6      3.99620000000     0.38450230000
   7      1.76360000000     0.27377370000
 D 1 
   1      0.70619000000     1.00000000000
 D 1 
   1      0.26390000000     1.00000000000
 F 1 
   1      0.55150000000     1.00000000000

KRYPTON
 S 18 
   1  11718110.00000000000     0.00000560000
   2  1754604.00000000000     0.00004380000
   3  399281.29999999999     0.00023050000
   4  113084.60000000001     0.00097330000
   5  36885.93000000000     0.00353370000
   6  13312.21000000000     0.01141670000
   7   5189.98800000000     0.03313250000
   8   2151.66000000000     0.08544640000
   9    938.03250000000     0.18691240000
  10    426.55730000000     0.31497610000
  11    201.06660000000     0.33433340000
  12     97.09761000000     0.16088100000
  13     42.99872000000     0.01784350000
  14     21.17707000000    -0.00137930000
  15     10.42675000000     0.00065720000
  16      4.58500800000    -0.00033880000
  17      2.11760300000     0.00012110000
  18      0.34922500000     0.00003660000
 S 18 
   1  11718110.00000000000    -0.00000180000
   2  1754604.00000000000    -0.00001380000
   3  399281.29999999999    -0.00007260000
   4  113084.60000000001    -0.00030630000
   5  36885.93000000000    -0.00111770000
   6  13312.21000000000    -0.00362700000
   7   5189.98800000000    -0.01074320000
   8   2151.66000000000    -0.02869920000
   9    938.03250000000    -0.06866790000
  10    426.55730000000    -0.13651550000
  11    201.06660000000    -0.20224580000
  12     97.09761000000    -0.10905690000
  13     42.99872000000     0.33187680000
  14     21.17707000000     0.59482500000
  15     10.42675000000     0.24248250000
  16      4.58500800000     0.01722410000
  17      2.11760300000     0.00036850000
  18      0.34922500000    -0.00011530000
 S 18 
   1  11718110.00000000000     0.00000070000
   2  1754604.00000000000     0.00000550000
   3  399281.29999999999     0.00002920000
   4  113084.60000000001     0.00012280000
   5  36885.93000000000     0.00044910000
   6  13312.21000000000     0.00145570000
   7   5189.98800000000     0.00433190000
   8   2151.66000000000     0.01159650000
   9    938.03250000000     0.02815850000
  10    426.55730000000     0.05703390000
  11    201.06660000000     0.08913560000
  12     97.09761000000     0.05084210000
  13     42.99872000000    -0.19210300000
  14     21.17707000000    -0.51210400000
  15     10.42675000000    -0.18570070000
  16      4.58500800000     0.66541190000
  17      2.11760300000     0.60239250000
  18      0.34922500000    -0.01064530000
 S 18 
   1  11718110.00000000000    -0.00000020000
   2  1754604.00000000000    -0.00000180000
   3  399281.29999999999    -0.00000930000
   4  113084.60000000001    -0.00003910000
   5  36885.93000000000    -0.00014300000
   6  13312.21000000000    -0.00046390000
   7   5189.98800000000    -0.00138010000
   8   2151.66000000000    -0.00370010000
   9    938.03250000000    -0.00899210000
  10    426.55730000000    -0.01830210000
  11    201.06660000000    -0.02875590000
  12     97.09761000000    -0.01673240000
  13     42.99872000000     0.06524100000
  14     21.17707000000     0.18344220000
  15     10.42675000000     0.06921830000
  16      4.58500800000    -0.31560340000
  17      2.11760300000    -0.50315010000
  18      0.34922500000     0.71715710000
 S 1 
   1      0.70705700000     1.00000000000
 S 1 
   1      0.14482100000     1.00000000000
 P 11 
   1   9366.30900000000     0.00042310000
   2   2219.55400000000     0.00367430000
   3    719.45290000000     0.01993120000
   4    273.46450000000     0.07742220000
   5    114.75230000000     0.21403860000
   6     51.15557000000     0.38485560000
   7     23.68268000000     0.36263400000
   8     10.87548000000     0.11708180000
   9      4.95513100000     0.00512100000
  10      2.21726700000     0.00175390000
  11      0.32215400000     0.00021990000
 P 11 
   1   9366.30900000000    -0.00017200000
   2   2219.55400000000    -0.00150250000
   3    719.45290000000    -0.00822690000
   4    273.46450000000    -0.03285660000
   5    114.75230000000    -0.09501350000
   6     51.15557000000    -0.18331060000
   7     23.68268000000    -0.16121610000
   8     10.87548000000     0.17876440000
   9      4.95513100000     0.54378850000
  10      2.21726700000     0.39133870000
  11      0.32215400000    -0.00478000000
 P 11 
   1   9366.30900000000     0.00004660000
   2   2219.55400000000     0.00041000000
   3    719.45290000000     0.00223280000
   4    273.46450000000     0.00901440000
   5    114.75230000000     0.02601150000
   6     51.15557000000     0.05133400000
   7     23.68268000000     0.04309290000
   8     10.87548000000    -0.06150400000
   9      4.95513100000    -0.20034240000
  10      2.21726700000    -0.14573640000
  11      0.32215400000     0.57645810000
 P 1 
   1      0.80641000000     1.00000000000
 P 1 
   1      0.11761900000     1.00000000000
 D 7 
   1    446.16130000000     0.00140440000
   2    133.96480000000     0.01217150000
   3     51.34591000000     0.05639190000
   4     21.91691000000     0.16764300000
   5      9.89372500000     0.31773680000
   6      4.49252700000     0.38726470000
   7      2.00229300000     0.27280060000
 D 1 
   1      0.80840900000     1.00000000000
 D 1 
   1      0.30060000000     1.00000000000
 F 1 
   1      0.66220000000     1.00000000000

YTTRIUM
 S 24 
   1  20133700.00000000000     0.00000200000
   2  4277710.00000000000     0.00001500000
   3  1129920.00000000000     0.00006700000
   4  351974.00000000000     0.00025600000
   5  123945.00000000000     0.00085200000
   6  47739.90000000000     0.00258000000
   7  19619.20000000000     0.00728500000
   8   8450.36000000000     0.01938900000
   9   3769.02000000000     0.04829800000
  10   1727.91000000000     0.10948400000
  11    811.04000000000     0.21147000000
  12    389.11100000000     0.30688800000
  13    190.71700000000     0.26259200000
  14     95.44330000000     0.09680800000
  15     48.68210000000     0.04807900000
  16     25.20320000000     0.06356200000
  17     13.14190000000     0.02743300000
  18      6.81669000000     0.00811100000
  19      3.45339000000     0.00741000000
  20      1.66591000000     0.00188800000
  21      0.79004200000    -0.00004300000
  22      0.35827900000     0.00002400000
  23      0.09548200000    -0.00001300000
  24      0.05391700000     0.00001000000
 S 24 
   1  20133700.00000000000    -0.00000100000
   2  4277710.00000000000    -0.00000700000
   3  1129920.00000000000    -0.00003000000
   4  351974.00000000000    -0.00011600000
   5  123945.00000000000    -0.00038600000
   6  47739.90000000000    -0.00117200000
   7  19619.20000000000    -0.00332100000
   8   8450.36000000000    -0.00892400000
   9   3769.02000000000    -0.02264200000
  10   1727.91000000000    -0.05351400000
  11    811.04000000000    -0.11238300000
  12    389.11100000000    -0.19425400000
  13    190.71700000000    -0.22486200000
  14     95.44330000000    -0.06167700000
  15     48.68210000000     0.33590200000
  16     25.20320000000     0.53493000000
  17     13.14190000000     0.23817800000
  18      6.81669000000     0.04198800000
  19      3.45339000000     0.02433600000
  20      1.66591000000     0.00574800000
  21      0.79004200000    -0.00014200000
  22      0.35827900000     0.00004100000
  23      0.09548200000    -0.00003200000
  24      0.05391700000     0.00002300000
 S 23 
   1  4277710.00000000000     0.00000200000
   2  1129920.00000000000     0.00000900000
   3  351974.00000000000     0.00003600000
   4  123945.00000000000     0.00012000000
   5  47739.90000000000     0.00036500000
   6  19619.20000000000     0.00103500000
   7   8450.36000000000     0.00280200000
   8   3769.02000000000     0.00717200000
   9   1727.91000000000     0.01740300000
  10    811.04000000000     0.03811200000
  11    389.11100000000     0.07185400000
  12    190.71700000000     0.09330500000
  13     95.44330000000     0.02712900000
  14     48.68210000000    -0.22829500000
  15     25.20320000000    -0.50087900000
  16     13.14190000000    -0.25951700000
  17      6.81669000000     0.45472300000
  18      3.45339000000     0.71792100000
  19      1.66591000000     0.18185200000
  20      0.79004200000     0.00092400000
  21      0.35827900000     0.00385900000
  22      0.09548200000    -0.00070800000
  23      0.05391700000     0.00057800000
 S 23 
   1  4277710.00000000000    -0.00000100000
   2  1129920.00000000000    -0.00000300000
   3  351974.00000000000    -0.00001300000
   4  123945.00000000000    -0.00004300000
   5  47739.90000000000    -0.00013000000
   6  19619.20000000000    -0.00037000000
   7   8450.36000000000    -0.00099800000
   8   3769.02000000000    -0.00256000000
   9   1727.91000000000    -0.00618500000
  10    811.04000000000    -0.01358500000
  11    389.11100000000    -0.02546900000
  12    190.71700000000    -0.03348300000
  13     95.44330000000    -0.00954100000
  14     48.68210000000     0.08469200000
  15     25.20320000000     0.20532000000
  16     13.14190000000     0.10442000000
  17      6.81669000000    -0.22471300000
  18      3.45339000000    -0.61887400000
  19      1.66591000000    -0.17663800000
  20      0.79004200000     0.72232100000
  21      0.35827900000     0.59622300000
  22      0.09548200000     0.05803600000
  23      0.05391700000    -0.02438900000
 S 22 
   1  1129920.00000000000     0.00000100000
   2  351974.00000000000     0.00000300000
   3  123945.00000000000     0.00001200000
   4  47739.90000000000     0.00003500000
   5  19619.20000000000     0.00010000000
   6   8450.36000000000     0.00026900000
   7   3769.02000000000     0.00069400000
   8   1727.91000000000     0.00166700000
   9    811.04000000000     0.00368500000
  10    389.11100000000     0.00686000000
  11    190.71700000000     0.00914400000
  12     95.44330000000     0.00241500000
  13     48.68210000000    -0.02270900000
  14     25.20320000000    -0.05737300000
  15     13.14190000000    -0.02722800000
  16      6.81669000000     0.06048300000
  17      3.45339000000     0.19514200000
  18      1.66591000000     0.04355300000
  19      0.79004200000    -0.26111400000
  20      0.35827900000    -0.41162000000
  21      0.09548200000     0.09362100000
  22      0.05391700000     0.68730100000
 S 22 
   1  1129920.00000000000     0.00000200000
   2  351974.00000000000     0.00000600000
   3  123945.00000000000     0.00001900000
   4  47739.90000000000     0.00006000000
   5  19619.20000000000     0.00016400000
   6   8450.36000000000     0.00046500000
   7   3769.02000000000     0.00113100000
   8   1727.91000000000     0.00290200000
   9    811.04000000000     0.00594800000
  10    389.11100000000     0.01219300000
  11    190.71700000000     0.01380900000
  12     95.44330000000     0.00789500000
  13     48.68210000000    -0.04710800000
  14     25.20320000000    -0.07908600000
  15     13.14190000000    -0.08251400000
  16      6.81669000000     0.17219800000
  17      3.45339000000     0.23298100000
  18      1.66591000000     0.27937300000
  19      0.79004200000    -0.96351600000
  20      0.35827900000    -0.33187300000
  21      0.09548200000     2.52713100000
  22      0.05391700000    -1.03839100000
 S 22 
   1  1129920.00000000000    -0.00000200000
   2  351974.00000000000    -0.00000900000
   3  123945.00000000000    -0.00002600000
   4  47739.90000000000    -0.00009000000
   5  19619.20000000000    -0.00022100000
   6   8450.36000000000    -0.00069900000
   7   3769.02000000000    -0.00150300000
   8   1727.91000000000    -0.00441400000
   9    811.04000000000    -0.00771900000
  10    389.11100000000    -0.01926700000
  11    190.71700000000    -0.01499900000
  12     95.44330000000    -0.02255700000
  13     48.68210000000     0.09329000000
  14     25.20320000000     0.06199800000
  15     13.14190000000     0.22317000000
  16      6.81669000000    -0.45815800000
  17      3.45339000000    -0.03237800000
  18      1.66591000000    -0.99149300000
  19      0.79004200000     3.15941900000
  20      0.35827900000    -2.32968200000
  21      0.09548200000    -2.19011900000
  22      0.05391700000     4.70767500000
 S 1 
   1      0.02380900000     1.00000000000
 P 19 
   1  150037.00000000000     0.00000400000
   2  34339.30000000000     0.00004600000
   3   9996.32000000000     0.00033700000
   4   3481.52000000000     0.00180300000
   5   1382.58000000000     0.00765000000
   6    603.40100000000     0.02659200000
   7    281.59200000000     0.07707100000
   8    137.76700000000     0.17847400000
   9     69.67930000000     0.30856200000
  10     36.06960000000     0.34628000000
  11     18.95970000000     0.19534400000
  12     10.04340000000     0.04053700000
  13      5.31307000000    -0.00058400000
  14      2.77218000000    -0.00225000000
  15      1.40173000000    -0.00039000000
  16      0.68377700000     0.00000400000
  17      0.32651500000     0.00005000000
  18      0.13311300000     0.00000200000
  19      0.05650700000     0.00000200000
 P 19 
   1  150037.00000000000    -0.00000200000
   2  34339.30000000000    -0.00001900000
   3   9996.32000000000    -0.00013900000
   4   3481.52000000000    -0.00074600000
   5   1382.58000000000    -0.00318100000
   6    603.40100000000    -0.01121800000
   7    281.59200000000    -0.03335300000
   8    137.76700000000    -0.08066900000
   9     69.67930000000    -0.14745900000
  10     36.06960000000    -0.17136100000
  11     18.95970000000    -0.01260300000
  12     10.04340000000     0.28831800000
  13      5.31307000000     0.47750300000
  14      2.77218000000     0.30563000000
  15      1.40173000000     0.05254200000
  16      0.68377700000    -0.00072700000
  17      0.32651500000    -0.00260600000
  18      0.13311300000    -0.00035100000
  19      0.05650700000    -0.00004300000
 P 19 
   1  150037.00000000000     0.00000100000
   2  34339.30000000000     0.00000600000
   3   9996.32000000000     0.00004600000
   4   3481.52000000000     0.00024800000
   5   1382.58000000000     0.00105900000
   6    603.40100000000     0.00374100000
   7    281.59200000000     0.01116000000
   8    137.76700000000     0.02715700000
   9     69.67930000000     0.05005500000
  10     36.06960000000     0.05855700000
  11     18.95970000000    -0.00235900000
  12     10.04340000000    -0.12275300000
  13      5.31307000000    -0.22424500000
  14      2.77218000000    -0.15307100000
  15      1.40173000000     0.23221900000
  16      0.68377700000     0.51952000000
  17      0.32651500000     0.37777900000
  18      0.13311300000     0.07140000000
  19      0.05650700000    -0.00351100000
 P 18 
   1  34339.30000000000    -0.00000200000
   2   9996.32000000000    -0.00001200000
   3   3481.52000000000    -0.00006500000
   4   1382.58000000000    -0.00027800000
   5    603.40100000000    -0.00098200000
   6    281.59200000000    -0.00292700000
   7    137.76700000000    -0.00713500000
   8     69.67930000000    -0.01314300000
   9     36.06960000000    -0.01542700000
  10     18.95970000000     0.00085800000
  11     10.04340000000     0.03278700000
  12      5.31307000000     0.06131400000
  13      2.77218000000     0.04066200000
  14      1.40173000000    -0.07289100000
  15      0.68377700000    -0.18030000000
  16      0.32651500000    -0.16612300000
  17      0.13311300000     0.20050100000
  18      0.05650700000     0.62118100000
 P 18 
   1  34339.30000000000    -0.00000400000
   2   9996.32000000000    -0.00002800000
   3   3481.52000000000    -0.00016300000
   4   1382.58000000000    -0.00064800000
   5    603.40100000000    -0.00245400000
   6    281.59200000000    -0.00681400000
   7    137.76700000000    -0.01795900000
   8     69.67930000000    -0.02993400000
   9     36.06960000000    -0.04199500000
  10     18.95970000000     0.01201800000
  11     10.04340000000     0.06029200000
  12      5.31307000000     0.19222700000
  13      2.77218000000     0.03193000000
  14      1.40173000000    -0.05426200000
  15      0.68377700000    -0.98334300000
  16      0.32651500000     0.48663900000
  17      0.13311300000     1.37710700000
  18      0.05650700000    -1.05867700000
 P 18 
   1  34339.30000000000    -0.00000500000
   2   9996.32000000000    -0.00003100000
   3   3481.52000000000    -0.00018800000
   4   1382.58000000000    -0.00071000000
   5    603.40100000000    -0.00282800000
   6    281.59200000000    -0.00746200000
   7    137.76700000000    -0.02083600000
   8     69.67930000000    -0.03229400000
   9     36.06960000000    -0.05141000000
  10     18.95970000000     0.02286100000
  11     10.04340000000     0.05863800000
  12      5.31307000000     0.25586000000
  13      2.77218000000    -0.02819600000
  14      1.40173000000    -0.08114800000
  15      0.68377700000    -1.58577300000
  16      0.32651500000     2.62300500000
  17      0.13311300000    -1.34138100000
  18      0.05650700000    -0.56773300000
 P 1 
   1      0.02307200000     1.00000000000
 D 13 
   1   1692.81000000000     0.00012500000
   2    495.35400000000     0.00134100000
   3    185.75700000000     0.00848700000
   4     80.73310000000     0.03449600000
   5     38.10520000000     0.10184500000
   6     18.78250000000     0.21956300000
   7      9.45122000000     0.32555400000
   8      4.77873000000     0.33353300000
   9      2.38345000000     0.19579000000
  10      1.12625000000     0.04556000000
  11      0.49183700000     0.00194400000
  12      0.20312700000     0.00035300000
  13      0.08060300000    -0.00008300000
 D 13 
   1   1692.81000000000    -0.00002300000
   2    495.35400000000    -0.00025100000
   3    185.75700000000    -0.00159500000
   4     80.73310000000    -0.00651000000
   5     38.10520000000    -0.01941200000
   6     18.78250000000    -0.04204700000
   7      9.45122000000    -0.06044000000
   8      4.77873000000    -0.05704300000
   9      2.38345000000     0.00442800000
  10      1.12625000000     0.15725000000
  11      0.49183700000     0.31650900000
  12      0.20312700000     0.38554700000
  13      0.08060300000     0.32025300000
 D 13 
   1   1692.81000000000     0.00002500000
   2    495.35400000000     0.00027400000
   3    185.75700000000     0.00173100000
   4     80.73310000000     0.00709800000
   5     38.10520000000     0.02110000000
   6     18.78250000000     0.04595000000
   7      9.45122000000     0.06518700000
   8      4.77873000000     0.06118700000
   9      2.38345000000    -0.01394300000
  10      1.12625000000    -0.19183600000
  11      0.49183700000    -0.39207100000
  12      0.20312700000    -0.21556600000
  13      0.08060300000     0.48990400000
 D 13 
   1   1692.81000000000    -0.00003100000
   2    495.35400000000    -0.00033400000
   3    185.75700000000    -0.00209700000
   4     80.73310000000    -0.00867500000
   5     38.10520000000    -0.02563500000
   6     18.78250000000    -0.05633900000
   7      9.45122000000    -0.07786000000
   8      4.77873000000    -0.07132700000
   9      2.38345000000     0.02997900000
  10      1.12625000000     0.28699100000
  11      0.49183700000     0.52136500000
  12      0.20312700000    -0.57689000000
  13      0.08060300000    -0.64195200000
 D 1 
   1      0.03033800000     1.00000000000
 F 1 
   1      0.47850000000     1.00000000000
 F 1 
   1      0.12320000000     1.00000000000
 G 1 
   1      0.27620000000     1.00000000000

SILVER
 S 25 
   1  259138000.00000000000     0.00000021000
   2  39884800.00000000000     0.00000169000
   3  8275150.00000000000     0.00001033000
   4  2158610.00000000000     0.00004775000
   5  668695.00000000000     0.00018226000
   6  235024.00000000000     0.00060701000
   7  90449.50000000000     0.00184281000
   8  37115.20000000000     0.00523520000
   9  15933.60000000000     0.01411628000
  10   7067.13000000000     0.03598758000
  11   3214.58000000000     0.08487161000
  12   1494.33000000000     0.17508450000
  13    709.34400000000     0.28414740000
  14    344.04400000000     0.29419430000
  15    170.63100000000     0.14089590000
  16     86.50830000000     0.05040732000
  17     44.71780000000     0.07285013000
  18     23.42300000000     0.04153360000
  19     12.29620000000     0.01424152000
  20      6.36006000000     0.01430038000
  21      3.16329000000     0.00443550000
  22      1.54427000000     0.00001018000
  23      0.70095200000     0.00006944000
  24      0.18693600000    -0.00001709000
  25      0.08881800000     0.00001165000
 S 25 
   1  259138000.00000000000    -0.00000010000
   2  39884800.00000000000    -0.00000081000
   3  8275150.00000000000    -0.00000495000
   4  2158610.00000000000    -0.00002288000
   5  668695.00000000000    -0.00008737000
   6  235024.00000000000    -0.00029104000
   7  90449.50000000000    -0.00088508000
   8  37115.20000000000    -0.00252054000
   9  15933.60000000000    -0.00684602000
  10   7067.13000000000    -0.01769942000
  11   3214.58000000000    -0.04310836000
  12   1494.33000000000    -0.09495108000
  13    709.34400000000    -0.17708340000
  14    344.04400000000    -0.23832900000
  15    170.63100000000    -0.14030390000
  16     86.50830000000     0.21918560000
  17     44.71780000000     0.52863090000
  18     23.42300000000     0.32057120000
  19     12.29620000000     0.07316766000
  20      6.36006000000     0.04663740000
  21      3.16329000000     0.01317719000
  22      1.54427000000     0.00022511000
  23      0.70095200000     0.00011839000
  24      0.18693600000    -0.00001790000
  25      0.08881800000     0.00001276000
 S 25 
   1  259138000.00000000000     0.00000003000
   2  39884800.00000000000     0.00000026000
   3  8275150.00000000000     0.00000161000
   4  2158610.00000000000     0.00000745000
   5  668695.00000000000     0.00002849000
   6  235024.00000000000     0.00009480000
   7  90449.50000000000     0.00028901000
   8  37115.20000000000     0.00082321000
   9  15933.60000000000     0.00225105000
  10   7067.13000000000     0.00586553000
  11   3214.58000000000     0.01462654000
  12   1494.33000000000     0.03350749000
  13    709.34400000000     0.06782020000
  14    344.04400000000     0.10299380000
  15    170.63100000000     0.06953936000
  16     86.50830000000    -0.16057280000
  17     44.71780000000    -0.50885810000
  18     23.42300000000    -0.42326150000
  19     12.29620000000     0.33432710000
  20      6.36006000000     0.80055550000
  21      3.16329000000     0.24282240000
  22      1.54427000000     0.00740614000
  23      0.70095200000     0.00498901000
  24      0.18693600000    -0.00040790000
  25      0.08881800000     0.00033883000
 S 25 
   1  259138000.00000000000    -0.00000001000
   2  39884800.00000000000    -0.00000010000
   3  8275150.00000000000    -0.00000064000
   4  2158610.00000000000    -0.00000296000
   5  668695.00000000000    -0.00001130000
   6  235024.00000000000    -0.00003768000
   7  90449.50000000000    -0.00011465000
   8  37115.20000000000    -0.00032723000
   9  15933.60000000000    -0.00089240000
  10   7067.13000000000    -0.00233012000
  11   3214.58000000000    -0.00578792000
  12   1494.33000000000    -0.01327812000
  13    709.34400000000    -0.02673036000
  14    344.04400000000    -0.04090293000
  15    170.63100000000    -0.02770659000
  16     86.50830000000     0.06585203000
  17     44.71780000000     0.23289870000
  18     23.42300000000     0.20513990000
  19     12.29620000000    -0.19536350000
  20      6.36006000000    -0.79959080000
  21      3.16329000000    -0.20964080000
  22      1.54427000000     0.80954920000
  23      0.70095200000     0.57987820000
  24      0.18693600000     0.04290975000
  25      0.08881800000    -0.01351627000
 S 24 
   1  39884800.00000000000     0.00000002000
   2  8275150.00000000000     0.00000015000
   3  2158610.00000000000     0.00000070000
   4  668695.00000000000     0.00000266000
   5  235024.00000000000     0.00000888000
   6  90449.50000000000     0.00002691000
   7  37115.20000000000     0.00007718000
   8  15933.60000000000     0.00020932000
   9   7067.13000000000     0.00054995000
  10   3214.58000000000     0.00135726000
  11   1494.33000000000     0.00313788000
  12    709.34400000000     0.00626542000
  13    344.04400000000     0.00972994000
  14    170.63100000000     0.00636199000
  15     86.50830000000    -0.01521674000
  16     44.71780000000    -0.05706815000
  17     23.42300000000    -0.04795546000
  18     12.29620000000     0.04488210000
  19      6.36006000000     0.22524130000
  20      3.16329000000     0.03900536000
  21      1.54427000000    -0.26567480000
  22      0.70095200000    -0.33437100000
  23      0.18693600000     0.09966407000
  24      0.08881800000     0.59403730000
 S 25 
   1  259138000.00000000000     0.00000001000
   2  39884800.00000000000     0.00000004000
   3  8275150.00000000000     0.00000027000
   4  2158610.00000000000     0.00000125000
   5  668695.00000000000     0.00000487000
   6  235024.00000000000     0.00001579000
   7  90449.50000000000     0.00004962000
   8  37115.20000000000     0.00013637000
   9  15933.60000000000     0.00038801000
  10   7067.13000000000     0.00096757000
  11   3214.58000000000     0.00252668000
  12   1494.33000000000     0.00548613000
  13    709.34400000000     0.01182379000
  14    344.04400000000     0.01639370000
  15    170.63100000000     0.01455668000
  16     86.50830000000    -0.03474921000
  17     44.71780000000    -0.08918933000
  18     23.42300000000    -0.11928080000
  19     12.29620000000     0.14640280000
  20      6.36006000000     0.32275330000
  21      3.16329000000     0.27843500000
  22      1.54427000000    -1.05068300000
  23      0.70095200000    -0.08917520000
  24      0.18693600000     1.39465200000
  25      0.08881800000     0.21723810000
 S 25 
   1  259138000.00000000000     0.00000001000
   2  39884800.00000000000     0.00000008000
   3  8275150.00000000000     0.00000050000
   4  2158610.00000000000     0.00000228000
   5  668695.00000000000     0.00000888000
   6  235024.00000000000     0.00002885000
   7  90449.50000000000     0.00009053000
   8  37115.20000000000     0.00024930000
   9  15933.60000000000     0.00070774000
  10   7067.13000000000     0.00176962000
  11   3214.58000000000     0.00460872000
  12   1494.33000000000     0.01004460000
  13    709.34400000000     0.02157905000
  14    344.04400000000     0.03016821000
  15    170.63100000000     0.02641743000
  16     86.50830000000    -0.06307222000
  17     44.71780000000    -0.17296820000
  18     23.42300000000    -0.21037300000
  19     12.29620000000     0.27675280000
  20      6.36006000000     0.68515740000
  21      3.16329000000     0.56476560000
  22      1.54427000000    -3.41758800000
  23      0.70095200000     2.77476400000
  24      0.18693600000     0.79548490000
  25      0.08881800000    -2.76906400000
 S 1 
   1      0.03692800000     1.00000000000
 P 20 
   1  1995380.00000000000     0.00000011000
   2  329993.00000000000     0.00000211000
   3  73174.60000000001     0.00002468000
   4  20424.00000000000     0.00019579000
   5   6809.95000000000     0.00114296000
   6   2599.57000000000     0.00525426000
   7   1098.17000000000     0.01963975000
   8    499.93200000000     0.06079079000
   9    240.32500000000     0.15119910000
  10    120.13900000000     0.28291360000
  11     61.74500000000     0.35090070000
  12     32.34040000000     0.22954300000
  13     17.13820000000     0.06744934000
  14      9.12541000000     0.01964114000
  15      4.84423000000     0.00920602000
  16      2.53875000000     0.00142190000
  17      1.26055000000     0.00000143000
  18      0.59874700000    -0.00002668000
  19      0.22273300000    -0.00000352000
  20      0.08937100000     0.00000001000
 P 20 
   1  1995380.00000000000    -0.00000005000
   2  329993.00000000000    -0.00000102000
   3  73174.60000000001    -0.00001200000
   4  20424.00000000000    -0.00009517000
   5   6809.95000000000    -0.00055721000
   6   2599.57000000000    -0.00257296000
   7   1098.17000000000    -0.00973219000
   8    499.93200000000    -0.03079804000
   9    240.32500000000    -0.07973744000
  10    120.13900000000    -0.15757880000
  11     61.74500000000    -0.20524510000
  12     32.34040000000    -0.06525558000
  13     17.13820000000     0.27033650000
  14      9.12541000000     0.50813990000
  15      4.84423000000     0.30661460000
  16      2.53875000000     0.04859711000
  17      1.26055000000     0.00176394000
  18      0.59874700000    -0.00129367000
  19      0.22273300000     0.00008505000
  20      0.08937100000    -0.00008142000
 P 20 
   1  1995380.00000000000     0.00000002000
   2  329993.00000000000     0.00000037000
   3  73174.60000000001     0.00000440000
   4  20424.00000000000     0.00003482000
   5   6809.95000000000     0.00020432000
   6   2599.57000000000     0.00094336000
   7   1098.17000000000     0.00358337000
   8    499.93200000000     0.01139039000
   9    240.32500000000     0.02983243000
  10    120.13900000000     0.05972005000
  11     61.74500000000     0.07914267000
  12     32.34040000000     0.01545381000
  13     17.13820000000    -0.14663770000
  14      9.12541000000    -0.30896450000
  15      4.84423000000    -0.15962590000
  16      2.53875000000     0.34202740000
  17      1.26055000000     0.55126410000
  18      0.59874700000     0.29922460000
  19      0.22273300000     0.03536356000
  20      0.08937100000    -0.00330445000
 P 19 
   1  329993.00000000000    -0.00000009000
   2  73174.60000000001    -0.00000104000
   3  20424.00000000000    -0.00000817000
   4   6809.95000000000    -0.00004813000
   5   2599.57000000000    -0.00022148000
   6   1098.17000000000    -0.00084435000
   7    499.93200000000    -0.00267636000
   8    240.32500000000    -0.00704184000
   9    120.13900000000    -0.01405361000
  10     61.74500000000    -0.01879912000
  11     32.34040000000    -0.00318703000
  12     17.13820000000     0.03547610000
  13      9.12541000000     0.07792444000
  14      4.84423000000     0.03624019000
  15      2.53875000000    -0.10215110000
  16      1.26055000000    -0.18693980000
  17      0.59874700000    -0.08296028000
  18      0.22273300000     0.27816330000
  19      0.08937100000     0.57639340000
 P 20 
   1  1995380.00000000000    -0.00000001000
   2  329993.00000000000    -0.00000016000
   3  73174.60000000001    -0.00000197000
   4  20424.00000000000    -0.00001534000
   5   6809.95000000000    -0.00009139000
   6   2599.57000000000    -0.00041652000
   7   1098.17000000000    -0.00160244000
   8    499.93200000000    -0.00503311000
   9    240.32500000000    -0.01337487000
  10    120.13900000000    -0.02637926000
  11     61.74500000000    -0.03605119000
  12     32.34040000000    -0.00492137000
  13     17.13820000000     0.06554355000
  14      9.12541000000     0.15087550000
  15      4.84423000000     0.07157855000
  16      2.53875000000    -0.20556500000
  17      1.26055000000    -0.44453750000
  18      0.59874700000     0.09344906000
  19      0.22273300000     0.66412650000
  20      0.08937100000     0.38641850000
 P 20 
   1  1995380.00000000000    -0.00000001000
   2  329993.00000000000    -0.00000027000
   3  73174.60000000001    -0.00000327000
   4  20424.00000000000    -0.00002522000
   5   6809.95000000000    -0.00015100000
   6   2599.57000000000    -0.00068498000
   7   1098.17000000000    -0.00264757000
   8    499.93200000000    -0.00828272000
   9    240.32500000000    -0.02213013000
  10    120.13900000000    -0.04342355000
  11     61.74500000000    -0.06035470000
  12     32.34040000000    -0.00669969000
  13     17.13820000000     0.11420070000
  14      9.12541000000     0.25003240000
  15      4.84423000000     0.16840120000
  16      2.53875000000    -0.57197860000
  17      1.26055000000    -0.88375460000
  18      0.59874700000     1.43691000000
  19      0.22273300000     0.23451280000
  20      0.08937100000    -0.91223840000
 P 1 
   1      0.03487100000     1.00000000000
 D 13 
   1   3953.79000000000     0.00005525000
   2   1100.89000000000     0.00069825000
   3    395.44000000000     0.00504095000
   4    167.96500000000     0.02321048000
   5     79.16000000000     0.07473833000
   6     39.60430000000     0.17862910000
   7     20.44090000000     0.30154180000
   8     10.70100000000     0.34959110000
   9      5.63049000000     0.23412560000
  10      2.88973000000     0.06762967000
  11      1.42248000000     0.00603147000
  12      0.66648300000     0.00090914000
  13      0.29400100000     0.00025624000
 D 13 
   1   3953.79000000000    -0.00001805000
   2   1100.89000000000    -0.00022951000
   3    395.44000000000    -0.00165748000
   4    167.96500000000    -0.00769877000
   5     79.16000000000    -0.02498871000
   6     39.60430000000    -0.06078076000
   7     20.44090000000    -0.10041290000
   8     10.70100000000    -0.10899200000
   9      5.63049000000    -0.01358082000
  10      2.88973000000     0.21011790000
  11      1.42248000000     0.37691400000
  12      0.66648300000     0.36634250000
  13      0.29400100000     0.21770680000
 D 13 
   1   3953.79000000000     0.00002154000
   2   1100.89000000000     0.00027029000
   3    395.44000000000     0.00197322000
   4    167.96500000000     0.00911210000
   5     79.16000000000     0.02994129000
   6     39.60430000000     0.07289976000
   7     20.44090000000     0.11966360000
   8     10.70100000000     0.11302220000
   9      5.63049000000    -0.01125926000
  10      2.88973000000    -0.36252450000
  11      1.42248000000    -0.46356920000
  12      0.66648300000     0.17384430000
  13      0.29400100000     0.58406180000
 D 13 
   1   3953.79000000000    -0.00002827000
   2   1100.89000000000    -0.00033740000
   3    395.44000000000    -0.00255573000
   4    167.96500000000    -0.01150956000
   5     79.16000000000    -0.03912001000
   6     39.60430000000    -0.09420037000
   7     20.44090000000    -0.15431920000
   8     10.70100000000    -0.09862894000
   9      5.63049000000     0.04431476000
  10      2.88973000000     0.73713600000
  11      1.42248000000    -0.00154382000
  12      0.66648300000    -1.01386400000
  13      0.29400100000     0.24331700000
 D 1 
   1      0.11823000000     1.00000000000
 F 1 
   1      2.19160000000     1.00000000000
 F 1 
   1      0.66680000000     1.00000000000
 G 1 
   1      1.51230000000     1.00000000000

GOLD
 S 29 
   1  1271940000.00000000000    -0.00000003000
   2  286473000.00000000000    -0.00000017000
   3  76939200.00000000000    -0.00000080000
   4  23711200.00000000000    -0.00000314000
   5  8122320.00000000000    -0.00001099000
   6  3013940.00000000000    -0.00003538000
   7  1187110.00000000000    -0.00010734000
   8  488680.00000000000    -0.00031139000
   9  207903.00000000000    -0.00087470000
  10  90720.70000000000    -0.00238385000
  11  40419.70000000000    -0.00631223000
  12  18349.20000000000    -0.01606026000
  13   8485.49000000000    -0.03862140000
  14   4001.42000000000    -0.08433381000
  15   1927.32000000000    -0.15643040000
  16    949.82100000000    -0.21015210000
  17    479.49700000000    -0.11481410000
  18    247.96700000000     0.22666600000
  19    131.13400000000     0.47906070000
  20     70.62840000000     0.26961600000
  21     38.47130000000     0.11662320000
  22     20.96980000000     0.10041440000
  23     11.27100000000     0.02737066000
  24      5.85843000000     0.01433630000
  25      2.87262000000     0.00414525000
  26      1.54009000000     0.00001853000
  27      0.72321800000     0.00001661000
  28      0.22608300000    -0.00000611000
  29      0.10050100000     0.00000279000
 S 30 
   1  7049400000.00000000000     0.00000001000
   2  1271940000.00000000000     0.00000008000
   3  286473000.00000000000     0.00000045000
   4  76939200.00000000000     0.00000208000
   5  23711200.00000000000     0.00000816000
   6  8122320.00000000000     0.00002857000
   7  3013940.00000000000     0.00009198000
   8  1187110.00000000000     0.00027891000
   9  488680.00000000000     0.00080874000
  10  207903.00000000000     0.00226713000
  11  90720.70000000000     0.00615751000
  12  40419.70000000000     0.01616297000
  13  18349.20000000000     0.04040073000
  14   8485.49000000000     0.09346927000
  15   4001.42000000000     0.18868710000
  16   1927.32000000000     0.29886310000
  17    949.82100000000     0.30374800000
  18    479.49700000000     0.14388550000
  19    247.96700000000     0.02928645000
  20    131.13400000000     0.02042820000
  21     70.62840000000     0.00775637000
  22     38.47130000000     0.01982456000
  23     20.96980000000     0.02248577000
  24     11.27100000000     0.00671185000
  25      5.85843000000     0.00351545000
  26      2.87262000000     0.00116296000
  27      1.54009000000    -0.00004713000
  28      0.72321800000     0.00002275000
  29      0.22608300000    -0.00000749000
  30      0.10050100000     0.00000411000
 S 29 
   1  1271940000.00000000000     0.00000001000
   2  286473000.00000000000     0.00000008000
   3  76939200.00000000000     0.00000035000
   4  23711200.00000000000     0.00000139000
   5  8122320.00000000000     0.00000489000
   6  3013940.00000000000     0.00001572000
   7  1187110.00000000000     0.00004776000
   8  488680.00000000000     0.00013839000
   9  207903.00000000000     0.00038972000
  10  90720.70000000000     0.00106267000
  11  40419.70000000000     0.00283174000
  12  18349.20000000000     0.00726531000
  13   8485.49000000000     0.01786574000
  14   4001.42000000000     0.04053058000
  15   1927.32000000000     0.08098531000
  16    949.82100000000     0.12109700000
  17    479.49700000000     0.07428273000
  18    247.96700000000    -0.20942450000
  19    131.13400000000    -0.58729050000
  20     70.62840000000    -0.42088300000
  21     38.47130000000     0.42964080000
  22     20.96980000000     0.59201430000
  23     11.27100000000     0.19194840000
  24      5.85843000000     0.17051040000
  25      2.87262000000     0.05517007000
  26      1.54009000000    -0.00123906000
  27      0.72321800000     0.00089925000
  28      0.22608300000    -0.00026724000
  29      0.10050100000     0.00014780000
 S 29 
   1  1271940000.00000000000    -0.00000001000
   2  286473000.00000000000    -0.00000005000
   3  76939200.00000000000    -0.00000022000
   4  23711200.00000000000    -0.00000086000
   5  8122320.00000000000    -0.00000302000
   6  3013940.00000000000    -0.00000969000
   7  1187110.00000000000    -0.00002951000
   8  488680.00000000000    -0.00008530000
   9  207903.00000000000    -0.00024075000
  10  90720.70000000000    -0.00065465000
  11  40419.70000000000    -0.00174740000
  12  18349.20000000000    -0.00446497000
  13   8485.49000000000    -0.01097408000
  14   4001.42000000000    -0.02469557000
  15   1927.32000000000    -0.04920949000
  16    949.82100000000    -0.07310776000
  17    479.49700000000    -0.04698341000
  18    247.96700000000     0.13773650000
  19    131.13400000000     0.42491650000
  20     70.62840000000     0.36063350000
  21     38.47130000000    -0.57574950000
  22     20.96980000000    -1.11482300000
  23     11.27100000000     0.03597491000
  24      5.85843000000     1.02942500000
  25      2.87262000000     0.36885310000
  26      1.54009000000    -0.01194367000
  27      0.72321800000     0.01086186000
  28      0.22608300000    -0.00243019000
  29      0.10050100000     0.00143819000
 S 28 
   1  286473000.00000000000     0.00000002000
   2  76939200.00000000000     0.00000007000
   3  23711200.00000000000     0.00000028000
   4  8122320.00000000000     0.00000097000
   5  3013940.00000000000     0.00000310000
   6  1187110.00000000000     0.00000951000
   7  488680.00000000000     0.00002732000
   8  207903.00000000000     0.00007763000
   9  90720.70000000000     0.00020965000
  10  40419.70000000000     0.00056351000
  11  18349.20000000000     0.00143011000
  12   8485.49000000000     0.00354203000
  13   4001.42000000000     0.00791493000
  14   1927.32000000000     0.01596431000
  15    949.82100000000     0.02350188000
  16    479.49700000000     0.01601377000
  17    247.96700000000    -0.04784840000
  18    131.13400000000    -0.14649800000
  19     70.62840000000    -0.14218980000
  20     38.47130000000     0.26173750000
  21     20.96980000000     0.51537240000
  22     11.27100000000    -0.01789796000
  23      5.85843000000    -0.96926640000
  24      2.87262000000    -0.50878980000
  25      1.54009000000     0.78503430000
  26      0.72321800000     0.74307830000
  27      0.22608300000     0.08759265000
  28      0.10050100000    -0.02321360000
 S 27 
   1  76939200.00000000000    -0.00000002000
   2  23711200.00000000000    -0.00000007000
   3  8122320.00000000000    -0.00000025000
   4  3013940.00000000000    -0.00000078000
   5  1187110.00000000000    -0.00000241000
   6  488680.00000000000    -0.00000689000
   7  207903.00000000000    -0.00001970000
   8  90720.70000000000    -0.00005285000
   9  40419.70000000000    -0.00014302000
  10  18349.20000000000    -0.00036048000
  11   8485.49000000000    -0.00089932000
  12   4001.42000000000    -0.00199405000
  13   1927.32000000000    -0.00406190000
  14    949.82100000000    -0.00589629000
  15    479.49700000000    -0.00419587000
  16    247.96700000000     0.01248429000
  17    131.13400000000     0.03658583000
  18     70.62840000000     0.03808773000
  19     38.47130000000    -0.07121500000
  20     20.96980000000    -0.12966170000
  21     11.27100000000    -0.00512263000
  22      5.85843000000     0.29634860000
  23      2.87262000000     0.13070480000
  24      1.54009000000    -0.26068210000
  25      0.72321800000    -0.42854410000
  26      0.22608300000     0.00850392000
  27      0.10050100000     0.54647250000
 S 28 
   1  286473000.00000000000    -0.00000001000
   2  76939200.00000000000    -0.00000003000
   3  23711200.00000000000    -0.00000013000
   4  8122320.00000000000    -0.00000046000
   5  3013940.00000000000    -0.00000150000
   6  1187110.00000000000    -0.00000451000
   7  488680.00000000000    -0.00001325000
   8  207903.00000000000    -0.00003679000
   9  90720.70000000000    -0.00010170000
  10  40419.70000000000    -0.00026701000
  11  18349.20000000000    -0.00069401000
  12   8485.49000000000    -0.00167703000
  13   4001.42000000000    -0.00385154000
  14   1927.32000000000    -0.00751936000
  15    949.82100000000    -0.01164424000
  16    479.49700000000    -0.00682014000
  17    247.96700000000     0.02097461000
  18    131.13400000000     0.07599338000
  19     70.62840000000     0.05897861000
  20     38.47130000000    -0.11000110000
  21     20.96980000000    -0.30053010000
  22     11.27100000000     0.07805946000
  23      5.85843000000     0.45613540000
  24      2.87262000000     0.57956460000
  25      1.54009000000    -1.22134600000
  26      0.72321800000    -0.40025870000
  27      0.22608300000     1.29740300000
  28      0.10050100000     0.67470680000
 S 28 
   1  286473000.00000000000     0.00000001000
   2  76939200.00000000000     0.00000005000
   3  23711200.00000000000     0.00000022000
   4  8122320.00000000000     0.00000074000
   5  3013940.00000000000     0.00000246000
   6  1187110.00000000000     0.00000718000
   7  488680.00000000000     0.00002173000
   8  207903.00000000000     0.00005847000
   9  90720.70000000000     0.00016689000
  10  40419.70000000000     0.00042431000
  11  18349.20000000000     0.00113937000
  12   8485.49000000000     0.00266189000
  13   4001.42000000000     0.00634441000
  14   1927.32000000000     0.01184304000
  15    949.82100000000     0.01961368000
  16    479.49700000000     0.00910690000
  17    247.96700000000    -0.02939737000
  18    131.13400000000    -0.13462660000
  19     70.62840000000    -0.07272793000
  20     38.47130000000     0.13689710000
  21     20.96980000000     0.59013460000
  22     11.27100000000    -0.29790660000
  23      5.85843000000    -0.57393060000
  24      2.87262000000    -1.71466700000
  25      1.54009000000     4.48600400000
  26      0.72321800000    -2.62153400000
  27      0.22608300000    -1.60130400000
  28      0.10050100000     3.45230100000
 S 1 
   1      0.04199000000     1.00000000000
 P 25 
   1  14560500.00000000000     0.00000002000
   2  3505800.00000000000     0.00000017000
   3  974728.00000000000     0.00000148000
   4  306543.00000000000     0.00001014000
   5  107093.00000000000     0.00005810000
   6  40912.40000000000     0.00028560000
   7  16859.60000000000     0.00122677000
   8   7406.72000000000     0.00466035000
   9   3433.80000000000     0.01565286000
  10   1665.27000000000     0.04601552000
  11    838.37700000000     0.11444750000
  12    435.22900000000     0.22564840000
  13    231.57400000000     0.31749950000
  14    125.57600000000     0.26750540000
  15     69.02470000000     0.12393610000
  16     38.24710000000     0.06112788000
  17     21.24110000000     0.03595796000
  18     11.74890000000     0.00806960000
  19      6.42672000000     0.00089275000
  20      3.44858000000     0.00006683000
  21      1.79846000000     0.00005137000
  22      0.90677500000    -0.00002078000
  23      0.43827500000     0.00001053000
  24      0.18815900000    -0.00000433000
  25      0.08082700000     0.00000192000
 P 25 
   1  14560500.00000000000    -0.00000001000
   2  3505800.00000000000    -0.00000011000
   3  974728.00000000000    -0.00000089000
   4  306543.00000000000    -0.00000613000
   5  107093.00000000000    -0.00003510000
   6  40912.40000000000    -0.00017282000
   7  16859.60000000000    -0.00074375000
   8   7406.72000000000    -0.00284076000
   9   3433.80000000000    -0.00963648000
  10   1665.27000000000    -0.02890818000
  11    838.37700000000    -0.07444827000
  12    435.22900000000    -0.15476760000
  13    231.57400000000    -0.23063520000
  14    125.57600000000    -0.16046760000
  15     69.02470000000     0.15770030000
  16     38.24710000000     0.47095310000
  17     21.24110000000     0.34638760000
  18     11.74890000000     0.11479210000
  19      6.42672000000     0.06071008000
  20      3.44858000000     0.02336456000
  21      1.79846000000     0.00193885000
  22      0.90677500000    -0.00024274000
  23      0.43827500000    -0.00012346000
  24      0.18815900000    -0.00000873000
  25      0.08082700000    -0.00000206000
 P 25 
   1  14560500.00000000000     0.00000001000
   2  3505800.00000000000     0.00000005000
   3  974728.00000000000     0.00000047000
   4  306543.00000000000     0.00000319000
   5  107093.00000000000     0.00001836000
   6  40912.40000000000     0.00009019000
   7  16859.60000000000     0.00038931000
   8   7406.72000000000     0.00148727000
   9   3433.80000000000     0.00507326000
  10   1665.27000000000     0.01531533000
  11    838.37700000000     0.04003788000
  12    435.22900000000     0.08481299000
  13    231.57400000000     0.12975660000
  14    125.57600000000     0.08081442000
  15     69.02470000000    -0.15904660000
  16     38.24710000000    -0.46947850000
  17     21.24110000000    -0.28180080000
  18     11.74890000000     0.34349700000
  19      6.42672000000     0.61799590000
  20      3.44858000000     0.26759000000
  21      1.79846000000     0.01984179000
  22      0.90677500000    -0.00081197000
  23      0.43827500000    -0.00209857000
  24      0.18815900000     0.00025044000
  25      0.08082700000    -0.00017344000
 P 24 
   1  3505800.00000000000    -0.00000002000
   2  974728.00000000000    -0.00000015000
   3  306543.00000000000    -0.00000102000
   4  107093.00000000000    -0.00000591000
   5  40912.40000000000    -0.00002883000
   6  16859.60000000000    -0.00012518000
   7   7406.72000000000    -0.00047635000
   8   3433.80000000000    -0.00163378000
   9   1665.27000000000    -0.00492683000
  10    838.37700000000    -0.01298882000
  11    435.22900000000    -0.02759726000
  12    231.57400000000    -0.04283135000
  13    125.57600000000    -0.02514352000
  14     69.02470000000     0.06086141000
  15     38.24710000000     0.18651760000
  16     21.24110000000     0.09537299000
  17     11.74890000000    -0.20409890000
  18      6.42672000000    -0.42328370000
  19      3.44858000000    -0.11244000000
  20      1.79846000000     0.47081540000
  21      0.90677500000     0.54157600000
  22      0.43827500000     0.20699360000
  23      0.18815900000     0.01680413000
  24      0.08082700000     0.00108213000
 P 23 
   1  974728.00000000000     0.00000004000
   2  306543.00000000000     0.00000026000
   3  107093.00000000000     0.00000149000
   4  40912.40000000000     0.00000724000
   5  16859.60000000000     0.00003150000
   6   7406.72000000000     0.00011972000
   7   3433.80000000000     0.00041105000
   8   1665.27000000000     0.00123856000
   9    838.37700000000     0.00326911000
  10    435.22900000000     0.00694137000
  11    231.57400000000     0.01079468000
  12    125.57600000000     0.00629169000
  13     69.02470000000    -0.01543430000
  14     38.24710000000    -0.04763053000
  15     21.24110000000    -0.02383051000
  16     11.74890000000     0.05367048000
  17      6.42672000000     0.11470480000
  18      3.44858000000     0.02637777000
  19      1.79846000000    -0.15605870000
  20      0.90677500000    -0.20731720000
  21      0.43827500000    -0.04198426000
  22      0.18815900000     0.32069360000
  23      0.08082700000     0.53801980000
 P 24 
   1  3505800.00000000000     0.00000001000
   2  974728.00000000000     0.00000007000
   3  306543.00000000000     0.00000048000
   4  107093.00000000000     0.00000281000
   5  40912.40000000000     0.00001364000
   6  16859.60000000000     0.00005945000
   7   7406.72000000000     0.00022546000
   8   3433.80000000000     0.00077565000
   9   1665.27000000000     0.00233298000
  10    838.37700000000     0.00616907000
  11    435.22900000000     0.01307405000
  12    231.57400000000     0.02039431000
  13    125.57600000000     0.01177376000
  14     69.02470000000    -0.02897990000
  15     38.24710000000    -0.09036776000
  16     21.24110000000    -0.04478829000
  17     11.74890000000     0.10252410000
  18      6.42672000000     0.21843970000
  19      3.44858000000     0.05929320000
  20      1.79846000000    -0.34474720000
  21      0.90677500000    -0.44318250000
  22      0.43827500000     0.23898770000
  23      0.18815900000     0.66895390000
  24      0.08082700000     0.31212750000
 P 24 
   1  3505800.00000000000     0.00000001000
   2  974728.00000000000     0.00000011000
   3  306543.00000000000     0.00000077000
   4  107093.00000000000     0.00000442000
   5  40912.40000000000     0.00002184000
   6  16859.60000000000     0.00009393000
   7   7406.72000000000     0.00036027000
   8   3433.80000000000     0.00122744000
   9   1665.27000000000     0.00372587000
  10    838.37700000000     0.00976751000
  11    435.22900000000     0.02091164000
  12    231.57400000000     0.03222403000
  13    125.57600000000     0.01926588000
  14     69.02470000000    -0.04796539000
  15     38.24710000000    -0.14303180000
  16     21.24110000000    -0.07804989000
  17     11.74890000000     0.19056140000
  18      6.42672000000     0.33204900000
  19      3.44858000000     0.19781270000
  20      1.79846000000    -1.07679400000
  21      0.90677500000    -0.31875020000
  22      0.43827500000     1.55949200000
  23      0.18815900000    -0.17858360000
  24      0.08082700000    -0.79136930000
 P 1 
   1      0.03441700000     1.00000000000
 D 18 
   1  60300.10000000000     0.00000181000
   2  16134.10000000000     0.00002772000
   3   5376.51000000000     0.00027002000
   4   2119.53000000000     0.00174724000
   5    947.07700000000     0.00837299000
   6    463.16700000000     0.03039599000
   7    241.04500000000     0.08644311000
   8    130.58100000000     0.18984170000
   9     72.39820000000     0.30747000000
  10     40.56340000000     0.33326230000
  11     22.75380000000     0.19445090000
  12     12.69170000000     0.05289802000
  13      7.00266000000     0.00825580000
  14      3.80475000000     0.00240790000
  15      1.98424000000     0.00043446000
  16      0.99237500000     0.00001880000
  17      0.47407800000    -0.00000687000
  18      0.21536000000    -0.00000283000
 D 18 
   1  60300.10000000000    -0.00000095000
   2  16134.10000000000    -0.00001444000
   3   5376.51000000000    -0.00014118000
   4   2119.53000000000    -0.00091519000
   5    947.07700000000    -0.00442005000
   6    463.16700000000    -0.01619521000
   7    241.04500000000    -0.04691695000
   8    130.58100000000    -0.10481650000
   9     72.39820000000    -0.16762090000
  10     40.56340000000    -0.15268120000
  11     22.75380000000     0.06131425000
  12     12.69170000000     0.34606130000
  13      7.00266000000     0.43600130000
  14      3.80475000000     0.24348990000
  15      1.98424000000     0.05058774000
  16      0.99237500000     0.00320835000
  17      0.47407800000     0.00069550000
  18      0.21536000000     0.00014450000
 D 18 
   1  60300.10000000000     0.00000028000
   2  16134.10000000000     0.00000437000
   3   5376.51000000000     0.00004254000
   4   2119.53000000000     0.00027680000
   5    947.07700000000     0.00133548000
   6    463.16700000000     0.00491277000
   7    241.04500000000     0.01425463000
   8    130.58100000000     0.03201910000
   9     72.39820000000     0.05095780000
  10     40.56340000000     0.04454355000
  11     22.75380000000    -0.03303994000
  12     12.69170000000    -0.13225000000
  13      7.00266000000    -0.16699300000
  14      3.80475000000    -0.02519919000
  15      1.98424000000     0.25164390000
  16      0.99237500000     0.40598450000
  17      0.47407800000     0.35106050000
  18      0.21536000000     0.17751230000
 D 18 
   1  60300.10000000000    -0.00000033000
   2  16134.10000000000    -0.00000484000
   3   5376.51000000000    -0.00004843000
   4   2119.53000000000    -0.00030993000
   5    947.07700000000    -0.00151507000
   6    463.16700000000    -0.00551606000
   7    241.04500000000    -0.01619715000
   8    130.58100000000    -0.03604801000
   9     72.39820000000    -0.05788931000
  10     40.56340000000    -0.04805870000
  11     22.75380000000     0.04066408000
  12     12.69170000000     0.16319550000
  13      7.00266000000     0.17271120000
  14      3.80475000000     0.02062181000
  15      1.98424000000    -0.47000290000
  16      0.99237500000    -0.46877280000
  17      0.47407800000     0.33066160000
  18      0.21536000000     0.57270160000
 D 18 
   1  60300.10000000000     0.00000041000
   2  16134.10000000000     0.00000610000
   3   5376.51000000000     0.00006000000
   4   2119.53000000000     0.00038821000
   5    947.07700000000     0.00188379000
   6    463.16700000000     0.00691465000
   7    241.04500000000     0.02021036000
   8    130.58100000000     0.04553951000
   9     72.39820000000     0.07133889000
  10     40.56340000000     0.05806313000
  11     22.75380000000    -0.06453787000
  12     12.69170000000    -0.21936440000
  13      7.00266000000    -0.18509670000
  14      3.80475000000     0.01633419000
  15      1.98424000000     1.01896300000
  16      0.99237500000    -0.34135630000
  17      0.47407800000    -1.02384000000
  18      0.21536000000     0.55384160000
 D 1 
   1      0.09112700000     1.00000000000
 F 11 
   1   1216.58000000000     0.00014810000
   2    415.34400000000     0.00168567000
   3    177.45600000000     0.01030542000
   4     85.71780000000     0.03986265000
   5     43.99640000000     0.11016280000
   6     23.19560000000     0.22347810000
   7     12.34660000000     0.31247880000
   8      6.55540000000     0.31770970000
   9      3.40884000000     0.21829040000
  10      1.67460000000     0.08597100000
  11      0.72807700000     0.01294247000
 F 1 
   1      1.48360000000     1.00000000000
 F 1 
   1      0.48610000000     1.00000000000
 G 1 
   1      1.18470000000     1.00000000000
$END



