----- Orbital basis set information -----
Your calculation utilizes the basis: def2-QZVPP
   F. Weigend and R. Ahlrichs, Phys. Chem. Chem. Phys. 7, 3297 (2005).

! -------------------------
!  BASIS SET IN INPUT FORMAT
! -------------------------

$DATA

HYDROGEN
 S 4 
   1    190.69169000000     0.00070815170
   2     28.60553200000     0.00546788270
   3      6.50959430000     0.02796660500
   4      1.84124550000     0.10764538000
 S 1 
   1      0.59853725000     1.00000000000
 S 1 
   1      0.21397624000     1.00000000000
 S 1 
   1      0.08031628600     1.00000000000
 P 1 
   1      2.29200000000     1.00000000000
 P 1 
   1      0.83800000000     1.00000000000
 P 1 
   1      0.29200000000     1.00000000000
 D 1 
   1      2.06200000000     1.00000000000
 D 1 
   1      0.66200000000     1.00000000000
 F 1 
   1      1.39700000000     1.00000000000

HELIUM
 S 5 
   1   1144.64708090000     0.00035861580
   2    171.64596667000     0.00277254340
   3     39.06605625400     0.01424189220
   4     11.05140198900     0.05545735230
   5      3.57255744730     0.16170511810
 S 1 
   1      1.24294159620     0.33177883830
 S 1 
   1      0.44807668730     0.42014033070
 S 1 
   1      0.16411579130     0.18652273010
 P 1 
   1      5.99400000000     1.00000000000
 P 1 
   1      1.74500000000     1.00000000000
 P 1 
   1      0.56000000000     1.00000000000
 D 1 
   1      4.29900000000     1.00000000000
 D 1 
   1      1.22300000000     1.00000000000
 F 1 
   1      2.68000000000     1.00000000000

LITHIUM
 S 9 
   1  14853.97708500000     0.00004271140
   2   2225.22364770000     0.00033235310
   3    504.88739008000     0.00175184370
   4    142.45847548000     0.00734779960
   5     46.31559958000     0.02589983770
   6     16.65533547400     0.07667068240
   7      6.43311861990     0.18276075760
   8      2.60270438580     0.32655434040
   9      1.08972454050     0.37000429830
 S 2 
   1      4.42365959710     0.11120987920
   2      1.23563949900     0.79987335860
 S 1 
   1      0.46067470600     1.00000000000
 S 1 
   1      0.09661716700     1.00000000000
 S 1 
   1      0.04591545230     1.00000000000
 S 1 
   1      0.02114004870     1.00000000000
 P 3 
   1      3.26051092060     0.00865047490
   2      0.65003043120     0.04761412370
   3      0.16941671070     0.21001138000
 P 1 
   1      0.05573234380     1.00000000000
 P 1 
   1      0.02048995920     1.00000000000
 P 1 
   1      3.32700000000     1.00000000000
 D 1 
   1      0.23000000000     1.00000000000
 D 1 
   1      0.07570000000     1.00000000000
 F 1 
   1      0.13500000000     1.00000000000

BERYLLIUM
 S 8 
   1  29646.70440700000     0.00003794330
   2   4428.76143540000     0.00029605350
   3   1005.47013320000     0.00155724770
   4    284.15339578000     0.00653231960
   5     92.50435646100     0.02311686100
   6     33.31101605800     0.06945851520
   7     12.91155331400     0.17014371330
   8      5.26654973610     0.31682711370
 S 2 
   1     22.99538638000     0.08179112270
   2      6.62363541760     0.80000038020
 S 1 
   1      2.22895950030     1.00000000000
 S 1 
   1      0.95302433450     1.00000000000
 S 1 
   1      0.24651602440     1.00000000000
 S 1 
   1      0.10153895310     1.00000000000
 S 1 
   1      0.04155137460     1.00000000000
 P 4 
   1     14.09978944500     0.00385088710
   2      3.18031884820     0.02415238080
   3      0.90489220500     0.09792692520
   4      0.30411585510     0.29470380030
 P 1 
   1      0.11302606660     1.00000000000
 P 1 
   1      0.04283173370     1.00000000000
 P 1 
   1      6.40000000000     1.00000000000
 D 1 
   1      0.36000000000     1.00000000000
 D 1 
   1      0.09000000000     1.00000000000
 F 1 
   1      0.29000000000     1.00000000000

BORON
 S 8 
   1  46447.66705600000     0.00003838870
   2   6957.68890420000     0.00029836770
   3   1583.44284030000     0.00156454790
   4    448.46601009000     0.00654767710
   5    146.28639262000     0.02313900840
   6     52.78438608400     0.06961579940
   7     20.51939617000     0.17119636880
   8      8.41856592580     0.31913191840
 S 2 
   1     36.51001831200     0.07899061720
   2     10.54185400500     0.78926384270
 S 1 
   1      3.60040913870     1.00000000000
 S 1 
   1      1.56170237490     1.00000000000
 S 1 
   1      0.44997370780     1.00000000000
 S 1 
   1      0.18075230240     1.00000000000
 S 1 
   1      0.07159669630     1.00000000000
 P 5 
   1     72.24046276000     0.00086539170
   2     16.80770720800     0.00687620670
   3      5.22594107470     0.03097668710
   4      1.85083506710     0.10432357910
   5      0.72206782660     0.26164137580
 P 1 
   1      0.29491018060     1.00000000000
 P 1 
   1      0.12201141840     1.00000000000
 P 1 
   1      0.04986539360     1.00000000000
 D 1 
   1      1.11000000000     1.00000000000
 D 1 
   1      0.40200000000     1.00000000000
 D 1 
   1      0.14500000000     1.00000000000
 F 1 
   1      0.88200000000     1.00000000000
 F 1 
   1      0.31100000000     1.00000000000
 G 1 
   1      0.67300000000     1.00000000000

CARBON
 S 8 
   1  67025.07102900000     0.00003873630
   2  10039.98653800000     0.00030107920
   3   2284.93169110000     0.00157879180
   4    647.14122130000     0.00660870870
   5    211.09472335000     0.02336712320
   6     76.17764386200     0.07042071690
   7     29.63383916300     0.17360344950
   8     12.18778508100     0.32292305650
 S 2 
   1     53.02600629900     0.07489740450
   2     15.25850277600     0.76136220980
 S 1 
   1      5.24039574640     1.00000000000
 S 1 
   1      2.29050223790     1.00000000000
 S 1 
   1      0.69673283010     1.00000000000
 S 1 
   1      0.27599337360     1.00000000000
 S 1 
   1      0.10739884390     1.00000000000
 P 5 
   1    105.12555082000     0.00084647550
   2     24.88446106600     0.00662740390
   3      7.86372308260     0.03012039040
   4      2.84070018350     0.09995143550
   5      1.12271373350     0.23826299280
 P 1 
   1      0.46050725550     1.00000000000
 P 1 
   1      0.18937530910     1.00000000000
 P 1 
   1      0.07598379160     1.00000000000
 D 1 
   1      1.84800000000     1.00000000000
 D 1 
   1      0.64900000000     1.00000000000
 D 1 
   1      0.22800000000     1.00000000000
 F 1 
   1      1.41900000000     1.00000000000
 F 1 
   1      0.48500000000     1.00000000000
 G 1 
   1      1.01100000000     1.00000000000

NITROGEN
 S 8 
   1  90726.88920999999     0.00003925790
   2  13590.52880100000     0.00030513320
   3   3092.98837810000     0.00160005600
   4    875.99876362000     0.00669829370
   5    285.74469982000     0.02369007880
   6    103.11913417000     0.07145540530
   7     40.12855677700     0.17632774880
   8     16.52809570400     0.32677592820
 S 2 
   1     69.39096098300     0.08005209440
   2     20.42820059600     0.78268063540
 S 1 
   1      7.12925879720     1.00000000000
 S 1 
   1      3.13243048930     1.00000000000
 S 1 
   1      0.98755778720     1.00000000000
 S 1 
   1      0.38765721310     1.00000000000
 S 1 
   1      0.14909883070     1.00000000000
 P 5 
   1    150.05742670000    -0.00086216170
   2     35.49159948300    -0.00685712730
   3     11.24786422300    -0.03179568890
   4      4.09003051950    -0.10537396820
   5      1.62205731460    -0.24519708040
 P 1 
   1      0.66442261530     1.00000000000
 P 1 
   1      0.27099770070     1.00000000000
 P 1 
   1      0.10688749980     1.00000000000
 D 1 
   1      2.83700000000     1.00000000000
 D 1 
   1      0.96800000000     1.00000000000
 D 1 
   1      0.33500000000     1.00000000000
 F 1 
   1      2.02700000000     1.00000000000
 F 1 
   1      0.68500000000     1.00000000000
 G 1 
   1      1.42700000000     1.00000000000

OXYGEN
 S 8 
   1  116506.46908000000     0.00004038390
   2  17504.34972400000     0.00031255140
   3   3993.45132300000     0.00163414730
   4   1133.00631860000     0.00682832250
   5    369.99569594000     0.02412441020
   6    133.62074349000     0.07273020620
   7     52.03564364900     0.17934429890
   8     21.46193931300     0.33059588900
 S 2 
   1     89.83505125200     0.09646865300
   2     26.42801084400     0.94117481120
 S 1 
   1      9.28228246490     1.00000000000
 S 1 
   1      4.09477285330     1.00000000000
 S 1 
   1      1.32553490780     1.00000000000
 S 1 
   1      0.51877230790     1.00000000000
 S 1 
   1      0.19772676450     1.00000000000
 P 5 
   1    191.15255810000     0.00251156980
   2     45.23335673900     0.02003924090
   3     14.35346592200     0.09360906480
   4      5.24223718320     0.30618127120
   5      2.07924185990     0.67810501440
 P 1 
   1      0.84282371420     1.00000000000
 P 1 
   1      0.33617694890     1.00000000000
 P 1 
   1      0.12863997970     1.00000000000
 D 1 
   1      3.77500000000     1.00000000000
 D 1 
   1      1.30000000000     1.00000000000
 D 1 
   1      0.44400000000     1.00000000000
 F 1 
   1      2.66600000000     1.00000000000
 F 1 
   1      0.85900000000     1.00000000000
 G 1 
   1      1.84600000000     1.00000000000

FLUORINE
 S 8 
   1  132535.97344999999     0.00004738750
   2  19758.11258800000     0.00037070120
   3   4485.19969470000     0.00194507850
   4   1273.81510200000     0.00805732920
   5    418.93831236000     0.02799288080
   6    152.55721985000     0.08273512020
   7     59.82152482300     0.19854169010
   8     24.81907693200     0.34860632230
 S 2 
   1    100.74446673000     0.10505068820
   2     30.10372829000     0.94068472430
 S 1 
   1     10.81428327200     1.00000000000
 S 1 
   1      4.81728867700     1.00000000000
 S 1 
   1      1.65593342130     1.00000000000
 S 1 
   1      0.64893519580     1.00000000000
 S 1 
   1      0.24778104540     1.00000000000
 P 5 
   1    240.96654114000     0.00303899330
   2     57.02069978100     0.02435773860
   3     18.12695212000     0.11442925770
   4      6.64574046210     0.37064659850
   5      2.63757228920     0.79791551770
 P 1 
   1      1.06382172000     1.00000000000
 P 1 
   1      0.41932562750     1.00000000000
 P 1 
   1      0.15747588300     1.00000000000
 D 1 
   1      5.01400000000     1.00000000000
 D 1 
   1      1.72500000000     1.00000000000
 D 1 
   1      0.58600000000     1.00000000000
 F 1 
   1      3.56200000000     1.00000000000
 F 1 
   1      1.14800000000     1.00000000000
 G 1 
   1      2.37600000000     1.00000000000

NEON
 S 8 
   1  160676.27955000001     0.00004738750
   2  23953.19503900000     0.00037070120
   3   5437.50637110000     0.00194507850
   4   1544.27410240000     0.00805732920
   5    507.88814269000     0.02799288080
   6    184.94847750000     0.08273512020
   7     72.52295203900     0.19854169010
   8     30.08871357500     0.34860632230
 S 2 
   1    120.68434940000     0.10400597010
   2     36.07429485700     0.91999988990
 S 1 
   1     13.05209121000     1.00000000000
 S 1 
   1      5.79747833530     1.00000000000
 S 1 
   1      2.04786268950     1.00000000000
 S 1 
   1      0.80214571990     1.00000000000
 S 1 
   1      0.30548672200     1.00000000000
 P 6 
   1    498.43397466000     0.00043118260
   2    118.14109217000     0.00362063980
   3     38.03252973500     0.01824534410
   4     14.18373195000     0.06513303560
   5      5.78641907210     0.16708915090
   6      2.45996221600     0.29268019610
 P 1 
   1      1.04219994980     1.00000000000
 P 1 
   1      0.42987748920     1.00000000000
 P 1 
   1      0.16889708450     1.00000000000
 D 1 
   1      6.47100000000     1.00000000000
 D 1 
   1      2.21300000000     1.00000000000
 D 1 
   1      0.74700000000     1.00000000000
 F 1 
   1      4.65700000000     1.00000000000
 F 1 
   1      1.52400000000     1.00000000000
 G 1 
   1      2.98300000000     1.00000000000

SODIUM
 S 10 
   1  379852.20081000001     0.00002067140
   2  56886.00637800000     0.00016070470
   3  12942.70183800000     0.00084462910
   4   3664.30179040000     0.00355190260
   5   1194.74174990000     0.01275403450
   6    430.98192917000     0.03989546270
   7    167.83169424000     0.10720154500
   8     69.30666904000     0.23339516910
   9     29.95117088600     0.36333077290
  10     13.38079109700     0.30544770970
 S 3 
   1    121.74011283000     0.03614242730
   2     37.04414338700     0.28820961690
   3     13.99542262400     0.79337384870
 S 1 
   1      5.98277974280     1.00000000000
 S 1 
   1      2.48304551180     1.00000000000
 S 1 
   1      1.04525061870     1.00000000000
 S 1 
   1      0.43875640380     1.00000000000
 S 1 
   1      0.06559563320     1.00000000000
 S 1 
   1      0.03056192510     1.00000000000
 S 1 
   1      0.01550906400     1.00000000000
 P 8 
   1    690.77627017000     0.00037478520
   2    163.82806121000     0.00317754410
   3     52.87646076900     0.01633358130
   4     19.81227049300     0.05975490260
   5      8.13203787840     0.15879328810
   6      3.49690683770     0.29049363260
   7      1.51172441460     0.36368131140
   8      0.64479294910     0.28195867330
 P 1 
   1      0.26145823310     1.00000000000
 P 1 
   1      0.11704726120     1.00000000000
 P 1 
   1      0.04049474770     1.00000000000
 P 1 
   1      0.01566670740     1.00000000000
 D 1 
   1      5.30000000000     1.00000000000
 D 1 
   1      1.59000000000     1.00000000000
 D 1 
   1      0.23000000000     1.00000000000
 D 1 
   1      0.07570000000     1.00000000000
 F 1 
   1      4.27000000000     1.00000000000
 F 1 
   1      0.13500000000     1.00000000000

MAGNESIUM
 S 10 
   1  605967.78752999997     0.00001443020
   2  90569.09469200000     0.00011249870
   3  20574.25284400000     0.00059264970
   4   5818.62848650000     0.00249887700
   5   1895.62960750000     0.00902307750
   6    683.45941021000     0.02857991980
   7    266.18219762000     0.07906445390
   8    110.11220010000     0.18269337810
   9     47.77704123400     0.32157193970
  10     21.54216614900     0.35028259390
 S 3 
   1    174.12136378000     0.02293111130
   2     53.48497249800     0.19151777550
   3     20.50021330700     0.61155711050
 S 1 
   1      9.80568269220     1.00000000000
 S 1 
   1      3.54029893480     1.00000000000
 S 1 
   1      1.54508500460     1.00000000000
 S 1 
   1      0.66540195430     1.00000000000
 S 1 
   1      0.14355439070     1.00000000000
 S 1 
   1      0.06662467350     1.00000000000
 S 1 
   1      0.02977264830     1.00000000000
 P 8 
   1    893.20460829000     0.00034958270
   2    211.78258286000     0.00298118900
   3     68.44320053700     0.01551784580
   4     25.72726534900     0.05757865960
   5     10.60663428100     0.15610307850
   6      4.59341264840     0.29230912580
   7      2.01004698070     0.37219024070
   8      0.87384841540     0.27578088890
 P 1 
   1      0.35615076670     1.00000000000
 P 1 
   1      0.18995954360     1.00000000000
 P 1 
   1      0.07458013570     1.00000000000
 P 1 
   1      0.02922164130     1.00000000000
 D 1 
   1      6.93000000000     1.00000000000
 D 1 
   1      2.10000000000     1.00000000000
 D 1 
   1      0.65000000000     1.00000000000
 D 1 
   1      0.20000000000     1.00000000000
 D 1 
   1      0.05200000000     1.00000000000
 F 1 
   1      5.60000000000     1.00000000000
 F 1 
   1      0.16000000000     1.00000000000

ALUMINUM
 S 10 
   1  754550.78264999995     0.00001342130
   2  112999.38922000000     0.00010433210
   3  25715.83175900000     0.00054841770
   4   7283.60302830000     0.00230890810
   5   2376.00087960000     0.00833099750
   6    857.65468087000     0.02641796370
   7    334.38922598000     0.07344364640
   8    138.48504731000     0.17184039140
   9     60.15036880800     0.31041980030
  10     27.12761086000     0.35669190600
 S 3 
   1    225.36500065000     0.02152203980
   2     69.34196812400     0.18531780490
   3     26.61933571200     0.63533181250
 S 1 
   1     12.34942067100     1.00000000000
 S 1 
   1      4.58787859940     1.00000000000
 S 1 
   1      2.05713381030     1.00000000000
 S 1 
   1      0.90864549400     1.00000000000
 S 1 
   1      0.24226988040     1.00000000000
 S 1 
   1      0.11248136870     1.00000000000
 S 1 
   1      0.04815649280     1.00000000000
 P 8 
   1   1489.61195220000     0.00020177120
   2    353.01399267000     0.00175081090
   3    114.40764069000     0.00944247050
   4     43.31218611100     0.03686800400
   5     18.02732221600     0.10892874010
   6      7.96754324030     0.23265901000
   7      3.60903995410     0.34643587080
   8      1.64560816300     0.33440809870
 P 2 
   1     34.73118748900     0.01782307300
   2      1.25530836300    -0.59991263930
 P 1 
   1      0.73635534280     1.00000000000
 P 1 
   1      0.24686465560     1.00000000000
 P 1 
   1      0.09482197180     1.00000000000
 P 1 
   1      0.03621416570     1.00000000000
 D 1 
   1      1.97000000000     1.00000000000
 D 1 
   1      0.43700000000     1.00000000000
 D 1 
   1      0.19500000000     1.00000000000
 D 1 
   1      0.08000000000     1.00000000000
 F 1 
   1      0.15400000000     1.00000000000
 F 1 
   1      0.40100000000     1.00000000000
 G 1 
   1      0.35700000000     1.00000000000

SILICON
 S 10 
   1  918070.69565000001     0.00001265880
   2  137485.25386000000     0.00009840840
   3  31287.77271400000     0.00051731400
   4   8861.61056970000     0.00217854420
   5   2890.69431560000     0.00786568540
   6   1043.40639790000     0.02498755370
   7    406.80160276000     0.06976181880
   8    168.48360207000     0.16473362730
   9     73.18562882300     0.30285602650
  10     32.99848542000     0.36007260440
 S 3 
   1    278.78751325000     0.02018546380
   2     85.91022872200     0.17720406750
   3     32.99260403100     0.63587860910
 S 1 
   1     15.03369325400     1.00000000000
 S 1 
   1      5.72575147730     1.00000000000
 S 1 
   1      2.61465210290     1.00000000000
 S 1 
   1      1.17578331520     1.00000000000
 S 1 
   1      0.35432330870     1.00000000000
 S 1 
   1      0.16248335810     1.00000000000
 S 1 
   1      0.06833245720     1.00000000000
 P 8 
   1   1775.88505160000     0.00020186970
   2    420.83786849000     0.00175443150
   3    136.42290243000     0.00950395320
   4     51.70099173700     0.03732574160
   5     21.55945600200     0.11085396330
   6      9.55592000950     0.23756407050
   7      4.35298194730     0.35295783750
   8      2.00969643810     0.32885931950
 P 2 
   1     46.41815378000     0.02585881920
   2      1.90764177960    -0.59874865900
 P 1 
   1      0.92337221590     1.00000000000
 P 1 
   1      0.34515720370     1.00000000000
 P 1 
   1      0.13656834760     1.00000000000
 P 1 
   1      0.05298706060     1.00000000000
 D 1 
   1      2.64500000000     1.00000000000
 D 1 
   1      0.60800000000     1.00000000000
 D 1 
   1      0.27200000000     1.00000000000
 D 1 
   1      0.11300000000     1.00000000000
 F 1 
   1      0.21200000000     1.00000000000
 F 1 
   1      0.54100000000     1.00000000000
 G 1 
   1      0.46100000000     1.00000000000

PHOSPHOROUS
 S 10 
   1  1090561.71380000003     0.00001214240
   2  163316.39460999999     0.00009439530
   3  37166.60745100000     0.00049622260
   4  10526.88094500000     0.00209000410
   5   3433.99760280000     0.00754892300
   6   1239.53604800000     0.02401042390
   7    483.27456199000     0.06723147370
   8    200.16911586000     0.15978669880
   9     86.96039482900     0.29735906780
  10     39.21128336900     0.36187171850
 S 3 
   1    336.75883662000     0.01915472110
   2    103.72179793000     0.17134079100
   3     39.77186124000     0.63689655990
 S 1 
   1     17.88861295200     1.00000000000
 S 1 
   1      6.96445568790     1.00000000000
 S 1 
   1      3.21980920870     1.00000000000
 S 1 
   1      1.46699439790     1.00000000000
 S 1 
   1      0.47765437530     1.00000000000
 S 1 
   1      0.21637789240     1.00000000000
 S 1 
   1      0.09023589430     1.00000000000
 P 8 
   1   2019.67113740000     0.00021359170
   2    478.60125090000     0.00185687710
   3    155.14942504000     0.01007069010
   4     58.81635657500     0.03960515370
   5     24.54451278500     0.11736067840
   6     10.88357106100     0.24950540640
   7      4.96247912850     0.36421287980
   8      2.30029123430     0.31764127120
 P 2 
   1     59.37134501600     0.39432918000
   2      3.06945909860    -6.35229604310
 P 1 
   1      1.06344017390     1.00000000000
 P 1 
   1      0.45022152160     1.00000000000
 P 1 
   1      0.18267271340     1.00000000000
 P 1 
   1      0.07161033380     1.00000000000
 D 1 
   1      3.34300000000     1.00000000000
 D 1 
   1      0.80700000000     1.00000000000
 D 1 
   1      0.36500000000     1.00000000000
 D 1 
   1      0.15400000000     1.00000000000
 F 1 
   1      0.28000000000     1.00000000000
 F 1 
   1      0.70300000000     1.00000000000
 G 1 
   1      0.59700000000     1.00000000000

SULFUR
 S 10 
   1  1273410.90229999996     0.00001176710
   2  190697.83007000000     0.00009147860
   3  43397.88533000000     0.00048090080
   4  12291.80967700000     0.00202571940
   5   4009.74208240000     0.00731900960
   6   1447.35310300000     0.02330049990
   7    564.30102913000     0.06538621360
   8    233.74506243000     0.15614449910
   9    101.56402814000     0.29318563790
  10     45.80590718700     0.36287914290
 S 3 
   1    394.27281503000     0.01875330510
   2    121.72249591000     0.16870726660
   3     46.75412596300     0.63806830650
 S 1 
   1     20.92300825400     1.00000000000
 S 1 
   1      8.26855678000     1.00000000000
 S 1 
   1      3.86293456710     1.00000000000
 S 1 
   1      1.77946847810     1.00000000000
 S 1 
   1      0.61064260100     1.00000000000
 S 1 
   1      0.27412269440     1.00000000000
 S 1 
   1      0.11325939110     1.00000000000
 P 8 
   1   2189.89304590000     0.00023912550
   2    518.94596592000     0.00207720320
   3    168.19560151000     0.01124242060
   4     63.74528278800     0.04406993390
   5     26.59703307700     0.12918778610
   6     11.77425144900     0.26910820170
   7      5.35343790240     0.37855928620
   8      2.47019118020     0.29692134660
 P 2 
   1     82.12028834900    -0.03942031880
   2      4.95235328690     0.64048403090
 P 1 
   1      1.08282620290     1.00000000000
 P 1 
   1      0.49271277360     1.00000000000
 P 1 
   1      0.20483450940     1.00000000000
 P 1 
   1      0.08074361570     1.00000000000
 D 1 
   1      4.15900000000     1.00000000000
 D 1 
   1      1.01900000000     1.00000000000
 D 1 
   1      0.46400000000     1.00000000000
 D 1 
   1      0.19400000000     1.00000000000
 F 1 
   1      0.33500000000     1.00000000000
 F 1 
   1      0.86900000000     1.00000000000
 G 1 
   1      0.68300000000     1.00000000000

CHLORINE
 S 10 
   1  1467459.00949999993     0.00001147830
   2  219756.16433000000     0.00008923430
   3  50010.77030100000     0.00046911090
   4  14164.82391800000     0.00197624460
   5   4620.74655250000     0.00714199380
   6   1667.89916350000     0.02275321940
   7    650.29199265000     0.06395978300
   8    269.38037376000     0.15331059240
   9    117.06752106000     0.28986952420
  10     52.81176684300     0.36348071450
 S 3 
   1    461.42769988000     0.01801945760
   2    142.12665355000     0.16489442310
   3     54.43783876800     0.63891587580
 S 1 
   1     24.16077021900     1.00000000000
 S 1 
   1      9.70835403060     1.00000000000
 S 1 
   1      4.56406967330     1.00000000000
 S 1 
   1      2.11947448320     1.00000000000
 S 1 
   1      0.75722365390     1.00000000000
 S 1 
   1      0.33747224600     1.00000000000
 S 1 
   1      0.13860775150     1.00000000000
 P 8 
   1   2501.94578900000     0.00024242620
   2    592.88059285000     0.00210799620
   3    192.18089186000     0.01143269390
   4     72.87571048800     0.04495669810
   5     30.43635837000     0.13197476150
   6     13.49017890200     0.27493639220
   7      6.14780714130     0.38347236370
   8      2.84509448200     0.28871943890
 P 2 
   1    105.39397936000    -0.03431176010
   2      6.73697385130     0.64060818900
 P 1 
   1      1.24210957720     1.00000000000
 P 1 
   1      0.55669714250     1.00000000000
 P 1 
   1      0.23387801460     1.00000000000
 P 1 
   1      0.09316449090     1.00000000000
 D 1 
   1      5.19100000000     1.00000000000
 D 1 
   1      1.27600000000     1.00000000000
 D 1 
   1      0.58300000000     1.00000000000
 D 1 
   1      0.24300000000     1.00000000000
 F 1 
   1      0.42300000000     1.00000000000
 F 1 
   1      1.08900000000     1.00000000000
 G 1 
   1      0.82700000000     1.00000000000

ARGON
 S 10 
   1  1673421.94940000004     0.00001124600
   2  250601.75373000000     0.00008742810
   3  57030.91212000000     0.00045961640
   4  16153.30391500000     0.00193638910
   5   5269.41092880000     0.00699940460
   6   1902.03155410000     0.02231206820
   7    741.57677159000     0.06280807770
   8    307.20901906000     0.15101141000
   9    133.52786203000     0.28713661180
  10     60.25338129100     0.36385490110
 S 3 
   1    522.02426206000     0.01807132310
   2    161.51290469000     0.16449219880
   3     62.12636943300     0.63897334900
 S 1 
   1     27.59093001200     1.00000000000
 S 1 
   1     11.17552888100     1.00000000000
 S 1 
   1      5.29590651370     1.00000000000
 S 1 
   1      2.47827988950     1.00000000000
 S 1 
   1      0.91262095060     1.00000000000
 S 1 
   1      0.40426067550     1.00000000000
 S 1 
   1      0.16562886310     1.00000000000
 P 8 
   1   2868.45045810000     0.00024010440
   2    679.71869590000     0.00209047890
   3    220.36758824000     0.01136931680
   4     83.62043973400     0.04490197740
   5     34.96432265700     0.13237156770
   6     15.52513178400     0.27709277600
   7      7.09929798060     0.38613979650
   8      3.30213366020     0.28492925370
 P 2 
   1    128.78765667000    -0.03050945780
   2      8.43578679770     0.64101621070
 P 1 
   1      1.46186618550     1.00000000000
 P 1 
   1      0.64658010100     1.00000000000
 P 1 
   1      0.27229295750     1.00000000000
 P 1 
   1      0.10905182450     1.00000000000
 D 1 
   1      6.31500000000     1.00000000000
 D 1 
   1      1.56200000000     1.00000000000
 D 1 
   1      0.71500000000     1.00000000000
 D 1 
   1      0.29700000000     1.00000000000
 F 1 
   1      0.54300000000     1.00000000000
 F 1 
   1      1.32500000000     1.00000000000
 G 1 
   1      1.00700000000     1.00000000000

POTASSIUM
 S 11 
   1  2022075.13910000003     0.00001014490
   2  303044.65568000003     0.00007878350
   3  69013.93849000000     0.00041380920
   4  19559.24461500000     0.00174275720
   5   6383.89349010000     0.00630040860
   6   2305.35028580000     0.02012534700
   7    899.14418101000     0.05696606050
   8    372.59500133000     0.13882654090
   9    161.97635247000     0.27132285410
  10     73.08555385300     0.36383620660
  11     33.59564476200     0.24724464780
 S 4 
   1    685.49855365000     0.00443674640
   2    211.66163373000     0.04250271820
   3     80.85140513100     0.18467742020
   4     35.10866723600     0.29353173890
 S 1 
   1     14.40943728300     1.00000000000
 S 1 
   1      6.86971472620     1.00000000000
 S 1 
   1      3.21218836870     1.00000000000
 S 1 
   1      1.26104843650     1.00000000000
 S 1 
   1      0.61438946300     1.00000000000
 S 1 
   1      0.27264370970     1.00000000000
 S 1 
   1      0.07717300520     1.00000000000
 S 1 
   1      0.04091839760     1.00000000000
 S 1 
   1      0.01705576240     1.00000000000
 P 9 
   1   3469.66497180000     0.00021340230
   2    822.02356107000     0.00186378450
   3    266.58406636000     0.01021143150
   4    101.28048161000     0.04079960470
   5     42.42949076100     0.12257473390
   6     18.91208391200     0.26405833680
   7      8.70177790300     0.38227164570
   8      4.08545675990     0.29998812380
   9      1.86672860600     0.07800726560
 P 5 
   1     27.54463905700    -0.00582229940
   2      9.20988936090    -0.02678753130
   3      1.72328774250     0.30666847670
   4      0.77969303730     0.66927944160
   5      0.34379047860     0.60376468620
 P 1 
   1      0.14346681920     1.00000000000
 P 1 
   1      0.06800000000     1.00000000000
 P 1 
   1      0.03200000000     1.00000000000
 P 1 
   1      0.01530000000     1.00000000000
 D 1 
   1      1.70000000000     1.00000000000
 D 1 
   1      0.51000000000     1.00000000000
 D 1 
   1      0.18000000000     1.00000000000
 D 1 
   1      0.05400000000     1.00000000000
 F 1 
   1      2.37000000000     1.00000000000
 F 1 
   1      0.79000000000     1.00000000000
 F 1 
   1      0.09000000000     1.00000000000

CALCIUM
 S 11 
   1  2433075.43039999995     0.00000916250
   2  364160.43014999997     0.00007127160
   3  82898.74763699999     0.00037433710
   4  23499.73054000000     0.00157628620
   5   7671.22459850000     0.00570261030
   6   2770.23306870000     0.01825573810
   7   1080.68075500000     0.05190642100
   8    448.04894531000     0.12791238580
   9    194.92007727000     0.25586635230
  10     88.03979333800     0.36028678270
  11     40.64569671900     0.26838462020
 S 4 
   1    779.53331918000    -0.01840300550
   2    241.18856300000    -0.17649440540
   3     92.40386932400    -0.77662799580
   4     39.78609034200    -1.33521554440
 S 1 
   1     18.19586427800     1.00000000000
 S 1 
   1      8.33214570670     1.00000000000
 S 1 
   1      3.91901962090     1.00000000000
 S 1 
   1      1.66670994930     1.00000000000
 S 1 
   1      0.80891084910     1.00000000000
 S 1 
   1      0.36174199930     1.00000000000
 S 1 
   1      0.08237987450     1.00000000000
 S 1 
   1      0.04794786440     1.00000000000
 S 1 
   1      0.02230811240     1.00000000000
 P 9 
   1   4064.22327960000     0.00019780890
   2    962.91550624000     0.00173074660
   3    312.34501046000     0.00952987210
   4    118.76056036000     0.03838745980
   5     49.81615313300     0.11679256220
   6     22.25967940100     0.25637225100
   7     10.28609412400     0.37986193750
   8      4.86069824160     0.30805760640
   9      2.25256829420     0.08575599990
 P 5 
   1     31.46755544300    -0.00424414870
   2     10.65758905600    -0.01957942590
   3      2.05055554260     0.21237507420
   4      0.94362089230     0.46277871120
   5      0.42709067500     0.39177495730
 P 1 
   1      0.17788187210     1.00000000000
 P 1 
   1      0.08600000000     1.00000000000
 P 1 
   1      0.04150000000     1.00000000000
 P 1 
   1      0.02000000000     1.00000000000
 D 3 
   1     16.92401209800     0.03554397160
   2      4.46554033300     0.18133698340
   3      1.43475762000     0.48002060120
 D 1 
   1      0.46552376780     1.00000000000
 D 1 
   1      0.14097711080     1.00000000000
 D 1 
   1      0.04146700930     1.00000000000
 F 1 
   1      2.65000000000     1.00000000000
 F 1 
   1      0.79400000000     1.00000000000
 F 1 
   1      0.13000000000     1.00000000000

SCANDIUM
 S 11 
   1  2855231.12639999995     0.00000848630
   2  427433.34220999997     0.00006599810
   3  97233.21854500000     0.00034740970
   4  27496.22284600000     0.00146941000
   5   8948.73244090000     0.00534106670
   6   3221.03972920000     0.01720065250
   7   1252.05340770000     0.04928706530
   8    517.26093376000     0.12273534550
   9    224.33127242000     0.24910183840
  10    101.10551671000     0.35884367000
  11     46.68495785500     0.27782811320
 S 4 
   1    947.75965484000     0.00361230190
   2    293.07262846000     0.03561622460
   3    111.70230657000     0.16664064250
   4     47.75621521200     0.32531051400
 S 1 
   1     21.12198400900     1.00000000000
 S 1 
   1      9.77659221980     1.00000000000
 S 1 
   1      4.59826993400     1.00000000000
 S 1 
   1      1.99284877670     1.00000000000
 S 1 
   1      0.95939954460     1.00000000000
 S 1 
   1      0.42566790070     1.00000000000
 S 1 
   1      0.09813219600     1.00000000000
 S 1 
   1      0.05689422220     1.00000000000
 S 1 
   1      0.02536990720     1.00000000000
 P 9 
   1   4611.46802420000     0.00019180660
   2   1092.46664580000     0.00168018980
   3    354.41923265000     0.00927633380
   4    134.83390286000     0.03753720270
   5     56.61087392600     0.11493045220
   6     25.33660551800     0.25446811080
   7     11.74131323800     0.37993352760
   8      5.56972686250     0.30948776390
   9      2.59499540620     0.08697225930
 P 5 
   1     35.95119808100    -0.00557804470
   2     12.30102023200    -0.02593382520
   3      2.38765577550     0.27489094200
   4      1.10318236000     0.59208047140
   5      0.50008479500     0.49113471850
 P 1 
   1      0.20796508800     1.00000000000
 P 1 
   1      0.10100000000     1.00000000000
 P 1 
   1      0.04800000000     1.00000000000
 P 1 
   1      0.02300000000     1.00000000000
 D 5 
   1     73.53117974800     0.00225063550
   2     21.76475963900     0.01637761010
   3      7.92337016900     0.06333044700
   4      3.18478897780     0.17056208550
   5      1.34277900190     0.30119020300
 D 1 
   1      0.56149574980     1.00000000000
 D 1 
   1      0.22764073650     1.00000000000
 D 1 
   1      0.08521122180     1.00000000000
 D 1 
   1      0.03500000000     1.00000000000
 F 1 
   1      1.48100000000     1.00000000000
 F 1 
   1      0.34500000000     1.00000000000
 F 1 
   1      0.11000000000     1.00000000000
 G 1 
   1      0.53100000000     1.00000000000
 G 1 
   1      0.13300000000     1.00000000000

TITANIUM
 S 11 
   1  3070548.86510000005     0.00000869540
   2  460777.88643000001     0.00006745270
   3  104901.22889000000     0.00035477290
   4  29695.86119900000     0.00149775260
   5   9678.88926880000     0.00543099120
   6   3490.18779120000     0.01743936050
   7   1359.22176210000     0.04983563460
   8    562.42721208000     0.12379633940
   9    244.22296250000     0.25057490940
  10    110.16668710000     0.35934609010
  11     50.88190335700     0.27594242660
 S 4 
   1    965.95430789000     0.00417739280
   2    299.27072059000     0.04027714860
   3    114.83772939000     0.17898686820
   4     49.47757895400     0.31783043540
 S 1 
   1     22.98283997700     1.00000000000
 S 1 
   1     10.51830503700     1.00000000000
 S 1 
   1      4.97743905670     1.00000000000
 S 1 
   1      2.13398468380     1.00000000000
 S 1 
   1      1.03424572840     1.00000000000
 S 1 
   1      0.46199774990     1.00000000000
 S 1 
   1      0.10621264190     1.00000000000
 S 1 
   1      0.05434034740     1.00000000000
 S 1 
   1      0.02511021740     1.00000000000
 P 9 
   1   5169.67554270000     0.00018802520
   2   1225.09616380000     0.00164734590
   3    397.60051934000     0.00911045540
   4    151.36154684000     0.03698745090
   5     63.61332177300     0.11376329620
   6     28.51456030700     0.25345208570
   7     13.24800329800     0.38019402700
   8      6.30488077600     0.30989136350
   9      2.94935258210     0.08741894400
 P 5 
   1     40.73877221300    -0.00732337930
   2     14.06235846100    -0.03428259110
   3      2.74606809610     0.35655009250
   4      1.27136881410     0.76112035430
   5      0.57610015550     0.62716743240
 P 1 
   1      0.23981820720     1.00000000000
 P 1 
   1      0.11000000000     1.00000000000
 P 1 
   1      0.05000000000     1.00000000000
 P 1 
   1      0.02300000000     1.00000000000
 D 5 
   1     89.58988007500     0.00212230300
   2     26.59141296000     0.01591181990
   3      9.77397157020     0.06287524310
   4      3.96250836550     0.17144170810
   5      1.68905326540     0.30565506620
 D 1 
   1      0.71539771470     1.00000000000
 D 1 
   1      0.29366677750     1.00000000000
 D 1 
   1      0.11079094850     1.00000000000
 D 1 
   1      0.04500000000     1.00000000000
 F 1 
   1      2.09300000000     1.00000000000
 F 1 
   1      0.56200000000     1.00000000000
 F 1 
   1      0.19100000000     1.00000000000
 G 1 
   1      1.00400000000     1.00000000000
 G 1 
   1      0.26800000000     1.00000000000

VANADIUM
 S 11 
   1  3360380.03819999984     0.00000870280
   2  502646.73177999997     0.00006778600
   3  114247.22867000000     0.00035699230
   4  32321.97263000000     0.00150755070
   5  10532.94727100000     0.00546643780
   6   3798.30044390000     0.01754731080
   7   1479.60947150000     0.05010659480
   8    612.57405507000     0.12431296070
   9    266.22103326000     0.25117026880
  10    120.21980126000     0.35926015900
  11     55.59118084800     0.27505075690
 S 4 
   1   1082.47686350000     0.00393268480
   2    334.94462061000     0.03829847800
   3    128.31559026000     0.17259908830
   4     55.31158961600     0.31287423870
 S 1 
   1     25.10838303600     1.00000000000
 S 1 
   1     11.66755324200     1.00000000000
 S 1 
   1      5.53720732700     1.00000000000
 S 1 
   1      2.37810076180     1.00000000000
 S 1 
   1      1.15069473290     1.00000000000
 S 1 
   1      0.51283991040     1.00000000000
 S 1 
   1      0.11625711450     1.00000000000
 S 1 
   1      0.05827278560     1.00000000000
 S 1 
   1      0.02666231220     1.00000000000
 P 9 
   1   5782.80350050000     0.00018344740
   2   1369.93922820000     0.00160952170
   3    444.53147129000     0.00892422690
   4    169.25617556000     0.03637518240
   5     71.16873003100     0.11246803290
   6     31.93335837400     0.25226107790
   7     14.86533677900     0.38039695010
   8      7.09217400910     0.31068797330
   9      3.32811578460     0.08814120050
 P 5 
   1     45.84290601700    -0.00566613920
   2     15.94033901600    -0.02671897940
   3      3.12571550250     0.27354632710
   4      1.44858675580     0.57972883050
   5      0.65577902830     0.47601110520
 P 1 
   1      0.27311626640     1.00000000000
 P 1 
   1      0.12200000000     1.00000000000
 P 1 
   1      0.05500000000     1.00000000000
 P 1 
   1      0.02500000000     1.00000000000
 D 5 
   1    103.95047414000     0.00210071590
   2     30.90168866500     0.01601524490
   3     11.42032114500     0.06412745690
   4      4.65732722920     0.17488905700
   5      1.99636826230     0.31003778050
 D 1 
   1      0.84967249530     1.00000000000
 D 1 
   1      0.34953221880     1.00000000000
 D 1 
   1      0.13165588230     1.00000000000
 D 1 
   1      0.05200000000     1.00000000000
 F 1 
   1      2.93300000000     1.00000000000
 F 1 
   1      0.83100000000     1.00000000000
 F 1 
   1      0.25700000000     1.00000000000
 G 1 
   1      1.85600000000     1.00000000000
 G 1 
   1      0.45500000000     1.00000000000

CHROMIUM
 S 11 
   1  3637838.68200000003     0.00000876930
   2  544864.46100000001     0.00006816910
   3  123997.55078999999     0.00035844590
   4  35116.73316600000     0.00151170070
   5  11455.70229800000     0.00547319300
   6   4135.99067120000     0.01753943010
   7   1613.25135810000     0.05000487090
   8    668.77932380000     0.12393518960
   9    291.01365155000     0.25039606410
  10    131.57328167000     0.35870470430
  11     60.92456792800     0.27581148880
 S 4 
   1   1196.28996010000     0.00773686420
   2    369.76947592000     0.07583783540
   3    141.54426084000     0.34435148640
   4     60.99922876500     0.63249297920
 S 1 
   1     27.59911335800     1.00000000000
 S 1 
   1     12.88211205600     1.00000000000
 S 1 
   1      6.12475137210     1.00000000000
 S 1 
   1      2.63328953090     1.00000000000
 S 1 
   1      1.27084822890     1.00000000000
 S 1 
   1      0.56483575920     1.00000000000
 S 1 
   1      0.12596808940     1.00000000000
 S 1 
   1      0.06204560730     1.00000000000
 S 1 
   1      0.02814431270     1.00000000000
 P 9 
   1   6395.87817920000     0.00018104790
   2   1515.17015740000     0.00158936590
   3    491.70538681000     0.00882587390
   4    187.28416675000     0.03606894700
   5     78.80034644400     0.11189649650
   6     35.39629169300     0.25202239840
   7     16.50927887900     0.38082266430
   8      7.89473968630     0.31035222440
   9      3.71364144650     0.08798031040
 P 5 
   1     51.25931253400    -0.00605420380
   2     17.93493252300    -0.02876176400
   3      3.52571742180     0.29087768170
   4      1.63391639060     0.61267525060
   5      0.73852413830     0.50126035020
 P 1 
   1      0.30752368190     1.00000000000
 P 1 
   1      0.13500000000     1.00000000000
 P 1 
   1      0.05900000000     1.00000000000
 P 1 
   1      0.02600000000     1.00000000000
 D 5 
   1    118.24986288000     0.00210127570
   2     35.19393570000     0.01621226950
   3     13.05781602200     0.06558185270
   4      5.34856028440     0.17849601450
   5      2.30042337130     0.31376763020
 D 1 
   1      0.98114328300     1.00000000000
 D 1 
   1      0.40334183210     1.00000000000
 D 1 
   1      0.15135589550     1.00000000000
 D 1 
   1      0.06000000000     1.00000000000
 F 1 
   1      3.73300000000     1.00000000000
 F 1 
   1      1.14700000000     1.00000000000
 F 1 
   1      0.36600000000     1.00000000000
 G 1 
   1      2.65700000000     1.00000000000
 G 1 
   1      0.71900000000     1.00000000000

MANGANESE
 S 11 
   1  4289357.64410000015     0.00000793610
   2  636361.00285000005     0.00006254300
   3  143637.27569000001     0.00033226390
   4  40406.34543200000     0.00141300100
   5  13104.36341700000     0.00515609180
   6   4705.06642550000     0.01665957490
   7   1825.71254320000     0.04790808340
   8    753.33816229000     0.11994903750
   9    326.47253285000     0.24550296960
  10    147.10300670000     0.35822739570
  11     67.98722686900     0.28295764440
 S 4 
   1   1300.72667170000     0.00760251540
   2    402.72027544000     0.07436510980
   3    154.38971348000     0.33780474820
   4     66.44338461300     0.62779331750
 S 1 
   1     30.97531600600     1.00000000000
 S 1 
   1     14.22298089000     1.00000000000
 S 1 
   1      6.75982650740     1.00000000000
 S 1 
   1      2.90870832870     1.00000000000
 S 1 
   1      1.39665077920     1.00000000000
 S 1 
   1      0.61792624090     1.00000000000
 S 1 
   1      0.13439483720     1.00000000000
 S 1 
   1      0.06519505380     1.00000000000
 S 1 
   1      0.02941571360     1.00000000000
 P 9 
   1   6483.26296580000     0.00020479780
   2   1556.71348590000     0.00175257500
   3    509.73925460000     0.00957988020
   4    195.28408089000     0.03868136300
   5     82.54254752500     0.11832401590
   6     37.21207673100     0.26168459630
   7     17.42580446200     0.38400628820
   8      8.36913769620     0.29704166760
   9      3.94090004440     0.07826329030
 P 5 
   1     57.20274101000    -0.00477491000
   2     20.09093594700    -0.02298972990
   3      3.93575537630     0.23197065880
   4      1.81819840120     0.48435204040
   5      0.81881535280     0.39159479000
 P 1 
   1      0.34038359190     1.00000000000
 P 1 
   1      0.15000000000     1.00000000000
 P 1 
   1      0.06300000000     1.00000000000
 P 1 
   1      0.02700000000     1.00000000000
 D 6 
   1    200.40254535000     0.00089549560
   2     59.89822577300     0.00762576310
   3     22.81057016700     0.03452322420
   4      9.58741420970     0.10552676970
   5      4.29337109100     0.22575377680
   6      1.95376183730     0.32766533670
 D 1 
   1      0.87378873600     1.00000000000
 D 1 
   1      0.37597748900     1.00000000000
 D 1 
   1      0.14811547590     1.00000000000
 D 1 
   1      0.06000000000     1.00000000000
 F 1 
   1      4.35300000000     1.00000000000
 F 1 
   1      1.32600000000     1.00000000000
 F 1 
   1      0.40800000000     1.00000000000
 F 1 
   1      0.12550000000     1.00000000000
 G 1 
   1      3.31600000000     1.00000000000
 G 1 
   1      0.92900000000     1.00000000000

IRON
 S 11 
   1  4313154.43379999977     0.00000867120
   2  645875.08253000001     0.00006742320
   3  146981.87698000000     0.00035448750
   4  41630.61504400000     0.00149482860
   5  13580.62010900000     0.00541366980
   6   4902.06206130000     0.01736246080
   7   1911.29008370000     0.04956657410
   8    791.99837852000     0.12309089700
   9    344.54799181000     0.24936705760
  10    155.78722730000     0.35858414680
  11     72.17938031500     0.27738221640
 S 4 
   1   1417.91250910000     0.00748716320
   2    439.23184195000     0.07333758440
   3    168.51006820000     0.33383143870
   4     72.77626941200     0.62022524640
 S 1 
   1     32.75296177400     1.00000000000
 S 1 
   1     15.43433610100     1.00000000000
 S 1 
   1      7.36393182050     1.00000000000
 S 1 
   1      3.16988328800     1.00000000000
 S 1 
   1      1.52437083950     1.00000000000
 S 1 
   1      0.67496281150     1.00000000000
 S 1 
   1      0.14718566030     1.00000000000
 S 1 
   1      0.07008221660     1.00000000000
 S 1 
   1      0.03120826940     1.00000000000
 P 9 
   1   7709.05876270000     0.00017711230
   2   1826.46663230000     0.00155600570
   3    592.84368362000     0.00866295370
   4    225.93763245000     0.03556595420
   5     95.16475889000     0.11098847280
   6     42.82313237500     0.25177796620
   7     20.03628658100     0.38166911080
   8      9.61593462830     0.30963598260
   9      4.53935387870     0.08755827660
 P 5 
   1     62.99751900300    -0.00509103890
   2     22.26274873100    -0.02454046320
   3      4.39000649420     0.24345605490
   4      2.03289139280     0.50781898430
   5      0.91592621580     0.41214895670
 P 1 
   1      0.38036653510     1.00000000000
 P 1 
   1      0.16000000000     1.00000000000
 P 1 
   1      0.06700000000     1.00000000000
 P 1 
   1      0.02800000000     1.00000000000
 D 6 
   1    218.33430163000     0.00093700010
   2     65.25629261600     0.00800087690
   3     24.86694481700     0.03630528660
   4     10.47339930100     0.11057189870
   5      4.69470050070     0.23219588600
   6      2.13159825340     0.32922859680
 D 1 
   1      0.94748004610     1.00000000000
 D 1 
   1      0.40346488830     1.00000000000
 D 1 
   1      0.15687414730     1.00000000000
 D 1 
   1      0.06200000000     1.00000000000
 F 1 
   1      5.10300000000     1.00000000000
 F 1 
   1      1.59800000000     1.00000000000
 F 1 
   1      0.50500000000     1.00000000000
 F 1 
   1      0.15960000000     1.00000000000
 G 1 
   1      3.97500000000     1.00000000000
 G 1 
   1      1.13900000000     1.00000000000

COBALT
 S 11 
   1  4658206.50320000015     0.00000866100
   2  697560.87453000003     0.00006733630
   3  158759.87124000001     0.00035399040
   4  44969.09937900000     0.00149263840
   5  14670.71424700000     0.00540530950
   6   5295.89472500000     0.01733523360
   7   2065.05811670000     0.04948664130
   8    855.90627750000     0.12289351960
   9    372.48747255000     0.24903230030
  10    168.50576608000     0.35838320260
  11     78.12876156600     0.27777974150
 S 4 
   1   1534.51498850000     0.00744643730
   2    475.52976096000     0.07299360200
   3    182.54836839000     0.33243104990
   4     78.91646717700     0.61900490000
 S 1 
   1     35.50086552200     1.00000000000
 S 1 
   1     16.79041448600     1.00000000000
 S 1 
   1      8.02402325100     1.00000000000
 S 1 
   1      3.45716829640     1.00000000000
 S 1 
   1      1.65998353910     1.00000000000
 S 1 
   1      0.73380022450     1.00000000000
 S 1 
   1      0.15878613100     1.00000000000
 S 1 
   1      0.07453565950     1.00000000000
 S 1 
   1      0.03286735170     1.00000000000
 P 9 
   1   8425.43313520000     0.00017491780
   2   1995.87584520000     0.00153789020
   3    647.76765681000     0.00857524530
   4    246.88261214000     0.03529526690
   5    104.00952246000     0.11050007670
   6     46.82747813800     0.25160924540
   7     21.93444453500     0.38209003020
   8     10.54049952800     0.30947119880
   9      4.98204193850     0.08743687300
 P 5 
   1     69.27078713000    -0.00611724240
   2     24.58397793500    -0.02965504390
   3      4.85622588780     0.29163333190
   4      2.24809161020     0.60629408340
   5      1.01142859770     0.49057440020
 P 1 
   1      0.41919905460     1.00000000000
 P 1 
   1      0.17500000000     1.00000000000
 P 1 
   1      0.07300000000     1.00000000000
 P 1 
   1      0.03000000000     1.00000000000
 D 6 
   1    237.58450966000     0.00097593280
   2     71.08689630200     0.00834325720
   3     27.11908068300     0.03795847110
   4     11.44823905400     0.11522936170
   5      5.13918066720     0.23843467910
   6      2.33234920990     0.33205699960
 D 1 
   1      1.03386620620     0.33276836070
 D 1 
   1      0.43785146290     0.22769290930
 D 1 
   1      0.16895004950     0.07463412920
 D 1 
   1      0.06600000000     1.00000000000
 F 1 
   1      5.97500000000     1.00000000000
 F 1 
   1      1.90300000000     1.00000000000
 F 1 
   1      0.59400000000     1.00000000000
 F 1 
   1      0.18540000000     1.00000000000
 G 1 
   1      4.63500000000     1.00000000000
 G 1 
   1      1.34900000000     1.00000000000

NICKEL
 S 11 
   1  5037649.95320000034     0.00000860730
   2  754246.39417999994     0.00006693540
   3  171644.16010000001     0.00035190800
   4  48617.23028600000     0.00148390830
   5  15860.96179500000     0.00537363440
   6   5726.00186530000     0.01723337630
   7   2232.95473170000     0.04921147690
   8    925.49649101000     0.12232504540
   9    402.75336913000     0.24829251590
  10    182.19422856000     0.35825476190
  11     84.49410978800     0.27881865550
 S 4 
   1   1678.05645860000     0.00824628710
   2    519.21358326000     0.08150594040
   3    198.95881607000     0.37495727650
   4     85.90118070300     0.70841743830
 S 1 
   1     38.43576012300     1.00000000000
 S 1 
   1     18.25234935100     1.00000000000
 S 1 
   1      8.72836169390     1.00000000000
 S 1 
   1      3.76162456620     1.00000000000
 S 1 
   1      1.80282173380     1.00000000000
 S 1 
   1      0.79507140510     1.00000000000
 S 1 
   1      0.17031720280     1.00000000000
 S 1 
   1      0.07897123620     1.00000000000
 S 1 
   1      0.03450348670     1.00000000000
 P 9 
   1   9156.57014530000     0.00017346420
   2   2169.02395260000     0.00152572200
   3    703.98918991000     0.00851632810
   4    268.36293215000     0.03511746700
   5    113.10288796000     0.11020275380
   6     50.95553922200     0.25162601670
   7     23.89670820900     0.38246389850
   8     11.49824152200     0.30907230270
   9      5.44109080560     0.08719437740
 P 5 
   1     75.93856073600    -0.00746355470
   2     27.03735018400    -0.03645340160
   3      5.34046874320     0.35633549410
   4      2.47001813610     0.73774121990
   5      1.10950290640     0.59439383020
 P 1 
   1      0.45899767100     1.00000000000
 P 1 
   1      0.18700000000     1.00000000000
 P 1 
   1      0.07620000000     1.00000000000
 P 1 
   1      0.03100000000     1.00000000000
 D 6 
   1    258.11131142000     0.00237262740
   2     77.25489137100     0.02033013280
   3     29.50024003300     0.09274848670
   4     12.47744694500     0.28082284560
   5      5.60704551110     0.57392657880
   6      2.54277441630     0.78766058530
 D 1 
   1      1.12382967740     0.77868790420
 D 1 
   1      0.47361171460     0.52932234350
 D 1 
   1      0.18161858320     0.17478168240
 D 1 
   1      0.07100000000     1.00000000000
 F 1 
   1      6.75800000000     1.00000000000
 F 1 
   1      2.17400000000     1.00000000000
 F 1 
   1      0.68100000000     1.00000000000
 F 1 
   1      0.21300000000     1.00000000000
 G 1 
   1      5.29400000000     1.00000000000
 G 1 
   1      1.55800000000     1.00000000000

COPPER
 S 11 
   1  5056467.88980000000     0.00000935020
   2  759457.83834999998     0.00007232340
   3  173524.88497000001     0.00037813830
   4  49327.25998800000     0.00158701300
   5  16144.14993000000     0.00572206850
   6   5844.59646800000     0.01826839000
   7   2284.68127390000     0.05189372090
   8    948.88232514000     0.12796192370
   9    413.66215455000     0.25629891040
  10    187.38942059000     0.36064416140
  11     86.87277164800     0.26833664660
 S 4 
   1   1744.05982870000     0.00885870790
   2    540.93295513000     0.08652278580
   3    207.99736224000     0.38932285260
   4     90.47579303600     0.69777199900
 S 1 
   1     38.86968769900     1.00000000000
 S 1 
   1     18.97482914700     1.00000000000
 S 1 
   1      9.09536446350     1.00000000000
 S 1 
   1      3.83300201740     1.00000000000
 S 1 
   1      1.81988914990     1.00000000000
 S 1 
   1      0.79068098390     1.00000000000
 S 1 
   1      0.14914142110     1.00000000000
 S 1 
   1      0.07244809060     1.00000000000
 S 1 
   1      0.03095992540     1.00000000000
 P 9 
   1   9720.46145550000     0.00017828800
   2   2302.75574520000     0.00156781090
   3    747.48498314000     0.00874700950
   4    285.00132623000     0.03604454930
   5    120.15121609000     0.11287209050
   6     54.14526115600     0.25647377340
   7     25.40603356300     0.38512918380
   8     12.22433146500     0.30316512360
   9      5.76387206680     0.08167721900
 P 5 
   1     83.21083721700    -0.00635303600
   2     29.69477912900    -0.03138383470
   3      5.82485162060     0.30930039750
   4      2.67461811800     0.63583925940
   5      1.18418367750     0.50946045970
 P 1 
   1      0.48043583540     1.00000000000
 P 1 
   1      0.18700000000     1.00000000000
 P 1 
   1      0.07620000000     1.00000000000
 P 1 
   1      0.03100000000     1.00000000000
 D 6 
   1    249.54025080000     0.00124328810
   2     74.68391453400     0.01045690200
   3     28.39271711600     0.04645124120
   4     11.95596843000     0.13541359730
   5      5.32107446240     0.25852899980
   6      2.36611894590     0.33168127630
 D 1 
   1      1.01318639940     1.00000000000
 D 1 
   1      0.40710035940     1.00000000000
 D 1 
   1      0.14742541030     1.00000000000
 D 1 
   1      0.07100000000     1.00000000000
 F 1 
   1      6.96200000000     1.00000000000
 F 1 
   1      2.23300000000     1.00000000000
 F 1 
   1      0.70400000000     1.00000000000
 F 1 
   1      0.24000000000     1.00000000000
 G 1 
   1      5.95300000000     1.00000000000
 G 1 
   1      1.76800000000     1.00000000000

ZINC
 S 11 
   1  5742307.15070000011     0.00000868640
   2  861450.78790000000     0.00006736470
   3  196346.05866000001     0.00035349720
   4  55682.87073700000     0.00148841540
   5  18183.90239400000     0.00538409170
   6   6569.64480190000     0.01725273820
   7   2563.56132760000     0.04923867910
   8   1063.11471760000     0.12235812170
   9    462.89771078000     0.24835390240
  10    209.52821049000     0.35830632830
  11     97.24078799100     0.27880259960
 S 4 
   1   1929.26899920000     0.00830770020
   2    598.07122307000     0.08188259020
   3    229.69667336000     0.37588060220
   4     99.41681922800     0.71067260450
 S 1 
   1     44.24110142100     1.00000000000
 S 1 
   1     21.19436711300     1.00000000000
 S 1 
   1     10.15873159700     1.00000000000
 S 1 
   1      4.37461761580     1.00000000000
 S 1 
   1      2.09014890710     1.00000000000
 S 1 
   1      0.91869136440     1.00000000000
 S 1 
   1      0.19278660610     1.00000000000
 S 1 
   1      0.08732991520     1.00000000000
 S 1 
   1      0.03755221710     1.00000000000
 P 9 
   1  10690.44510700000     0.00017142870
   2   2532.31593400000     0.00150880130
   3    821.94295003000     0.00843687780
   4    313.42757800000     0.03489810320
   5    132.18314247000     0.10993617350
   6     59.62055438700     0.25207277070
   7     28.01948886800     0.38325657520
   8     13.51170485000     0.30787091250
   9      6.40537112530     0.08641169680
 P 5 
   1     89.98113191800    -0.00962628480
   2     32.24176710600    -0.04750940730
   3      6.38094485810     0.45834100430
   4      2.94779283530     0.94473799130
   5      1.32008549550     0.75923464870
 P 1 
   1      0.54424674440     1.00000000000
 P 1 
   1      0.25799971800     1.00000000000
 P 1 
   1      0.09286319240     1.00000000000
 P 1 
   1      0.03405934140     1.00000000000
 D 6 
   1    305.22298937000     0.00273597920
   2     91.46827320200     0.02358522980
   3     34.98698596800     0.10858422440
   4     14.84941518700     0.32843594230
   5      6.68585457070     0.66180235630
   6      3.03094126200     0.89165339320
 D 1 
   1      1.33550506710     1.00000000000
 D 1 
   1      0.55883176390     1.00000000000
 D 1 
   1      0.21180799290     1.00000000000
 D 1 
   1      0.08300000000     1.00000000000
 F 1 
   1      8.02000000000     1.00000000000
 F 1 
   1      2.61400000000     1.00000000000
 F 1 
   1      0.83600000000     1.00000000000
 F 1 
   1      0.26730000000     1.00000000000
 G 1 
   1      6.61300000000     1.00000000000
 G 1 
   1      1.97800000000     1.00000000000

GALLIUM
 S 11 
   1  6623802.02740000002     0.00000790910
   2  987904.07074999996     0.00006183570
   3  224132.05898999999     0.00032636320
   4  63315.19294300000     0.00138103650
   5  20611.31270200000     0.00501537720
   6   7429.16724820000     0.01613093680
   7   2894.20717200000     0.04624082720
   8   1198.99157860000     0.11579099570
   9    521.82003812000     0.23834840790
  10    236.27549237000     0.35374255970
  11    109.98395671000     0.29055721920
 S 4 
   1   2101.25872530000     0.00830396120
   2    650.97022519000     0.08225412770
   3    250.22438356000     0.38021717480
   4    108.17616625000     0.74503594690
 S 1 
   1     51.05748671000     1.00000000000
 S 1 
   1     23.64747452700     1.00000000000
 S 1 
   1     11.36170114400     1.00000000000
 S 1 
   1      5.01781358970     1.00000000000
 S 1 
   1      2.41026749980     1.00000000000
 S 1 
   1      1.07410466850     1.00000000000
 S 1 
   1      0.25745075830     1.00000000000
 S 1 
   1      0.12175227550     1.00000000000
 S 1 
   1      0.05236059900     1.00000000000
 P 9 
   1  14711.75048300000     0.00011130990
   2   3482.14517160000     0.00098495920
   3   1130.21866550000     0.00558541820
   4    431.54093448000     0.02368241300
   5    182.41723648000     0.07821158720
   6     82.70675360300     0.19503829930
   7     39.22812877200     0.34131988490
   8     19.20197993900     0.35718665130
   9      9.50569666890     0.16395955050
 P 2 
   1     92.61561302200    -0.08584828420
   2     33.75014816500    -0.39435019540
 P 4 
   1      7.34822830150     0.37941606570
   2      3.78133848440     0.71306291870
   3      2.31451831280     0.43210001480
   4      0.80346859710     0.25838122800
 P 1 
   1      1.54237100870     1.00000000000
 P 1 
   1      0.32910239640     1.00000000000
 P 1 
   1      0.11834088830     1.00000000000
 P 1 
   1      0.04162787770     1.00000000000
 D 7 
   1    363.49565218000     0.00087402300
   2    109.01749589000     0.00767519340
   3     41.86643071500     0.03638897530
   4     17.87927989400     0.11325183020
   5      8.12018936710     0.23770881290
   6      3.73606113560     0.33306060390
   7      1.68268125490     0.33130613760
 D 1 
   1      0.72655790500     0.21895437570
 D 1 
   1      0.28498585080     1.00000000000
 D 1 
   1      0.11200000000     1.00000000000
 F 1 
   1      7.79470376700     1.00000000000
 F 1 
   1      2.29567059200     1.00000000000
 F 1 
   1      0.18100000000     1.00000000000
 F 1 
   1      0.47100000000     1.00000000000
 G 1 
   1      0.40320000000     1.00000000000

GERMANIUM
 S 11 
   1  7233056.03459999990     0.00000766390
   2  1082886.17310000001     0.00005960360
   3  246481.46958999999     0.00031319090
   4  69862.42695500000     0.00131940520
   5  22815.80966200000     0.00477360990
   6   8246.53692970000     0.01531925050
   7   3219.93672570000     0.04390087070
   8   1336.57437060000     0.11028573630
   9    582.87737501000     0.22912630490
  10    264.59511360000     0.34779259250
  11    123.77823320000     0.29968722220
 S 4 
   1   2311.10558040000     0.00750330850
   2    716.27089868000     0.07477838660
   3    275.45330910000     0.35092882300
   4    118.93292565000     0.72055989690
 S 1 
   1     58.43569908500     1.00000000000
 S 1 
   1     26.26157597300     1.00000000000
 S 1 
   1     12.66488067100     1.00000000000
 S 1 
   1      5.72695485050     1.00000000000
 S 1 
   1      2.75550232030     1.00000000000
 S 1 
   1      1.24328867540     1.00000000000
 S 1 
   1      0.33107183850     1.00000000000
 S 1 
   1      0.15964081370     1.00000000000
 S 1 
   1      0.06846317890     1.00000000000
 P 9 
   1  16555.71107400000     0.00010199370
   2   3914.99037450000     0.00090504190
   3   1269.47665180000     0.00515584910
   4    484.35437789000     0.02201033570
   5    204.64985822000     0.07343479880
   6     92.79103209400     0.18608955290
   7     44.05506025500     0.33330981940
   8     21.60131993100     0.36229776250
   9     10.73216923300     0.17765186260
 P 2 
   1    100.88933962000    -0.11146182140
   2     36.64025474100    -0.52324324310
 P 4 
   1      8.03432241150     0.31484763260
   2      4.56134383330     0.38737744790
   3      3.17948822230     0.50034353640
   4      0.92612041460     0.22656707950
 P 1 
   1      1.79770409070     1.00000000000
 P 1 
   1      0.41386865430     1.00000000000
 P 1 
   1      0.15830798710     1.00000000000
 P 1 
   1      0.05787703590     1.00000000000
 D 7 
   1    420.99565921000     0.00078212190
   2    126.36209818000     0.00695601240
   3     48.66147354800     0.03371218830
   4     20.88032552700     0.10717291190
   5      9.54182293550     0.23161030140
   6      4.43536538680     0.33390954300
   7      2.02854219420     0.33720676380
 D 1 
   1      0.89484935270     0.21702473260
 D 1 
   1      0.35786074330     1.00000000000
 D 1 
   1      0.14000000000     1.00000000000
 F 1 
   1      8.94253290000     1.00000000000
 F 1 
   1      2.69203129900     1.00000000000
 F 1 
   1      0.54920000000     1.00000000000
 F 1 
   1      0.21900000000     1.00000000000
 G 1 
   1      0.46810000000     1.00000000000

ARSENIC
 S 11 
   1  8217482.61980000045     0.00000705910
   2  1230500.37199999997     0.00005488090
   3  280225.86648000003     0.00028809160
   4  79482.50941499999     0.00121297790
   5  25963.78335100000     0.00439145600
   6   9381.40101930000     0.01412536300
   7   3660.49119720000     0.04065791560
   8   1518.23560240000     0.10300382630
   9    661.80098920000     0.21730077100
  10    300.58642127000     0.33995751410
  11    141.11137296000     0.31088634080
 S 4 
   1   2577.08705800000     0.00707529920
   2    798.07872277000     0.07138361530
   3    306.57574948000     0.34287024630
   4    132.27558802000     0.74361403410
 S 1 
   1     67.44870223500     1.00000000000
 S 1 
   1     29.20918044100     1.00000000000
 S 1 
   1     14.15650932600     1.00000000000
 S 1 
   1      6.55615066820     1.00000000000
 S 1 
   1      3.13928472380     1.00000000000
 S 1 
   1      1.42946310500     1.00000000000
 S 1 
   1      0.41103390890     1.00000000000
 S 1 
   1      0.20032453310     1.00000000000
 S 1 
   1      0.08566992880     1.00000000000
 P 10 
   1  25198.50427800000     0.00005475820
   2   5972.56013810000     0.00048572460
   3   1941.91231830000     0.00279080860
   4    743.59381104000     0.01220150600
   5    315.63828052000     0.04266628510
   6    143.96878925000     0.11870919140
   7     69.06868316400     0.24909407020
   8     34.25430562900     0.36061356900
   9     17.37174675900     0.29392241830
  10      8.76345556280     0.09782905740
 P 5 
   1    228.49024582000    -0.00249001410
   2     86.31355548800    -0.01948251580
   3     36.75136626700    -0.06149507100
   4      8.53651494640     0.47258065060
   5      4.19351285990     1.02360650790
 P 1 
   1      2.04649804170     1.00000000000
 P 1 
   1      0.98000000000     1.00000000000
 P 1 
   1      0.40534340620     1.00000000000
 P 1 
   1      0.16655070470     1.00000000000
 P 1 
   1      0.06598170610     1.00000000000
 D 7 
   1    479.32599612000     0.00071722800
   2    143.96064855000     0.00644192230
   3     55.54890922400     0.03177649900
   4     23.92758100600     0.10276249170
   5     10.98819417200     0.22710952840
   6      5.14893562620     0.33477474120
   7      2.38368108920     0.34175986070
 D 1 
   1      1.06882046670     0.21462891640
 D 1 
   1      0.43305693740     1.00000000000
 D 1 
   1      0.17000000000     1.00000000000
 F 1 
   1     10.18109683100     1.00000000000
 F 1 
   1      3.12807045500     1.00000000000
 F 1 
   1      0.26400000000     1.00000000000
 F 1 
   1      0.64400000000     1.00000000000
 G 1 
   1      0.54650000000     1.00000000000

SELENIUM
 S 11 
   1  9520446.77429999970     0.00000633100
   2  1424984.08019999997     0.00004926770
   3  324127.57682000002     0.00025920250
   4  91774.87695000001     0.00109431460
   5  29932.72572500000     0.00397061390
   6  10804.61790500000     0.01280118790
   7   4214.01347790000     0.03698037940
   8   1747.81166330000     0.09446134990
   9    762.12160878000     0.20274705430
  10    346.45604141000     0.32878956420
  11    163.11569304000     0.32300252610
 S 4 
   1   2614.51530670000     0.00791139290
   2    818.68552756000     0.07718773940
   3    318.63398991000     0.35672061950
   4    139.04844125000     0.75846750000
 S 1 
   1     78.34873478800     1.00000000000
 S 1 
   1     31.70429066300     1.00000000000
 S 1 
   1     15.50585926900     1.00000000000
 S 1 
   1      7.32274236250     1.00000000000
 S 1 
   1      3.49694835490     1.00000000000
 S 1 
   1      1.61215460850     1.00000000000
 S 1 
   1      0.49587158540     1.00000000000
 S 1 
   1      0.24092138170     1.00000000000
 S 1 
   1      0.10231739400     1.00000000000
 P 10 
   1  25360.21561500000     0.00006053180
   2   5993.78966100000     0.00053987770
   3   1943.07417550000     0.00311304560
   4    742.35316156000     0.01359967470
   5    314.62114597000     0.04729895840
   6    143.34748044000     0.12981487730
   7     68.67361755200     0.26569982210
   8     34.01355411700     0.36723195310
   9     17.19809962100     0.27478356340
  10      8.58303296290     0.07925616970
 P 5 
   1    236.58209146000    -0.00122716490
   2     90.57618321400    -0.00925846280
   3     39.08668930100    -0.02842872840
   4      9.30843440180     0.21201102190
   5      4.61699230840     0.47117589800
 P 1 
   1      2.26534775060     1.00000000000
 P 1 
   1      1.08000000000     1.00000000000
 P 1 
   1      0.47939328580     1.00000000000
 P 1 
   1      0.19619983840     1.00000000000
 P 1 
   1      0.07625633930     1.00000000000
 D 7 
   1    539.48700124000     0.00066722960
   2    162.13394435000     0.00603993310
   3     62.66179564100     0.03023866650
   4     27.07727288900     0.09926789210
   5     12.48300392900     0.22358036310
   6      5.88646231360     0.33574682760
   7      2.75191311050     0.34554856480
 D 1 
   1      1.25007696170     0.21216654620
 D 1 
   1      0.51172841840     1.00000000000
 D 1 
   1      0.20000000000     1.00000000000
 F 1 
   1     11.33339193900     1.00000000000
 F 1 
   1      3.51855056900     1.00000000000
 F 1 
   1      0.28400000000     1.00000000000
 F 1 
   1      0.70970000000     1.00000000000
 G 1 
   1      0.57300000000     1.00000000000

BROMINE
 S 11 
   1  10629044.26400000043     0.00000593220
   2  1591918.27389999991     0.00004611900
   3  362333.98437000002     0.00024244610
   4  102643.11141000000     0.00102314230
   5  33489.84666800000     0.00371219840
   6  12091.24719000000     0.01197810790
   7   4716.19087890000     0.03468269280
   8   1956.15980800000     0.08906833130
   9    853.08595848000     0.19330124570
  10    387.96633666000     0.32071144960
  11    182.85156613000     0.32996797570
 S 4 
   1   3240.40864210000     0.00659051940
   2   1000.46319350000     0.06843960970
   3    383.37301682000     0.34495478670
   4    166.03929698000     0.82315542090
 S 1 
   1     87.91990699400     1.00000000000
 S 1 
   1     35.67584006800     1.00000000000
 S 1 
   1     17.54365784200     1.00000000000
 S 1 
   1      8.44736604330     1.00000000000
 S 1 
   1      3.96661806160     1.00000000000
 S 1 
   1      1.83568159870     1.00000000000
 S 1 
   1      0.59084778780     1.00000000000
 S 1 
   1      0.28863218420     1.00000000000
 S 1 
   1      0.12153380540     1.00000000000
 P 10 
   1  26566.47657900000     0.00006207370
   2   6290.50885660000     0.00055131640
   3   2043.31784100000     0.00316801110
   4    781.67221007000     0.01381659730
   5    331.51078945000     0.04801853970
   6    151.09198667000     0.13162015180
   7     72.39527816600     0.26860052200
   8     35.86951084400     0.36827391090
   9     18.13990619100     0.27108612940
  10      9.04666889440     0.07621533860
 P 5 
   1    253.71822146000    -0.00137291690
   2     97.25081805800    -0.01039381120
   3     42.03489796000    -0.03220421460
   4      9.96856735550     0.24224770090
   5      4.93958547450     0.53557868400
 P 1 
   1      2.43828454750     1.00000000000
 P 1 
   1      1.18000000000     1.00000000000
 P 1 
   1      0.51047564970     1.00000000000
 P 1 
   1      0.21215851930     1.00000000000
 P 1 
   1      0.08394360500     1.00000000000
 D 7 
   1    601.44434484000     0.00062783720
   2    180.85718640000     0.00572051570
   3     69.98680634000     0.02900252150
   4     30.32471030000     0.09644698980
   5     14.02790923800     0.22065825870
   6      6.65117020820     0.33657642380
   7      3.13541683380     0.34872040580
 D 1 
   1      1.43935918430     0.20984536470
 D 1 
   1      0.59350441440     1.00000000000
 D 1 
   1      0.23000000000     1.00000000000
 F 1 
   1     12.70306242300     1.00000000000
 F 1 
   1      4.00834556700     1.00000000000
 F 1 
   1      0.34070000000     1.00000000000
 F 1 
   1      0.82570000000     1.00000000000
 G 1 
   1      0.64910000000     1.00000000000

KRYPTON
 S 11 
   1  11713823.00799999945     0.00000569160
   2  1755253.39789999998     0.00004421450
   3  399717.41924000002     0.00023227810
   4  113285.79260000000     0.00097973660
   5  36977.20529300000     0.00355376280
   6  13355.03658000000     0.01146867330
   7   5210.90129880000     0.03324162750
   8   2162.11370200000     0.08562072570
   9    943.29291023000     0.18708766880
  10    429.20724331000     0.31497583330
  11    202.40720840000     0.33406191040
 S 4 
   1   3260.49855210000     0.00730915090
   2   1011.10697160000     0.07404035540
   3    392.44359273000     0.35414962220
   4    173.21702132000     0.80188286110
 S 1 
   1     96.61998846700     1.00000000000
 S 1 
   1     38.15828486700     1.00000000000
 S 1 
   1     18.95951757000     1.00000000000
 S 1 
   1      9.25059961990     1.00000000000
 S 1 
   1      4.34865176210     1.00000000000
 S 1 
   1      2.03803242090     1.00000000000
 S 1 
   1      0.69110152540     1.00000000000
 S 1 
   1      0.33506065140     1.00000000000
 S 1 
   1      0.14074441120     1.00000000000
 P 10 
   1  28609.33576700000     0.00006052640
   2   6773.12363640000     0.00053786290
   3   2199.80110790000     0.00309353570
   4    841.50201590000     0.01351431840
   5    356.92110288000     0.04709008690
   6    162.71174351000     0.12960370450
   7     78.00426499400     0.26607435650
   8     38.68257999700     0.36775851230
   9     19.58915868500     0.27406903540
  10      9.79908634170     0.07877335230
 P 5 
   1    261.37786869000    -0.00163972120
   2    100.09932146000    -0.01203479760
   3     44.01213936300    -0.03489148530
   4     10.85401073900     0.25212650560
   5      5.43519301820     0.57400781830
 P 1 
   1      2.70628055420     1.00000000000
 P 1 
   1      1.31956334080     1.00000000000
 P 1 
   1      0.58004455970     1.00000000000
 P 1 
   1      0.24329976260     1.00000000000
 P 1 
   1      0.09682372510     1.00000000000
 D 7 
   1    665.35057386000     0.00059588700
   2    200.17995366000     0.00545942600
   3     77.54508557000     0.02798099250
   4     33.67785434500     0.09411916590
   5     15.62492833400     0.21825215620
   6      7.44278674230     0.33739971240
   7      3.53360735350     0.35141418850
 D 1 
   1      1.63637251420     0.20756718930
 D 1 
   1      0.67845684730     1.00000000000
 D 1 
   1      0.27000000000     1.00000000000
 F 1 
   1     14.18011699200     1.00000000000
 F 1 
   1      4.53931836800     1.00000000000
 F 1 
   1      0.41300000000     1.00000000000
 F 1 
   1      0.95570000000     1.00000000000
 G 1 
   1      0.73950000000     1.00000000000

RUBIDIUM
 S 2 
   1      7.47446180400     0.26999390990
   2      6.72961805940    -0.42624989530
 S 1 
   1      2.78228834450     1.00000000000
 S 1 
   1      0.53494544650     1.00000000000
 S 1 
   1      0.22522959350     1.00000000000
 S 1 
   1      0.05076558040     1.00000000000
 S 1 
   1      0.02694028180     1.00000000000
 S 1 
   1      0.01305139550     1.00000000000
 P 4 
   1      5.99989607310     0.05456854970
   2      3.20407847120    -0.26447792500
   3      0.86991979950     0.50033505960
   4      0.44104169730     0.75243449330
 P 1 
   1      0.22139898230     1.00000000000
 P 1 
   1      0.10679039700     1.00000000000
 P 1 
   1      0.03329265880     1.00000000000
 P 1 
   1      0.01284700380     1.00000000000
 D 2 
   1      4.65306552400    -0.00116533890
   2      0.44914033650     0.15584297070
 D 1 
   1      0.10089577190     0.48262396030
 D 1 
   1      0.02743228070     1.00000000000
 D 1 
   1      0.00953536260     1.00000000000
 F 1 
   1      0.07658000000     1.00000000000
 F 1 
   1      0.48744000000     1.00000000000
 F 1 
   1      1.18448000000     1.00000000000

STRONTIUM
 S 2 
   1     11.00000000000    -0.26157031020
   2      9.90000000000     0.36446668390
 S 1 
   1      2.87711782060     1.00000000000
 S 1 
   1      0.63364987830     1.00000000000
 S 1 
   1      0.28588739730     1.00000000000
 S 1 
   1      0.06193854080     1.00000000000
 S 1 
   1      0.03123751890     1.00000000000
 S 1 
   1      0.01626613910     1.00000000000
 P 4 
   1      7.62334997930     0.07154840900
   2      3.66430754420    -0.44232262170
   3      0.97809648230     0.55690782710
   4      0.77815253360     0.63437348920
 P 1 
   1      0.40666316830     1.00000000000
 P 1 
   1      0.18725455930     1.00000000000
 P 1 
   1      0.05630459440     1.00000000000
 P 1 
   1      0.02182670170     1.00000000000
 D 2 
   1      4.30036481260    -0.00435677520
   2      0.84876551530     0.13176477950
 D 1 
   1      0.29200562250     0.27410245310
 D 1 
   1      0.09473399090     1.00000000000
 D 1 
   1      0.03047989430     1.00000000000
 F 1 
   1      0.10940000000     1.00000000000
 F 1 
   1      0.54080000000     1.00000000000
 F 1 
   1      1.34600000000     1.00000000000

YTTRIUM
 S 2 
   1     12.00000000000    -0.27445870020
   2     10.80000000000     0.37995468730
 S 1 
   1      3.10073721950     1.00000000000
 S 1 
   1      0.74155427570     1.00000000000
 S 1 
   1      0.34176775780     1.00000000000
 S 1 
   1      0.07942879700     1.00000000000
 S 1 
   1      0.04330833650     1.00000000000
 S 1 
   1      0.02159322490     1.00000000000
 P 4 
   1      8.03361351380     0.07304170020
   2      4.01817234770    -0.41610436190
   3      1.10521058900     0.55451897340
   4      0.83219316690     0.62307196070
 P 1 
   1      0.44762676670     1.00000000000
 P 1 
   1      0.20523347110     1.00000000000
 P 1 
   1      0.05504556180     1.00000000000
 P 1 
   1      0.02260302750     1.00000000000
 D 4 
   1     13.75510534700     0.00238305840
   2      3.96299085520    -0.02506802100
   3      1.34274497550     0.22348991870
   4      0.62579248110     0.55237929770
 D 1 
   1      0.27632363960     1.00000000000
 D 1 
   1      0.11706987750     1.00000000000
 D 1 
   1      0.04660150100     1.00000000000
 F 1 
   1      0.76291000000     1.00000000000
 F 1 
   1      0.26515000000     1.00000000000
 F 1 
   1      0.09215000000     1.00000000000
 G 1 
   1      0.30250000000     1.00000000000
 G 1 
   1      0.11474000000     1.00000000000

ZIRCONIUM
 S 2 
   1     13.00000000000     0.30219052020
   2     11.75000000000    -0.41145056910
 S 1 
   1      3.36790850350     1.00000000000
 S 1 
   1      0.83813257390     1.00000000000
 S 1 
   1      0.39094081800     1.00000000000
 S 1 
   1      0.12165103960     1.00000000000
 S 1 
   1      0.06899592400     1.00000000000
 S 1 
   1      0.02813194140     1.00000000000
 P 4 
   1      8.66399621040     0.07377398430
   2      4.41095661480    -0.40022747070
   3      1.23601338710     0.54947233630
   4      0.87445820590     0.61937721410
 P 1 
   1      0.47713887640     1.00000000000
 P 1 
   1      0.21764845260     1.00000000000
 P 1 
   1      0.05783716360     1.00000000000
 P 1 
   1      0.02024245660     1.00000000000
 D 4 
   1     14.10653571000     0.00292855470
   2      5.05974718100    -0.01968010010
   3      1.43404903140     0.24763912310
   4      0.65933129070     0.53572735030
 D 1 
   1      0.28894952350     1.00000000000
 D 1 
   1      0.12160731860     1.00000000000
 D 1 
   1      0.04847007840     1.00000000000
 F 1 
   1      1.14171000000     1.00000000000
 F 1 
   1      0.39261000000     1.00000000000
 F 1 
   1      0.13501000000     1.00000000000
 G 1 
   1      0.53073000000     1.00000000000
 G 1 
   1      0.18969000000     1.00000000000

NIOBIUM
 S 2 
   1     13.50000000000    -0.32410606900
   2     12.20000000000     0.44773333770
 S 1 
   1      3.71692740510     1.00000000000
 S 1 
   1      0.90652488060     1.00000000000
 S 1 
   1      0.41577606050     1.00000000000
 S 1 
   1      0.11042511300     1.00000000000
 S 1 
   1      0.06282182130     1.00000000000
 S 1 
   1      0.02801629000     1.00000000000
 P 4 
   1      9.30980917250     0.07370548360
   2      4.81786829750    -0.38234456660
   3      1.36328383800     0.54987821840
   4      0.90647526150     0.61931035810
 P 1 
   1      0.50089563070     1.00000000000
 P 1 
   1      0.22793279440     1.00000000000
 P 1 
   1      0.06000000000     1.00000000000
 P 1 
   1      0.02060000000     1.00000000000
 D 4 
   1     17.36440447400     0.00264135270
   2      5.36803858550    -0.02080636960
   3      1.65860890670     0.24555637050
   4      0.78121461400     0.53651499640
 D 1 
   1      0.34874234800     1.00000000000
 D 1 
   1      0.14844540530     1.00000000000
 D 1 
   1      0.05933491900     1.00000000000
 F 1 
   1      1.53605000000     1.00000000000
 F 1 
   1      0.52270000000     1.00000000000
 F 1 
   1      0.17787000000     1.00000000000
 G 1 
   1      0.78318000000     1.00000000000
 G 1 
   1      0.26464000000     1.00000000000

MOLYBDENUM
 S 3 
   1     15.00000000000     0.05708290310
   2     13.50000000000    -0.66824799320
   3     12.57176411100     0.75521146250
 S 1 
   1      4.13043423480     1.00000000000
 S 1 
   1      0.96478113330     1.00000000000
 S 1 
   1      0.43736648980     1.00000000000
 S 1 
   1      0.11318605510     1.00000000000
 S 1 
   1      0.05757942370     1.00000000000
 S 1 
   1      0.02701815150     1.00000000000
 P 4 
   1      9.10873434390     0.10192125260
   2      5.34954766260    -0.38460279530
   3      1.48701965990     0.53457134730
   4      0.90585473840     0.61724117140
 P 1 
   1      0.50141240210     1.00000000000
 P 1 
   1      0.23286318150     1.00000000000
 P 1 
   1      0.06200000000     1.00000000000
 P 1 
   1      0.02100000000     1.00000000000
 D 4 
   1     17.21537713700     0.00301474760
   2      5.84969168710    -0.02892383630
   3      1.82329672490     0.25398642020
   4      0.86970233110     0.52725603860
 D 1 
   1      0.39461697590     1.00000000000
 D 1 
   1      0.17084141240     1.00000000000
 D 1 
   1      0.06927281960     1.00000000000
 F 1 
   1      1.94625000000     1.00000000000
 F 1 
   1      0.65545000000     1.00000000000
 F 1 
   1      0.22074000000     1.00000000000
 G 1 
   1      1.05980000000     1.00000000000
 G 1 
   1      0.33958000000     1.00000000000

TECHNETIUM
 S 3 
   1     15.00000000000    -0.31349221640
   2     13.50000000000     0.44793618800
   3      7.10225251220     0.02005178680
 S 1 
   1      4.44159950380     1.00000000000
 S 1 
   1      1.06601278480     1.00000000000
 S 1 
   1      0.48568559670     1.00000000000
 S 1 
   1      0.12654965450     1.00000000000
 S 1 
   1      0.06699795440     1.00000000000
 S 1 
   1      0.02982210480     1.00000000000
 P 4 
   1     10.29802996800     0.08386717530
   2      5.72137927850    -0.36246957880
   3      1.62960639910     0.53649463820
   4      0.97528623230     0.61837212480
 P 1 
   1      0.53997625690     1.00000000000
 P 1 
   1      0.25172025380     1.00000000000
 P 1 
   1      0.06400000000     1.00000000000
 P 1 
   1      0.02150000000     1.00000000000
 D 4 
   1     18.61770838600     0.00270567840
   2      5.83698039720    -0.03596864580
   3      2.09219794380     0.21334851540
   4      1.01481172010     0.45713972000
 D 1 
   1      0.46154215500     1.00000000000
 D 1 
   1      0.19795071040     1.00000000000
 D 1 
   1      0.07861987230     1.00000000000
 F 1 
   1      2.37240000000     1.00000000000
 F 1 
   1      0.79080000000     1.00000000000
 F 1 
   1      0.26360000000     1.00000000000
 F 1 
   1      0.08787000000     1.00000000000
 G 1 
   1      1.36065000000     1.00000000000
 G 1 
   1      0.41453000000     1.00000000000

RUTHENIUM
 S 3 
   1     15.00000000000     0.40205707040
   2     13.50000000000    -0.59417167370
   3      7.21308685300     0.12541032850
 S 1 
   1      4.54059012250     1.00000000000
 S 1 
   1      1.19049737230     1.00000000000
 S 1 
   1      0.54307531590     1.00000000000
 S 1 
   1      0.13700563040     1.00000000000
 S 1 
   1      0.07339637500     1.00000000000
 S 1 
   1      0.03125071550     1.00000000000
 P 4 
   1     11.38810006100     0.05587146160
   2      6.15910056660    -0.25808446850
   3      1.73204310630     0.42924265340
   4      1.01948574020     0.43313353050
 P 1 
   1      0.58131419110     1.00000000000
 P 1 
   1      0.27290530270     1.00000000000
 P 1 
   1      0.06600000000     1.00000000000
 P 1 
   1      0.02200000000     1.00000000000
 D 4 
   1     18.59824777800     0.00315568600
   2      6.78837737520    -0.03455106030
   3      2.24707976670     0.21708566160
   4      1.08841954280     0.42834135310
 D 1 
   1      0.49787892890     1.00000000000
 D 1 
   1      0.21481968270     1.00000000000
 D 1 
   1      0.08566675120     1.00000000000
 F 1 
   1      2.82466000000     1.00000000000
 F 1 
   1      0.94314000000     1.00000000000
 F 1 
   1      0.31491000000     1.00000000000
 F 1 
   1      0.10515000000     1.00000000000
 G 1 
   1      1.70894000000     1.00000000000
 G 1 
   1      0.53873000000     1.00000000000

RHODIUM
 S 3 
   1     15.00000000000     0.50258059140
   2     13.50000000000    -0.76433277920
   3      7.40511161030     0.31145290670
 S 1 
   1      4.51316964310     1.00000000000
 S 1 
   1      1.32359774220     1.00000000000
 S 1 
   1      0.60954144540     1.00000000000
 S 1 
   1      0.18907192770     1.00000000000
 S 1 
   1      0.08908045080     1.00000000000
 S 1 
   1      0.03413156750     1.00000000000
 P 4 
   1     11.83942527800     0.05978741850
   2      6.69536526360    -0.24743454050
   3      1.83336162870     0.42987003230
   4      1.02679317700     0.42547313310
 P 1 
   1      0.58071767020     1.00000000000
 P 1 
   1      0.27907753270     1.00000000000
 P 1 
   1      0.06710895460     1.00000000000
 P 1 
   1      0.02210154220     1.00000000000
 D 4 
   1     26.34116717600     0.00206231600
   2      7.87094627050    -0.01723932910
   3      2.59899709390     0.17284839400
   4      1.26134357520     0.36282102280
 D 1 
   1      0.57578407980     1.00000000000
 D 1 
   1      0.24725174900     1.00000000000
 D 1 
   1      0.09753121030     1.00000000000
 F 1 
   1      3.27391000000     1.00000000000
 F 1 
   1      1.09499000000     1.00000000000
 F 1 
   1      0.36623000000     1.00000000000
 F 1 
   1      0.12249000000     1.00000000000
 G 1 
   1      2.02989000000     1.00000000000
 G 1 
   1      0.66294000000     1.00000000000

PALLADIUM
 S 3 
   1     15.26239933100     0.44145727450
   2     13.72198317600    -0.70293005980
   3      4.84482862680     0.36095390110
 S 1 
   1      8.73093265880     1.00000000000
 S 1 
   1      1.43575640940     1.00000000000
 S 1 
   1      0.66088433720     1.00000000000
 S 1 
   1      0.20897212790     1.00000000000
 S 1 
   1      0.09193673590     1.00000000000
 S 1 
   1      0.03473347970     1.00000000000
 P 4 
   1     12.58523700800     0.06000200370
   2      7.20581048390    -0.24022183120
   3      1.95587056400     0.43424940070
   4      1.05344186180     0.42084436090
 P 1 
   1      0.59809389550     1.00000000000
 P 1 
   1      0.30362411300     1.00000000000
 P 1 
   1      0.08800000000     1.00000000000
 P 1 
   1      0.03000000000     1.00000000000
 D 4 
   1     28.84098589200     0.00211314700
   2      8.45841634400    -0.01791319500
   3      2.86489417540     0.17165507660
   4      1.39664888470     0.36149251150
 D 1 
   1      0.63921677230     1.00000000000
 D 1 
   1      0.27502319840     1.00000000000
 D 1 
   1      0.10829940070     1.00000000000
 F 1 
   1      3.72000000000     1.00000000000
 F 1 
   1      1.24629000000     1.00000000000
 F 1 
   1      0.41754000000     1.00000000000
 F 1 
   1      0.13989000000     1.00000000000
 G 1 
   1      2.32345000000     1.00000000000
 G 1 
   1      0.78715000000     1.00000000000

SILVER
 S 4 
   1    256.50898381000     0.00073215130
   2     19.00000000000    -0.14706983770
   3     14.12974973700     0.47914881800
   4      9.48405997680    -0.26930801710
 S 1 
   1      5.58126828970     1.00000000000
 S 1 
   1      1.47637532990     1.00000000000
 S 1 
   1      0.66184584330     1.00000000000
 S 1 
   1      0.15382171740     1.00000000000
 S 1 
   1      0.07953424870     1.00000000000
 S 1 
   1      0.03240862450     1.00000000000
 P 4 
   1     13.35038953700     0.06247915170
   2      7.71633024670    -0.24398688170
   3      2.08645352190     0.45439758410
   4      1.05778057330     0.47607485340
 P 1 
   1      0.52564427660     1.00000000000
 P 1 
   1      0.23694908890     1.00000000000
 P 1 
   1      0.06645798030     1.00000000000
 P 1 
   1      0.02186483930     1.00000000000
 D 4 
   1     32.14796127400     0.00345646770
   2      9.03237253070    -0.02813529720
   3      3.16735408540     0.26999486030
   4      1.55193811350     0.57666767770
 D 1 
   1      0.71310284000     1.00000000000
 D 1 
   1      0.30749741550     1.00000000000
 D 1 
   1      0.12094304210     1.00000000000
 F 1 
   1      4.16311000000     1.00000000000
 F 1 
   1      1.39711000000     1.00000000000
 F 1 
   1      0.46886000000     1.00000000000
 F 1 
   1      0.15735000000     1.00000000000
 G 1 
   1      2.58960000000     1.00000000000
 G 1 
   1      0.91135000000     1.00000000000

CADMIUM
 S 4 
   1    269.30016289000     0.00062688950
   2     18.55426909300    -0.43456616070
   3     16.72994318300     0.66043072420
   4     11.76854664600    -0.11793513280
 S 1 
   1      6.18166044270     1.00000000000
 S 1 
   1      1.57757439890     1.00000000000
 S 1 
   1      0.71857981190     1.00000000000
 S 1 
   1      0.16433138410     1.00000000000
 S 1 
   1      0.07679415880     1.00000000000
 S 1 
   1      0.03437719980     1.00000000000
 P 4 
   1     14.10767818000     0.07030729140
   2      8.27500407140    -0.26474818030
   3      2.25073383230     0.47494851120
   4      1.19149702380     0.46327020830
 P 1 
   1      0.66041257700     1.00000000000
 P 1 
   1      0.33804403770     1.00000000000
 P 1 
   1      0.09600403790     1.00000000000
 P 1 
   1      0.03368103000     1.00000000000
 D 4 
   1     35.68919254800     0.00444559140
   2      9.34079716100    -0.03918535170
   3      3.59226591400     0.31235972100
   4      1.79806769760     0.71163739610
 D 1 
   1      0.84830057790     1.00000000000
 D 1 
   1      0.37846492750     1.00000000000
 D 1 
   1      0.15420101630     1.00000000000
 F 1 
   1      4.76899000000     1.00000000000
 F 1 
   1      1.59813000000     1.00000000000
 F 1 
   1      0.53555000000     1.00000000000
 F 1 
   1      0.17947000000     1.00000000000
 G 1 
   1      2.94142000000     1.00000000000
 G 1 
   1      1.03710000000     1.00000000000

INDIUM
 S 9 
   1   8931.84000000000     0.00001900000
   2   1352.22000000000     0.00013100000
   3    303.39300000000     0.00047800000
   4     45.12290000000     0.01170800000
   5     28.18220000000    -0.08733000000
   6     17.60480000000     0.25957700000
   7      6.94058000000    -0.62847100000
   8      4.33377000000    -0.15871800000
   9      1.98684000000     0.67440400000
 S 1 
   1      1.04386724130     1.00000000000
 S 3 
   1     20.24554420800     0.02965029620
   2     11.07229841600    -0.14745372690
   3      2.49292389160     0.53232061960
 S 1 
   1      0.53244484160     1.00000000000
 S 1 
   1      0.21211307410     1.00000000000
 S 1 
   1      0.09547519650     1.00000000000
 S 1 
   1      0.04235764490     1.00000000000
 P 7 
   1    129.23300000000     0.00027900000
   2     29.62840000000    -0.00617100000
   3     18.52110000000     0.04691200000
   4      8.28536000000    -0.23990400000
   5      2.49939000000     0.42981100000
   6      1.32216000000     0.48610100000
   7      0.68870700000     0.22203700000
 P 3 
   1     13.24863303400    -0.01820300460
   2      3.02401612590     0.31476939450
   3      1.08054483790     0.71919648140
 P 1 
   1      0.33353581510     1.00000000000
 P 1 
   1      0.15403760450     1.00000000000
 P 1 
   1      0.06577042460     1.00000000000
 P 1 
   1      0.02764218030     1.00000000000
 D 8 
   1    131.81131820000     0.00022281460
   2     37.03087581600     0.00193313070
   3     11.37866521800    -0.01787030410
   4      6.44882120860     0.02295342430
   5      3.48787522160     0.17536747820
   6      1.99123375720     0.29288830620
   7      1.13066102120     0.31018960850
   8      0.63074842910     0.24247651570
 D 1 
   1      0.33856463910     1.00000000000
 D 1 
   1      0.17026198810     1.00000000000
 D 1 
   1      0.06920000000     1.00000000000
 F 1 
   1      0.39210000000     1.00000000000
 F 1 
   1      0.15600000000     1.00000000000
 G 1 
   1      0.34190000000     1.00000000000
 F 1 
   1      1.39832000000     1.00000000000
 F 1 
   1      4.19496000000     1.00000000000

TIN
 S 9 
   1  11606.90000000000     0.00002900000
   2   1754.80000000000     0.00020600000
   3    397.17800000000     0.00080700000
   4     90.29900000000     0.00247100000
   5     31.48900000000    -0.04002500000
   6     19.66850000000     0.16315200000
   7      7.06759000000    -0.55698300000
   8      4.41490000000    -0.16993200000
   9      2.16356000000     0.65102800000
 S 1 
   1      1.14409777360     1.00000000000
 S 3 
   1     20.19796127400     0.02239393730
   2     10.88010842600    -0.14330764810
   3      2.77453870280     0.53278527070
 S 1 
   1      0.58550056280     1.00000000000
 S 1 
   1      0.25317089840     1.00000000000
 S 1 
   1      0.11599461630     1.00000000000
 S 1 
   1      0.05223358410     1.00000000000
 P 7 
   1    195.49500000000     0.00025800000
   2     18.25630000000     0.04434100000
   3     11.40940000000    -0.10914200000
   4      6.90567000000    -0.13860600000
   5      2.98206000000     0.34374300000
   6      1.60843000000     0.51827100000
   7      0.83176700000     0.27870600000
 P 3 
   1     13.30406574500    -0.02069477540
   2      3.41935036210     0.33654593030
   3      1.23828995730     0.71397757130
 P 1 
   1      0.39265300320     1.00000000000
 P 1 
   1      0.19313059750     1.00000000000
 P 1 
   1      0.08644351870     1.00000000000
 P 1 
   1      0.03735068470     1.00000000000
 D 8 
   1    143.82134199000     0.00026165600
   2     41.03994076400     0.00215621170
   3     11.50899920700    -0.02477128660
   4      8.43126128200     0.02902216340
   5      4.01800013460     0.16171344600
   6      2.31220218360     0.29213521580
   7      1.31685625110     0.32241037250
   8      0.73729126650     0.24629433030
 D 1 
   1      0.40109472810     1.00000000000
 D 1 
   1      0.20593354530     1.00000000000
 D 1 
   1      0.08660000000     1.00000000000
 F 1 
   1      0.43150000000     1.00000000000
 F 1 
   1      0.17720000000     1.00000000000
 G 1 
   1      0.37740000000     1.00000000000
 F 1 
   1      1.59154000000     1.00000000000
 F 1 
   1      4.79888939350     1.00000000000

ANTIMONY
 S 9 
   1  12339.31655500000     0.00003854520
   2   1854.70432710000     0.00027702170
   3    418.44441772000     0.00111619240
   4     96.96511110900     0.00288280550
   5     28.53796026700    -0.06055640500
   6     17.86290714400     0.27988835310
   7      8.45417548120    -0.54748479400
   8      5.28139813060    -0.30336289750
   9      2.31946186320     0.68093278700
 S 1 
   1      1.21675120760     1.00000000000
 S 3 
   1     25.33626660100     0.02241435510
   2     12.47704330900    -0.14737811820
   3      3.07231427410     0.53278468780
 S 1 
   1      0.60174774700     1.00000000000
 S 1 
   1      0.28323936350     1.00000000000
 S 1 
   1      0.13221765730     1.00000000000
 S 1 
   1      0.06098671900     1.00000000000
 P 7 
   1    162.89300000000     0.00037500000
   2     30.39960000000    -0.00479800000
   3     19.00040000000     0.05473100000
   4      9.32256000000    -0.25528400000
   5      3.01668000000     0.34537700000
   6      1.86219000000     0.40483300000
   7      1.10331000000     0.32592200000
 P 3 
   1     12.66532611300    -0.02069478860
   2      3.34734428790     0.26878411010
   3      1.17221589710     0.72590524000
 P 1 
   1      0.58886745480     1.00000000000
 P 1 
   1      0.25014249610     1.00000000000
 P 1 
   1      0.11120161090     1.00000000000
 P 1 
   1      0.04820668540     1.00000000000
 D 8 
   1    142.61790051000     0.00034691700
   2     40.92033429200     0.00274175830
   3     10.85452054500    -0.03384740410
   4      8.39264577190     0.04275398610
   5      4.18068780190     0.16545099360
   6      2.53464741240     0.26821979720
   7      1.51754555550     0.31482077290
   8      0.86799625990     0.25485913700
 D 1 
   1      0.47323070710     1.00000000000
 D 1 
   1      0.24111763230     1.00000000000
 D 1 
   1      0.10080000000     1.00000000000
 F 1 
   1      0.48490000000     1.00000000000
 F 1 
   1      0.20490000000     1.00000000000
 G 1 
   1      0.42340000000     1.00000000000
 F 1 
   1      1.78806000000     1.00000000000
 F 1 
   1      5.62655813630     1.00000000000

TELLURIUM
 S 9 
   1  15746.30000000000     0.00005400000
   2   2369.25000000000     0.00039800000
   3    535.86000000000     0.00166200000
   4    141.88500000000     0.00363600000
   5     27.81970000000    -0.05842700000
   6     17.38790000000     0.36652000000
   7     10.86560000000    -0.39758900000
   8      6.56885000000    -0.51917500000
   9      2.40139000000     0.68765200000
 S 1 
   1      1.28654415850     1.00000000000
 S 3 
   1     29.38325302300     0.03007977800
   2     15.94640800300    -0.13631630930
   3      3.66799026320     0.53467574030
 S 1 
   1      0.63533594690     1.00000000000
 S 1 
   1      0.29807786210     1.00000000000
 S 1 
   1      0.14061248690     1.00000000000
 S 1 
   1      0.06566065590     1.00000000000
 P 7 
   1    750.22200000000     0.00005200000
   2    163.96100000000     0.00041000000
   3     16.92270000000     0.08338700000
   4     10.57550000000    -0.26821200000
   5      5.70462000000    -0.02293200000
   6      2.98022000000     0.49554800000
   7      1.51970000000     0.51452200000
 P 3 
   1     13.92545725800    -0.02133684220
   2      4.23237666540     0.22433961550
   3      1.45476307270     0.73198528160
 P 1 
   1      0.75528783690     1.00000000000
 P 1 
   1      0.31829451170     1.00000000000
 P 1 
   1      0.13721830920     1.00000000000
 P 1 
   1      0.05709917150     1.00000000000
 D 8 
   1    146.30727119000     0.00043816020
   2     42.24385935400     0.00335593060
   3      9.91553777450    -0.11157186770
   4      8.99496436070     0.13269569630
   5      4.13766284300     0.21574044750
   6      2.36593394310     0.32583679540
   7      1.37361418570     0.30685918050
   8      0.79846379230     0.19445241190
 D 1 
   1      0.45685175390     1.00000000000
 D 1 
   1      0.25022747960     1.00000000000
 D 1 
   1      0.11560000000     1.00000000000
 F 1 
   1      0.51840000000     1.00000000000
 F 1 
   1      0.21350000000     1.00000000000
 G 1 
   1      0.42940000000     1.00000000000
 F 1 
   1      1.93478000000     1.00000000000
 F 1 
   1      5.80434000000     1.00000000000

IODINE
 S 9 
   1  16788.40000000000     0.00004100000
   2   2526.64000000000     0.00030300000
   3    571.98400000000     0.00124700000
   4    150.43400000000     0.00265900000
   5     29.54050000000    -0.05319000000
   6     18.45710000000     0.34009600000
   7     11.52860000000    -0.35235500000
   8      7.08289000000    -0.54138500000
   9      2.50405000000     0.71574900000
 S 1 
   1      1.35401447810     1.00000000000
 S 3 
   1     25.05861793300     0.04089775440
   2     15.62197937200    -0.14269668190
   3      3.35363251620     0.52916319280
 S 1 
   1      0.67430472700     1.00000000000
 S 1 
   1      0.32727136950     1.00000000000
 S 1 
   1      0.15749364120     1.00000000000
 S 1 
   1      0.07437772780     1.00000000000
 P 7 
   1    656.27400000000     0.00009100000
   2    149.23200000000     0.00061300000
   3     19.01530000000     0.05992300000
   4     10.73780000000    -0.24925800000
   5      6.44208000000    -0.00437500000
   6      3.09203000000     0.51399900000
   7      1.57874000000     0.50721300000
 P 3 
   1     15.66051189300    -0.02214380360
   2      4.92506698120     0.23518064360
   3      1.66923199820     0.73153925550
 P 1 
   1      0.77817898180     1.00000000000
 P 1 
   1      0.35608843720     1.00000000000
 P 1 
   1      0.15493242650     1.00000000000
 P 1 
   1      0.06466621250     1.00000000000
 D 8 
   1    318.22407776000     0.00010951690
   2     95.81022735200     0.00091919140
   3     35.32229525900     0.00479169350
   4     13.10744781900    -0.01628046000
   5      6.29491529880     0.09088960910
   6      3.68261012010     0.27483543780
   7      2.08589506470     0.36067901630
   8      1.16443423440     0.28384002220
 D 1 
   1      0.63180613130     1.00000000000
 D 1 
   1      0.32215084700     1.00000000000
 D 1 
   1      0.13490000000     1.00000000000
 F 1 
   1      0.58780000000     1.00000000000
 F 1 
   1      0.25000000000     1.00000000000
 G 1 
   1      0.47390000000     1.00000000000
 F 1 
   1      2.17800000000     1.00000000000
 F 1 
   1      6.42536136000     1.00000000000

XENON
 S 9 
   1  18774.30000000000     0.00006800000
   2   2824.81000000000     0.00050100000
   3    640.08800000000     0.00209700000
   4    172.61600000000     0.00449300000
   5     29.51690000000    -0.04715100000
   6     18.44480000000     0.37403300000
   7     11.52380000000    -0.51282600000
   8      6.61890000000    -0.47862400000
   9      2.99552000000     0.59647100000
 S 1 
   1      1.65325865360     1.00000000000
 S 3 
   1     27.05217183500     0.11189611950
   2     20.94062241500    -0.24055422720
   3      6.00245910710     0.51452076190
 S 1 
   1      0.87553889270     1.00000000000
 S 1 
   1      0.41033616650     1.00000000000
 S 1 
   1      0.19493585780     1.00000000000
 S 1 
   1      0.09017109300     1.00000000000
 P 7 
   1    613.33100000000     0.00013800000
   2    141.71000000000     0.00085300000
   3     20.31060000000     0.05502400000
   4     11.03310000000    -0.25298800000
   5      6.89513000000     0.00974600000
   6      3.24166000000     0.52679700000
   7      1.66535000000     0.50183200000
 P 3 
   1     18.38890841300    -0.02451444620
   2      6.11390454310     0.25265669670
   3      1.87298156910     0.72938328970
 P 1 
   1      0.82004665990     1.00000000000
 P 1 
   1      0.39552648250     1.00000000000
 P 1 
   1      0.17445509810     1.00000000000
 P 1 
   1      0.07338999270     1.00000000000
 D 8 
   1    315.66106865000     0.00014235590
   2     95.55387365100     0.00117078760
   3     35.45123630100     0.00587831600
   4     13.15321128300    -0.01676422630
   5      6.38473295640     0.11558421620
   6      3.69681664100     0.30375919650
   7      2.09760703640     0.36037726830
   8      1.19512466160     0.24813434400
 D 1 
   1      0.68431725340     1.00000000000
 D 1 
   1      0.37710480200     1.00000000000
 D 1 
   1      0.16760000000     1.00000000000
 F 1 
   1      0.66190000000     1.00000000000
 F 1 
   1      0.29790000000     1.00000000000
 G 1 
   1      0.52780000000     1.00000000000
 F 1 
   1      2.43230000000     1.00000000000
 F 1 
   1      7.20773917890     1.00000000000

CESIUM
 S 3 
   1      5.86848295200     0.12906631820
   2      4.37410388600    -0.34380446160
   3      1.79512014730     0.69937346610
 S 1 
   1      0.37816941120     1.00000000000
 S 1 
   1      0.16624693130     1.00000000000
 S 1 
   1      0.02776317610     1.00000000000
 S 1 
   1      0.01611300580     1.00000000000
 S 1 
   1      0.01099610870     1.00000000000
 P 3 
   1      4.27497757180     0.04559531670
   2      1.96393162400    -0.25031125650
   3      0.47666322380     0.55660114380
 P 1 
   1      0.21736718770     1.00000000000
 P 1 
   1      0.09727629380     1.00000000000
 P 1 
   1      0.02677051800     1.00000000000
 P 1 
   1      0.01084541220     1.00000000000
 D 2 
   1      2.00910443350    -0.00344531820
   2      0.35778351450     0.22686596020
 D 1 
   1      0.11070568250     0.47180885980
 D 1 
   1      0.03321621480     1.00000000000
 D 1 
   1      0.01140938070     1.00000000000
 F 1 
   1      0.07000000000     1.00000000000
 F 1 
   1      0.34933000000     1.00000000000
 F 1 
   1      0.84693000000     1.00000000000

BARIUM
 S 2 
   1      5.70000000000     1.32929820020
   2      5.20436124690    -1.73674971340
 S 1 
   1      2.14754372820     1.00000000000
 S 1 
   1      0.41033660540     1.00000000000
 S 1 
   1      0.18393532770     1.00000000000
 S 1 
   1      0.07252121650     1.00000000000
 S 1 
   1      0.03452633490     1.00000000000
 S 1 
   1      0.01615789190     1.00000000000
 P 4 
   1      5.60000000000     0.51385026010
   2      5.11048792740    -0.70529238860
   3      2.50065448030     0.42822329830
   4      0.51947995340    -0.57125984470
 P 1 
   1      0.24536994840     1.00000000000
 P 1 
   1      0.11256056700     1.00000000000
 P 1 
   1      0.03491762200     1.00000000000
 P 1 
   1      0.01632006570     1.00000000000
 D 3 
   1      2.70000000000     0.14372069820
   2      2.34607408810    -0.19565347310
   3      0.39553542610     0.29963058550
 D 1 
   1      0.12967935860     1.00000000000
 D 1 
   1      0.04046306650     1.00000000000
 F 4 
   1     10.00000000000     0.07300000000
   2      3.20000000000     0.21000000000
   3      1.00000000000     0.35000000000
   4      0.32000000000     0.36000000000
 F 1 
   1      0.08788000000     1.00000000000
 G 1 
   1      0.50000000000     1.00000000000

LANTHANUM
 S 3 
   1     26.07727200000     0.00231986850
   2      5.71278380000    -0.29787719610
   3      4.40578480000     0.70022722520
 S 1 
   1      2.13153258290     1.00000000000
 S 1 
   1      0.49385808960     1.00000000000
 S 1 
   1      0.23595687890     1.00000000000
 S 1 
   1      0.06359348970     1.00000000000
 S 1 
   1      0.03154539480     1.00000000000
 S 1 
   1      0.01577765530     1.00000000000
 P 4 
   1      6.00000000000    -0.01139796090
   2      3.68081916150     0.14675038550
   3      2.32654620810    -0.35581819170
   4      0.64342629630     0.45834955230
 P 1 
   1      0.33584281960     1.00000000000
 P 1 
   1      0.16519051920     1.00000000000
 P 1 
   1      0.05671597180     1.00000000000
 P 1 
   1      0.02210082480     1.00000000000
 D 3 
   1      1.20000000000    -0.35803482410
   2      1.02395244010     0.40483734120
   3      0.37508490280     0.37649639850
 D 1 
   1      0.17161940250     1.00000000000
 D 1 
   1      0.07878042340     1.00000000000
 D 1 
   1      0.03500004780     1.00000000000
 F 1 
   1      0.65580000000     1.00000000000
 F 1 
   1      0.25683000000     1.00000000000
 F 1 
   1      0.10058000000     1.00000000000
 G 1 
   1      0.33218000000     1.00000000000
 G 1 
   1      0.13538000000     1.00000000000

CERIUM
 S 6 
   1  171849.79026000001     0.00000139080
   2  25914.63317700000     0.00001250260
   3   6052.28890200000     0.00004694580
   4   1677.92959370000     0.00026810810
   5    558.23807060000     0.00034547670
   6    164.61472751000     0.00234380090
 S 1 
   1     35.76672537500     1.00000000000
 S 1 
   1     24.71852622000     1.00000000000
 S 1 
   1     12.17833648700     1.00000000000
 S 1 
   1      2.97244447560     1.00000000000
 S 1 
   1      1.53729708820     1.00000000000
 S 1 
   1      0.66596906680     1.00000000000
 S 1 
   1      0.30207586300     1.00000000000
 S 1 
   1      0.07550980700     1.00000000000
 S 1 
   1      0.03929330230     1.00000000000
 S 1 
   1      0.01647659270     1.00000000000
 P 9 
   1   3785.96000000000     0.00000539860
   2   1037.03120000000     0.00006607910
   3    362.05106000000     0.00016996400
   4    126.43025000000     0.00118415840
   5     31.94533700000    -0.07208513900
   6     27.73199500000     0.14554176000
   7     12.86841600000    -0.34393665000
   8      7.44246440000     0.84432830000
   9      3.77581490000     0.60485447000
 P 2 
   1     20.11763950400     0.08725294930
   2     11.74676056500    -0.27540180830
 P 1 
   1      7.44145193440     1.00000000000
 P 1 
   1      1.94665604530     1.00000000000
 P 1 
   1      0.89760942330     1.00000000000
 P 1 
   1      0.43115879510     1.00000000000
 P 1 
   1      0.19644892540     1.00000000000
 P 1 
   1      0.06700000000     1.00000000000
 P 1 
   1      0.03000000000     1.00000000000
 D 6 
   1    583.49489981000     0.00005139890
   2    172.65273219000     0.00034143820
   3     81.03465161700     0.00128738490
   4     25.79401690300     0.03270321310
   5     19.28241397500    -0.06725842120
   6      5.86825332860     0.31817602970
 D 1 
   1      2.95531226760     1.00000000000
 D 1 
   1      1.42187772760     1.00000000000
 D 1 
   1      0.59870681950     1.00000000000
 D 1 
   1      0.22659352480     1.00000000000
 D 1 
   1      0.07706718130     1.00000000000
 F 6 
   1    147.70955820000     0.00221090430
   2     51.34139985900     0.02973495930
   3     22.77814920300     0.13384760650
   4     11.01785144100     0.29844310380
   5      5.63723379280     0.49848184500
   6      2.96198913310     0.62504401940
 F 1 
   1      1.50599590810     1.00000000000
 F 1 
   1      0.71613746000     1.00000000000
 F 1 
   1      0.32658876950     1.00000000000
 F 1 
   1      0.13555738920     1.00000000000
 G 4 
   1     19.45180000000     0.00219900000
   2      8.60130000000     0.03742800000
   3      3.80490000000     0.03037800000
   4      1.61760000000     0.35566400000
 G 1 
   1      0.63640000000     1.00000000000
 G 1 
   1      0.21640000000     1.00000000000
 H 1 
   1      1.20000000000     1.00000000000

PRASEODYMIUM
 S 6 
   1  171878.36004999999     0.00000240680
   2  25919.31304700000     0.00002101810
   3   6043.04639530000     0.00008200560
   4   1686.37715650000     0.00043358160
   5    557.08178761000     0.00068755170
   6    173.26961766000     0.00281931690
 S 1 
   1     37.50868431800     1.00000000000
 S 1 
   1     25.60833377900     1.00000000000
 S 1 
   1     12.76154240100     1.00000000000
 S 1 
   1      3.15137111540     1.00000000000
 S 1 
   1      1.63806887750     1.00000000000
 S 1 
   1      0.69424991210     1.00000000000
 S 1 
   1      0.31393018840     1.00000000000
 S 1 
   1      0.07515884270     1.00000000000
 S 1 
   1      0.03909715000     1.00000000000
 S 1 
   1      0.01598638360     1.00000000000
 P 9 
   1   3786.24490190000     0.00000989540
   2   1037.62599610000     0.00009207000
   3    361.55334012000     0.00029676770
   4    127.20648118000     0.00165970750
   5     32.71509208100    -0.05027256200
   6     28.05431065600     0.11791349080
   7     13.07042412000    -0.34011964850
   8      7.44312548020     0.12094901870
   9      3.78494231050     0.62452936810
 P 3 
   1     24.16134828500     0.06460347100
   2     11.60793922600    -0.25919264670
   3      7.62650057570    -0.08169561630
 P 1 
   1      1.94494605960     1.00000000000
 P 1 
   1      0.89713301190     1.00000000000
 P 1 
   1      0.42876709800     1.00000000000
 P 1 
   1      0.19620465970     1.00000000000
 P 1 
   1      0.06700000000     1.00000000000
 P 1 
   1      0.03000000000     1.00000000000
 D 6 
   1    604.97645837000     0.00005761620
   2    176.12718698000     0.00066359900
   3     78.53382826500     0.00096953290
   4     41.78387257700     0.00719056940
   5     14.52939870600    -0.04354782180
   6      6.78877484790     0.27264144040
 D 1 
   1      3.36741225430     1.00000000000
 D 1 
   1      1.59546211970     1.00000000000
 D 1 
   1      0.67274522720     1.00000000000
 D 1 
   1      0.24808232300     1.00000000000
 D 1 
   1      0.08227953660     1.00000000000
 F 6 
   1    157.60713252000     0.00215970800
   2     58.75484063400     0.02338952800
   3     27.22051845100     0.11312256800
   4     13.33640957500     0.27807091310
   5      6.68912485350     0.50839726330
   6      3.36987693140     0.67551067000
 F 1 
   1      1.69452698050     1.00000000000
 F 1 
   1      0.83728686690     1.00000000000
 F 1 
   1      0.39821524010     1.00000000000
 F 1 
   1      0.17174853860     1.00000000000
 G 4 
   1     19.87310000000     0.00583800000
   2      8.91020000000     0.04324800000
   3      3.99770000000     0.07226900000
   4      1.72850000000     0.34783400000
 G 1 
   1      0.69360000000     1.00000000000
 G 1 
   1      0.24180000000     1.00000000000
 H 1 
   1      1.40000000000     1.00000000000

NEODYMIUM
 S 6 
   1  171860.72214000000     0.00000462030
   2  25925.91801000000     0.00003835560
   3   6016.09856540000     0.00016358040
   4   1702.87848610000     0.00075586260
   5    555.81991496000     0.00144051100
   6    185.45671242000     0.00387489660
 S 1 
   1     40.38776487500     1.00000000000
 S 1 
   1     26.41947548800     1.00000000000
 S 1 
   1     13.16609915500     1.00000000000
 S 1 
   1      3.44427169800     1.00000000000
 S 1 
   1      1.85931135830     1.00000000000
 S 1 
   1      0.73734049290     1.00000000000
 S 1 
   1      0.33516602830     1.00000000000
 S 1 
   1      0.07610207370     1.00000000000
 S 1 
   1      0.03766545290     1.00000000000
 S 1 
   1      0.01540309480     1.00000000000
 P 9 
   1   3786.14870240000     0.00001626420
   2   1039.43223490000     0.00013334550
   3    360.78475454000     0.00049194230
   4    128.05333199000     0.00236623970
   5     33.61355200700    -0.02858615020
   6     28.43020398100     0.08875788340
   7     13.20745253000    -0.33164086280
   8      7.44944134050     0.16256421760
   9      3.79651936620     0.63055422450
 P 3 
   1     27.20521166300     0.05161593310
   2     11.98954285200    -0.23255451300
   3      7.45801757650    -0.10147180660
 P 1 
   1      1.94526892950     1.00000000000
 P 1 
   1      0.89684658710     1.00000000000
 P 1 
   1      0.42075594710     1.00000000000
 P 1 
   1      0.18940145030     1.00000000000
 P 1 
   1      0.06700000000     1.00000000000
 P 1 
   1      0.03000000000     1.00000000000
 D 6 
   1    599.71962459000     0.00008728940
   2    186.49201047000     0.00081618560
   3     78.45924339600     0.00160799350
   4     45.07940888200     0.00812948100
   5     12.09612742500    -0.05150533870
   6      7.26148764870     0.30133937800
 D 1 
   1      3.50302499050     1.00000000000
 D 1 
   1      1.67744137790     1.00000000000
 D 1 
   1      0.74667540860     1.00000000000
 D 1 
   1      0.23403896460     1.00000000000
 D 1 
   1      0.07775568760     1.00000000000
 F 6 
   1    157.12918124000     0.00263753530
   2     58.66387598600     0.02694812820
   3     27.23421852200     0.12948628870
   4     13.30586246400     0.30700740950
   5      6.72687995860     0.53060205580
   6      3.37979276350     0.69977931720
 F 1 
   1      1.67700568170     1.00000000000
 F 1 
   1      0.83613710260     1.00000000000
 F 1 
   1      0.40537423730     1.00000000000
 F 1 
   1      0.17130585930     1.00000000000
 G 4 
   1     20.17000000000     0.01035800000
   2      9.09990000000     0.05861900000
   3      4.10850000000     0.11443500000
   4      1.79140000000     0.41148900000
 G 1 
   1      0.72580000000     1.00000000000
 G 1 
   1      0.25620000000     1.00000000000
 H 1 
   1      1.60000000000     1.00000000000

PROMETHIUM
 S 6 
   1  171857.15103000001     0.00000930310
   2  25926.77382500000     0.00007249280
   3   6014.55026370000     0.00034079540
   4   1704.29771690000     0.00139386600
   5    553.62269575000     0.00314321000
   6    186.36065441000     0.00595387380
 S 1 
   1     40.97932674300     1.00000000000
 S 1 
   1     26.94362015100     1.00000000000
 S 1 
   1     13.92065703300     1.00000000000
 S 1 
   1      3.51250580870     1.00000000000
 S 1 
   1      1.85778155580     1.00000000000
 S 1 
   1      0.73977800650     1.00000000000
 S 1 
   1      0.33486572190     1.00000000000
 S 1 
   1      0.07627873920     1.00000000000
 S 1 
   1      0.03761260170     1.00000000000
 S 1 
   1      0.01538415650     1.00000000000
 P 9 
   1   3785.83659860000     0.00001881780
   2   1040.62299930000     0.00005834890
   3    359.72533334000     0.00053197950
   4    129.49742994000     0.00106827690
   5     33.99882837700     0.00553000510
   6     28.65286297900     0.01512086410
   7     13.63247896300    -0.14581451890
   8      7.47153758800     0.11748777180
   9      3.81170156400     0.36990682990
 P 3 
   1     27.45830939300     0.05329126580
   2     12.65691973800    -0.22832454020
   3      7.47706891010    -0.07140107190
 P 1 
   1      1.94008918180     1.00000000000
 P 1 
   1      0.89762577180     1.00000000000
 P 1 
   1      0.41905960070     1.00000000000
 P 1 
   1      0.18823218080     1.00000000000
 P 1 
   1      0.06700000000     1.00000000000
 P 1 
   1      0.03000000000     1.00000000000
 D 6 
   1    595.74008925000     0.00011195850
   2    193.09696465000     0.00109700440
   3     80.04689900000     0.00310796710
   4     41.80197007400     0.01190252700
   5      9.28412220350    -0.00004829450
   6      6.56187955140     0.35313022230
 D 1 
   1      3.17679521620     1.00000000000
 D 1 
   1      1.47876936470     1.00000000000
 D 1 
   1      0.59578036920     1.00000000000
 D 1 
   1      0.22208073410     1.00000000000
 D 1 
   1      0.07591500430     1.00000000000
 F 6 
   1    157.81345412000     0.00315572340
   2     58.27613100700     0.03324926730
   3     27.35550592700     0.14353076720
   4     13.39467021900     0.33631985270
   5      6.76827559760     0.55412455480
   6      3.36419917180     0.73492622440
 F 1 
   1      1.67807946070     1.00000000000
 F 1 
   1      0.83825578780     1.00000000000
 F 1 
   1      0.40765542020     1.00000000000
 F 1 
   1      0.17542717420     1.00000000000
 G 4 
   1     20.49490000000     0.01195100000
   2      9.31030000000     0.05617300000
   3      4.23510000000     0.11838000000
   4      1.86040000000     0.33906500000
 G 1 
   1      0.75850000000     1.00000000000
 G 1 
   1      0.26920000000     1.00000000000
 H 1 
   1      1.80000000000     1.00000000000

SAMARIUM
 S 6 
   1  171856.23394000001     0.00003166920
   2  25929.37507900000     0.00024468200
   3   6012.44481610000     0.00118393600
   4   1706.68143400000     0.00458098170
   5    551.87956235000     0.01137130690
   6    187.30528856000     0.01651394510
 S 1 
   1     41.32264339100     1.00000000000
 S 1 
   1     27.20316882700     1.00000000000
 S 1 
   1     14.47691476200     1.00000000000
 S 1 
   1      3.59841057430     1.00000000000
 S 1 
   1      1.85293812350     1.00000000000
 S 1 
   1      0.74432558330     1.00000000000
 S 1 
   1      0.33461766740     1.00000000000
 S 1 
   1      0.07630594360     1.00000000000
 S 1 
   1      0.03760057510     1.00000000000
 S 1 
   1      0.01538390260     1.00000000000
 P 9 
   1   3786.56098940000     0.00004013160
   2   1041.95533340000     0.00018255760
   3    359.24563856000     0.00121491210
   4    130.34274653000     0.00310886570
   5     34.57950965200     0.02313418080
   6     28.75837151300     0.02468557390
   7     13.75327055300    -0.30844336160
   8      7.48454020560     0.28359521870
   9      3.79455688560     0.64783934710
 P 2 
   1     29.12941152000     0.05331547300
   2     13.16910945600    -0.24366885080
 P 1 
   1      8.02565786130     1.00000000000
 P 1 
   1      1.91976483560     1.00000000000
 P 1 
   1      0.89358122460     1.00000000000
 P 1 
   1      0.41278929550     1.00000000000
 P 1 
   1      0.18302723110     1.00000000000
 P 1 
   1      0.06700000000     1.00000000000
 P 1 
   1      0.03000000000     1.00000000000
 D 6 
   1    595.90045713000     0.00016649000
   2    194.02046459000     0.00128012990
   3     82.12586794500     0.00512911610
   4     36.94143247100     0.01807691350
   5      9.35116414640     0.08058214640
   6      5.99147256740     0.34269788280
 D 1 
   1      3.08476462940     1.00000000000
 D 1 
   1      1.47575233900     1.00000000000
 D 1 
   1      0.61945197820     1.00000000000
 D 1 
   1      0.22050237830     1.00000000000
 D 1 
   1      0.07590317610     1.00000000000
 F 6 
   1    158.13348000000     0.00336250780
   2     58.14464900000     0.03433244100
   3     27.36307700000     0.14204382000
   4     13.55838300000     0.31806656000
   5      6.72145260000     0.53435726000
   6      3.34444300000     0.62550742000
 F 1 
   1      1.68355547760     1.00000000000
 F 1 
   1      0.83986806250     1.00000000000
 F 1 
   1      0.40452336900     1.00000000000
 F 1 
   1      0.17520269170     1.00000000000
 G 4 
   1     20.62340000000     0.01640500000
   2      9.38550000000     0.06755100000
   3      4.27900000000     0.14547200000
   4      1.88830000000     0.35322300000
 G 1 
   1      0.77480000000     1.00000000000
 G 1 
   1      0.27760000000     1.00000000000
 H 1 
   1      2.00000000000     1.00000000000

EUROPIUM
 S 6 
   1  171703.52697000001     0.00003184450
   2  25966.10555700000     0.00024566020
   3   5930.24976280000     0.00121460150
   4   1719.56885440000     0.00434007720
   5    565.00399130000     0.01096051760
   6    191.29177371000     0.01515181100
 S 1 
   1     43.50403570300     1.00000000000
 S 1 
   1     29.05754282100     1.00000000000
 S 1 
   1     15.07475906900     1.00000000000
 S 1 
   1      3.79029728390     1.00000000000
 S 1 
   1      1.95350998530     1.00000000000
 S 1 
   1      0.77115622520     1.00000000000
 S 1 
   1      0.34486410410     1.00000000000
 S 1 
   1      0.07732897990     1.00000000000
 S 1 
   1      0.03725549610     1.00000000000
 S 1 
   1      0.01501525770     1.00000000000
 P 9 
   1   3785.76220800000     0.00004771070
   2   1043.22388910000     0.00033313330
   3    359.66993932000     0.00143723530
   4    130.23690026000     0.00547681150
   5     34.66996605800     0.02315075450
   6     28.89069219700     0.02461551340
   7     13.79861453500    -0.30818762120
   8      7.54092362570     0.28688413700
   9      3.76880380690     0.64867752970
 P 3 
   1     28.23461760600     0.05176327690
   2     12.90797531800    -0.23599428640
   3      7.53286041850    -0.03023799720
 P 1 
   1      1.89725353390     1.00000000000
 P 1 
   1      0.88152066120     1.00000000000
 P 1 
   1      0.40987847410     1.00000000000
 P 1 
   1      0.18076993860     1.00000000000
 P 1 
   1      0.06700000000     1.00000000000
 P 1 
   1      0.03000000000     1.00000000000
 D 6 
   1    599.47432383000     0.00019421350
   2    202.26997354000     0.00146464780
   3     80.12628543400     0.00695803100
   4     35.42418723400     0.02136036330
   5      9.48530078200     0.11640100190
   6      5.91072033080     0.34000557550
 D 1 
   1      3.14999511190     1.00000000000
 D 1 
   1      1.52082823620     1.00000000000
 D 1 
   1      0.61240288010     1.00000000000
 D 1 
   1      0.22658169270     1.00000000000
 D 1 
   1      0.07623086580     1.00000000000
 F 6 
   1    158.74702499000     0.00380748200
   2     58.14575258200     0.03845652640
   3     27.24690781900     0.15617751250
   4     13.54156093300     0.33599480500
   5      6.71760776590     0.55405543080
   6      3.31939434280     0.62508021300
 F 1 
   1      1.67906470330     1.00000000000
 F 1 
   1      0.84528080940     1.00000000000
 F 1 
   1      0.40624151660     1.00000000000
 F 1 
   1      0.17675897470     1.00000000000
 G 4 
   1     20.73660000000     0.02651600000
   2      9.44790000000     0.09906600000
   3      4.31490000000     0.21337800000
   4      1.91210000000     0.45371300000
 G 1 
   1      0.78970000000     1.00000000000
 G 1 
   1      0.28590000000     1.00000000000
 H 1 
   1      2.20000000000     1.00000000000

GADOLINIUM
 S 6 
   1  171712.82509999999     0.00004481520
   2  25910.93288800000     0.00034220570
   3   5959.03328260000     0.00168850970
   4   1703.59809630000     0.00615850600
   5    561.54308535000     0.01448049450
   6    196.42317951000     0.01935087850
 S 1 
   1     44.75500138000     1.00000000000
 S 1 
   1     30.15299987500     1.00000000000
 S 1 
   1     16.00558288400     1.00000000000
 S 1 
   1      3.90241935570     1.00000000000
 S 1 
   1      1.96628011730     1.00000000000
 S 1 
   1      0.78491334040     1.00000000000
 S 1 
   1      0.35063177040     1.00000000000
 S 1 
   1      0.07753359840     1.00000000000
 S 1 
   1      0.03707076880     1.00000000000
 S 1 
   1      0.01497891180     1.00000000000
 P 9 
   1   3786.64665460000     0.00006915600
   2   1039.26582720000     0.00040960010
   3    367.63139125000     0.00197306990
   4    129.46600311000     0.00705259460
   5     35.57076700400     0.03406409840
   6     28.90060107700     0.00909163160
   7     13.80887845900    -0.29794806190
   8      7.56245725040     0.31755825760
   9      3.74948321940     0.65033584100
 P 3 
   1     27.78108900000     0.04660491300
   2     12.48530700000    -0.24773113000
   3      7.71728140000     0.00041042410
 P 1 
   1      1.85171153380     1.00000000000
 P 1 
   1      0.88099919510     1.00000000000
 P 1 
   1      0.40652674540     1.00000000000
 P 1 
   1      0.17650916380     1.00000000000
 P 1 
   1      0.06700000000     1.00000000000
 P 1 
   1      0.03000000000     1.00000000000
 D 6 
   1    628.77695271000     0.00024861320
   2    204.62686210000     0.00182773920
   3     83.31307818300     0.00866009390
   4     35.55543569800     0.02911119760
   5     12.00523737500     0.07914983520
   6      6.44462919070     0.37621536060
 D 1 
   1      3.26086622710     1.00000000000
 D 1 
   1      1.56602738650     1.00000000000
 D 1 
   1      0.64470122470     1.00000000000
 D 1 
   1      0.24004894900     1.00000000000
 D 1 
   1      0.08118008090     1.00000000000
 F 6 
   1    163.88244000000     0.00399436470
   2     59.71218300000     0.04070887200
   3     27.50819300000     0.17310255000
   4     13.13530600000     0.37911661000
   5      6.29316570000     0.59474703000
   6      2.92745750000     0.67509220000
 F 1 
   1      1.35001750000     1.00000000000
 F 1 
   1      1.06663310000     1.00000000000
 F 1 
   1      0.52205989000     1.00000000000
 F 1 
   1      0.20832599000     1.00000000000
 G 4 
   1     20.88820000000     0.02707300000
   2      9.52330000000     0.09417400000
   3      4.34760000000     0.20520100000
   4      1.92410000000     0.40397900000
 G 1 
   1      0.79260000000     1.00000000000
 G 1 
   1      0.28550000000     1.00000000000
 H 1 
   1      2.40000000000     1.00000000000

TERBIUM
 S 7 
   1  586481.52505000005     0.00001149850
   2  82154.79262100000     0.00009735320
   3  17791.43091400000     0.00053704270
   4   4870.58229030000     0.00221709300
   5   1546.69788330000     0.00722424870
   6    540.75587888000     0.01606830910
   7    194.64409658000     0.01953456370
 S 1 
   1     47.03454188400     1.00000000000
 S 1 
   1     29.92820442400     1.00000000000
 S 1 
   1     16.06489329600     1.00000000000
 S 1 
   1      3.98210739840     1.00000000000
 S 1 
   1      2.04357344020     1.00000000000
 S 1 
   1      0.76465122520     1.00000000000
 S 1 
   1      0.33943959200     1.00000000000
 S 1 
   1      0.07007667230     1.00000000000
 S 1 
   1      0.02788101740     1.00000000000
 S 1 
   1      0.01124863510     1.00000000000
 P 9 
   1   3994.02877540000     0.00008627460
   2    942.80307924000     0.00063491700
   3    299.98395569000     0.00350263500
   4    108.94101897000     0.00767905790
   5     35.98839526400     0.05064388890
   6     23.51728349000    -0.03836373620
   7     13.79655736600    -0.23820011120
   8      7.01194898700     0.38558467460
   9      3.78506373580     0.56106985990
 P 3 
   1     23.55024078500     0.04312394630
   2     14.22762875100    -0.13345542420
   3      6.84896287020    -0.01977597860
 P 1 
   1      1.98302505970     1.00000000000
 P 1 
   1      0.94093419400     1.00000000000
 P 1 
   1      0.44672879110     1.00000000000
 P 1 
   1      0.20396176210     1.00000000000
 P 1 
   1      0.06618940250     1.00000000000
 P 1 
   1      0.02989515950     1.00000000000
 D 6 
   1    638.25387381000     0.00030771680
   2    205.51231416000     0.00254470810
   3     78.75591798700     0.01307028190
   4     33.27024469800     0.04013964820
   5     12.41836183200     0.09888948830
   6      6.40128592780     0.38283353300
 D 1 
   1      3.23092783400     1.00000000000
 D 1 
   1      1.53945083450     1.00000000000
 D 1 
   1      0.61586444320     1.00000000000
 D 1 
   1      0.22355556970     1.00000000000
 D 1 
   1      0.07425069620     1.00000000000
 F 6 
   1    166.09707955000     0.00417728180
   2     59.99288565700     0.04164583810
   3     27.84344895600     0.17098203320
   4     13.05681454000     0.38552718230
   5      5.96541699290     0.59118592430
   6      2.72847273880     0.58139516030
 F 1 
   1      1.46855790190     1.00000000000
 F 1 
   1      1.22754720610     1.00000000000
 F 1 
   1      0.55826647470     1.00000000000
 F 1 
   1      0.22319457220     1.00000000000
 G 4 
   1     21.00210000000     0.03308200000
   2      9.57730000000     0.10747500000
   3      4.37160000000     0.23227800000
   4      1.93430000000     0.42389700000
 G 1 
   1      0.79600000000     1.00000000000
 G 1 
   1      0.28660000000     1.00000000000
 H 1 
   1      2.60000000000     1.00000000000

DYSPROSIUM
 S 7 
   1  564101.58987000003     0.00001280780
   2  81740.15987700000     0.00010247250
   3  17796.40880900000     0.00056480570
   4   4830.35129100000     0.00236853980
   5   1536.95801110000     0.00751460590
   6    546.60269916000     0.01569969940
   7    201.07061687000     0.01911150800
 S 1 
   1     48.58860325900     1.00000000000
 S 1 
   1     30.63769647100     1.00000000000
 S 1 
   1     17.52208199900     1.00000000000
 S 1 
   1      4.12207136150     1.00000000000
 S 1 
   1      2.07525326870     1.00000000000
 S 1 
   1      0.78789851930     1.00000000000
 S 1 
   1      0.34971258470     1.00000000000
 S 1 
   1      0.07060231910     1.00000000000
 S 1 
   1      0.02763867990     1.00000000000
 S 1 
   1      0.01124025040     1.00000000000
 P 9 
   1   3872.49317000000     0.00012310390
   2   1048.89742150000     0.00080040470
   3    355.56120353000     0.00377552040
   4    126.85587772000     0.01286781530
   5     35.09976929100     0.08042380590
   6     27.83052677600    -0.05153448550
   7     13.92852345400    -0.25192981550
   8      7.57537292630     0.38884532030
   9      3.77365768020     0.62559564610
 P 3 
   1     26.25548841000     0.02980014680
   2     13.18913274000    -0.14424391770
   3      7.60902296200    -0.01721108430
 P 1 
   1      1.84058980630     1.00000000000
 P 1 
   1      0.88022890770     1.00000000000
 P 1 
   1      0.40703735900     1.00000000000
 P 1 
   1      0.18070740690     1.00000000000
 P 1 
   1      0.06700000000     1.00000000000
 P 1 
   1      0.03000000000     1.00000000000
 D 6 
   1    631.21744644000     0.00040429430
   2    205.49028196000     0.00305259290
   3     81.28891643600     0.01521681830
   4     33.81432827100     0.04943230770
   5     12.58671810300     0.12335787490
   6      6.36875148940     0.40102477750
 D 1 
   1      3.24101238500     1.00000000000
 D 1 
   1      1.57341425980     1.00000000000
 D 1 
   1      0.64968400660     1.00000000000
 D 1 
   1      0.23409851790     1.00000000000
 D 1 
   1      0.07615138600     1.00000000000
 F 6 
   1    164.58776245000     0.00503672010
   2     59.97808490300     0.05074669760
   3     27.34153722200     0.20224696190
   4     12.98775848400     0.39975595680
   5      6.30110421320     0.56477558850
   6      2.99812834350     0.59999594150
 F 1 
   1      1.43069133500     1.00000000000
 F 1 
   1      1.07977981290     1.00000000000
 F 1 
   1      0.54949725770     1.00000000000
 F 1 
   1      0.20907130330     1.00000000000
 G 4 
   1     21.15860000000     0.04092000000
   2      9.63810000000     0.12549700000
   3      4.39530000000     0.26839700000
   4      1.94260000000     0.45159500000
 G 1 
   1      0.79800000000     1.00000000000
 G 1 
   1      0.28660000000     1.00000000000
 H 1 
   1      2.80000000000     1.00000000000

HOLMIUM
 S 6 
   1  104917.85877000001     0.00006204100
   2  17869.85920400000     0.00038651510
   3   4745.36986490000     0.00151718610
   4   1561.57854900000     0.00453207980
   5    568.17879915000     0.00943899130
   6    203.73408644000     0.01217745230
 S 1 
   1     52.25130099500     1.00000000000
 S 1 
   1     36.37243318000     1.00000000000
 S 1 
   1     17.85562163300     1.00000000000
 S 1 
   1      4.50356348080     1.00000000000
 S 1 
   1      2.27745131330     1.00000000000
 S 1 
   1      0.86774292420     1.00000000000
 S 1 
   1      0.38141284550     1.00000000000
 S 1 
   1      0.07380901820     1.00000000000
 S 1 
   1      0.03164916890     1.00000000000
 S 1 
   1      0.01122178990     1.00000000000
 P 9 
   1   4645.47800000000     0.00012832770
   2   1036.94790000000     0.00118461710
   3    321.70950000000     0.00575934030
   4    115.53504000000     0.01690484800
   5     33.35955900000     0.10591021000
   6     26.33847400000    -0.08716247900
   7     14.06648200000    -0.21400549000
   8      7.48283680000     0.39643295000
   9      3.81891530000     0.59730156000
 P 3 
   1     23.50255144400     0.05617819060
   2     13.50775689000    -0.22667301930
   3      7.58273182500    -0.00067928810
 P 1 
   1      1.90089479300     1.00000000000
 P 1 
   1      0.90696971290     1.00000000000
 P 1 
   1      0.42202893660     1.00000000000
 P 1 
   1      0.18617268220     1.00000000000
 P 1 
   1      0.06700000000     1.00000000000
 P 1 
   1      0.03000000000     1.00000000000
 D 6 
   1    657.25995267000     0.00047373040
   2    205.69757551000     0.00400401930
   3     79.18471179800     0.01998040680
   4     33.16567474200     0.06036242660
   5     13.13737594600     0.13376478720
   6      6.42587738030     0.40941185950
 D 1 
   1      3.19842002610     1.00000000000
 D 1 
   1      1.51375878290     1.00000000000
 D 1 
   1      0.60206866340     1.00000000000
 D 1 
   1      0.21786473620     1.00000000000
 D 1 
   1      0.07240255360     1.00000000000
 F 6 
   1    179.23347761000     0.00467587630
   2     64.49626313500     0.04748205640
   3     29.55971209100     0.19378243810
   4     14.17626365700     0.38435932020
   5      6.94322451200     0.54544663400
   6      3.36203462610     0.57211748520
 F 1 
   1      1.66795109630     1.00000000000
 F 1 
   1      0.93687206550     1.00000000000
 F 1 
   1      0.52374029160     1.00000000000
 F 1 
   1      0.22152242180     1.00000000000
 G 4 
   1     22.24710000000     0.04611400000
   2     10.13590000000     0.14079400000
   3      4.61860000000     0.30152100000
   4      2.03750000000     0.47987000000
 G 1 
   1      0.83430000000     1.00000000000
 G 1 
   1      0.29790000000     1.00000000000
 H 1 
   1      3.00000000000     1.00000000000

ERBIUM
 S 6 
   1  105311.47949000000     0.00005082090
   2  17892.16241200000     0.00032394520
   3   4746.13853730000     0.00122583940
   4   1560.11480580000     0.00380975840
   5    567.48519706000     0.00721260140
   6    204.66274076000     0.00991391790
 S 1 
   1     53.39800403000     1.00000000000
 S 1 
   1     37.83793480300     1.00000000000
 S 1 
   1     19.01609992300     1.00000000000
 S 1 
   1      4.60551263360     1.00000000000
 S 1 
   1      2.28213886090     1.00000000000
 S 1 
   1      0.88137281870     1.00000000000
 S 1 
   1      0.38360370000     1.00000000000
 S 1 
   1      0.07542124300     1.00000000000
 S 1 
   1      0.03168736060     1.00000000000
 S 1 
   1      0.01121485150     1.00000000000
 P 9 
   1   4216.19361000000     0.00016641100
   2   1013.42747570000     0.00136920460
   3    319.32804877000     0.00664673720
   4    115.27698809000     0.01860333390
   5     33.03651891100     0.12722442960
   6     25.66213145800    -0.13024841320
   7     14.27039914400    -0.17475678610
   8      7.39341955160     0.43205799860
   9      3.81003776200     0.57144914540
 P 3 
   1     23.30444684100     0.06104896120
   2     14.26783930500    -0.22411534760
   3      7.33821018160     0.00602008800
 P 1 
   1      1.91661390140     1.00000000000
 P 1 
   1      0.91782028410     1.00000000000
 P 1 
   1      0.43670592020     1.00000000000
 P 1 
   1      0.20103350400     1.00000000000
 P 1 
   1      0.06700000000     1.00000000000
 P 1 
   1      0.03000000000     1.00000000000
 D 6 
   1    673.76012211000     0.00062169810
   2    202.71785750000     0.00563470970
   3     77.60055830400     0.02731150280
   4     32.77792181200     0.07896385610
   5     13.70839513100     0.15205781650
   6      6.42399796780     0.41012175390
 D 1 
   1      3.14832186510     1.00000000000
 D 1 
   1      1.46581287990     1.00000000000
 D 1 
   1      0.57293726280     1.00000000000
 D 1 
   1      0.20506146180     1.00000000000
 D 1 
   1      0.06792121060     1.00000000000
 F 6 
   1    181.14969233000     0.00469621410
   2     65.85454594500     0.04589808090
   3     29.98806104300     0.19933131740
   4     14.48429790800     0.40999093770
   5      7.04915207510     0.56828517500
   6      3.45821031720     0.57487916490
 F 1 
   1      1.71091831610     1.00000000000
 F 1 
   1      0.91863194130     1.00000000000
 F 1 
   1      0.51356683420     1.00000000000
 F 1 
   1      0.22574602550     1.00000000000
 G 4 
   1     22.27540000000     0.05156400000
   2     10.21230000000     0.15094900000
   3      4.65890000000     0.31750400000
   4      2.05510000000     0.46684400000
 G 1 
   1      0.84060000000     1.00000000000
 G 1 
   1      0.29960000000     1.00000000000
 H 1 
   1      3.20000000000     1.00000000000

THULIUM
 S 6 
   1  113927.44000000000     0.00004234240
   2  18577.53700000000     0.00027771410
   3   4820.93640000000     0.00114566990
   4   1525.92320000000     0.00347216460
   5    573.20294000000     0.00591740130
   6    204.17710000000     0.00935945330
 S 1 
   1     53.87470955400     1.00000000000
 S 1 
   1     42.93436614500     1.00000000000
 S 1 
   1     19.23629511600     1.00000000000
 S 1 
   1      4.90958921680     1.00000000000
 S 1 
   1      2.48601463890     1.00000000000
 S 1 
   1      0.93420678600     1.00000000000
 S 1 
   1      0.40788002890     1.00000000000
 S 1 
   1      0.07669027070     1.00000000000
 S 1 
   1      0.03250109290     1.00000000000
 S 1 
   1      0.01121369110     1.00000000000
 P 9 
   1   4141.65430300000     0.00023374020
   2    978.09944514000     0.00194445940
   3    312.58279671000     0.00889879450
   4    114.40915375000     0.02426698190
   5     34.79403948000     0.11503064390
   6     26.07174220000    -0.10689537620
   7     14.41305519500    -0.16317489850
   8      7.46635145350     0.44055519580
   9      3.82675440840     0.56220808090
 P 3 
   1     21.36840980300     0.07014247090
   2     14.25247858800    -0.22686657890
   3      7.07845756270     0.03443558270
 P 1 
   1      1.94232299580     1.00000000000
 P 1 
   1      0.91131304840     1.00000000000
 P 1 
   1      0.44390320130     1.00000000000
 P 1 
   1      0.20815931030     1.00000000000
 P 1 
   1      0.06700000000     1.00000000000
 P 1 
   1      0.03000000000     1.00000000000
 D 6 
   1    650.59721259000     0.00077144770
   2    198.29220297000     0.00668863020
   3     76.80586686000     0.03104981830
   4     32.76031119300     0.08621517770
   5     13.76516249900     0.16427855150
   6      6.44426158750     0.41687883980
 D 1 
   1      3.13819990300     1.00000000000
 D 1 
   1      1.44803662780     1.00000000000
 D 1 
   1      0.55667726410     1.00000000000
 D 1 
   1      0.19497537090     1.00000000000
 D 1 
   1      0.06324875560     1.00000000000
 F 6 
   1    230.91395187000     0.00303208720
   2     83.94271713700     0.03179867520
   3     38.13883773300     0.15447357380
   4     19.13988497600     0.34673206950
   5      9.54691078270     0.54298068670
   6      4.68640523140     0.63011740000
 F 1 
   1      2.27243822960     1.00000000000
 F 1 
   1      1.05633412170     1.00000000000
 F 1 
   1      0.47103906550     1.00000000000
 F 1 
   1      0.20443307420     1.00000000000
 G 4 
   1     22.64690000000     0.05996500000
   2     10.34670000000     0.16824400000
   3      4.71360000000     0.34294700000
   4      2.07730000000     0.46899100000
 G 1 
   1      0.84900000000     1.00000000000
 G 1 
   1      0.30230000000     1.00000000000
 H 1 
   1      3.40000000000     1.00000000000

YTTERBIUM
 S 6 
   1  172414.35240999999     0.00002258830
   2  34210.52601200000     0.00011564230
   3   9110.78268720000     0.00054648960
   4   2455.82886560000     0.00247274650
   5    674.35141300000     0.00715121400
   6    151.33047113000     0.01713559370
 S 1 
   1     63.55464625600     1.00000000000
 S 1 
   1     45.19913540600     1.00000000000
 S 1 
   1     19.54686255900     1.00000000000
 S 1 
   1      5.12581821490     1.00000000000
 S 1 
   1      2.59930292980     1.00000000000
 S 1 
   1      0.96619695780     1.00000000000
 S 1 
   1      0.42215609430     1.00000000000
 S 1 
   1      0.08900099590     1.00000000000
 S 1 
   1      0.04855731260     1.00000000000
 S 1 
   1      0.02244338390     1.00000000000
 P 9 
   1   4713.18341720000     0.00022773140
   2   1092.08680110000     0.00191592190
   3    349.76620916000     0.00894300750
   4    129.02675510000     0.02483808350
   5     43.22098690200     0.06729009680
   6     27.83671870000    -0.02252256200
   7     15.18868477800    -0.21605223670
   8      8.55476643960     0.39237271550
   9      4.29779209540     0.59302032190
 P 1 
   1     29.96560755300     1.00000000000
 P 2 
   1     13.58886242000    -0.37679914040
   2      5.68141662270     0.12669128330
 P 1 
   1      2.12290668390     1.00000000000
 P 1 
   1      1.04290776570     1.00000000000
 P 1 
   1      0.50362846140     1.00000000000
 P 1 
   1      0.23364226040     1.00000000000
 P 1 
   1      0.06700000000     1.00000000000
 P 1 
   1      0.03000000000     1.00000000000
 D 6 
   1    683.45269203000     0.00088421780
   2    210.06618390000     0.00753329160
   3     82.67017906900     0.03428771320
   4     36.08900978500     0.09351149480
   5     16.17654663900     0.15983687090
   6      7.16710119290     0.37451370550
 D 1 
   1      3.49167645850     1.00000000000
 D 1 
   1      1.61842280520     1.00000000000
 D 1 
   1      0.62507534300     1.00000000000
 D 1 
   1      0.22008598210     1.00000000000
 D 1 
   1      0.07128617760     1.00000000000
 F 6 
   1    253.76567702000     0.00252358050
   2     88.43175674800     0.02843885580
   3     38.86580851600     0.15229391880
   4     18.95178913500     0.37023548860
   5      9.17599192670     0.56713024680
   6      4.38056241450     0.62499312660
 F 1 
   1      2.05640666600     1.00000000000
 F 1 
   1      0.94057279710     1.00000000000
 F 1 
   1      0.43056115880     1.00000000000
 F 1 
   1      0.19801224650     1.00000000000
 G 4 
   1     22.87410000000     0.06428300000
   2     10.50250000000     0.17400600000
   3      4.78720000000     0.34347800000
   4      2.10880000000     0.43080100000
 G 1 
   1      0.86090000000     1.00000000000
 G 1 
   1      0.30600000000     1.00000000000
 H 1 
   1      3.60000000000     1.00000000000

LUTETIUM
 S 6 
   1  160368.94052999999     0.00001049710
   2  34721.75303600000     0.00005212120
   3   8923.16920090000     0.00024913880
   4   2581.89109960000     0.00097355880
   5    751.05973955000     0.00284780250
   6    138.89039000000     0.01731496360
 S 1 
   1     66.91907180000     1.00000000000
 S 1 
   1     49.27322894300     1.00000000000
 S 1 
   1     20.94468408400     1.00000000000
 S 1 
   1      5.42521712720     1.00000000000
 S 1 
   1      2.73359530820     1.00000000000
 S 1 
   1      1.04232695760     1.00000000000
 S 1 
   1      0.45167001710     1.00000000000
 S 1 
   1      0.08926968210     1.00000000000
 S 1 
   1      0.04559119740     1.00000000000
 S 1 
   1      0.02170371080     1.00000000000
 P 9 
   1   4667.44988310000     0.00022626100
   2   1126.18636670000     0.00181533900
   3    361.89239645000     0.00852004000
   4    132.59401491000     0.02366543700
   5     42.07667666700     0.08200546600
   6     29.47943025800    -0.05511512200
   7     14.57239285500    -0.25226446900
   8      9.06809609070     0.44138796200
   9      4.36815503690     0.60661373000
 P 3 
   1     28.63214053300     0.03437473410
   2     13.88689151700    -0.24693384490
   3      7.27951838870     0.08045194100
 P 1 
   1      2.11593956540     1.00000000000
 P 1 
   1      0.94052735770     1.00000000000
 P 1 
   1      0.40792517640     1.00000000000
 P 1 
   1      0.15076355860     1.00000000000
 P 1 
   1      0.06700000000     1.00000000000
 P 1 
   1      0.03000000000     1.00000000000
 D 6 
   1    678.33133783000     0.00110861080
   2    207.66649141000     0.00938258240
   3     82.54272098600     0.04082506440
   4     36.52620165000     0.10696330200
   5     16.55166103800     0.17729909590
   6      7.27019689710     0.36976684320
 D 1 
   1      3.51965752190     1.00000000000
 D 1 
   1      1.61849069140     1.00000000000
 D 1 
   1      0.60930972080     1.00000000000
 D 1 
   1      0.21253066750     1.00000000000
 D 1 
   1      0.06819576550     1.00000000000
 F 6 
   1    256.92412768000     0.00154268000
   2     88.61713812200     0.01752891500
   3     39.19760945600     0.08929307260
   4     18.95530718200     0.20418711080
   5      9.15388347560     0.30157902870
   6      4.38752321280     0.32794993430
 F 1 
   1      2.05392182120     1.00000000000
 F 1 
   1      0.93486427570     1.00000000000
 F 1 
   1      0.42307850080     1.00000000000
 F 1 
   1      0.19972423140     1.00000000000
 G 4 
   1     28.36240000000     0.04790500000
   2     13.24780000000     0.15012800000
   3      6.14400000000     0.32291100000
   4      2.76230000000     0.44449400000
 G 1 
   1      1.15740000000     1.00000000000
 G 1 
   1      0.42440000000     1.00000000000
 H 1 
   1      3.80000000000     1.00000000000

HAFNIUM
 S 4 
   1     24.00000000000     0.19369448640
   2     16.00000000000    -3.50646307820
   3     14.40000000000     4.30825810000
   4     10.30450466700    -0.91045809740
 S 1 
   1      3.83727977920     1.00000000000
 S 1 
   1      0.94649028050     1.00000000000
 S 1 
   1      0.44397931300     1.00000000000
 S 1 
   1      0.13656009450     1.00000000000
 S 1 
   1      0.06654973250     1.00000000000
 S 1 
   1      0.02871911010     1.00000000000
 P 4 
   1     17.00000000000    -0.03031649190
   2     11.73807209700     0.10139279690
   3      4.92039671610    -0.28227924660
   4      1.12517261380     0.52032008500
 P 1 
   1      0.54220114060     1.00000000000
 P 1 
   1      0.25659447880     1.00000000000
 P 1 
   1      0.10000000000     1.00000000000
 P 1 
   1      0.04170000000     1.00000000000
 D 3 
   1      6.96447753090     0.09060695240
   2      5.72752275870    -0.16459899710
   3      1.15033054160     0.51375718250
 D 1 
   1      0.47559482990     0.97807169690
 D 1 
   1      0.18774414760     1.00000000000
 D 1 
   1      0.06843948810     1.00000000000
 F 1 
   1      0.80387000000     1.00000000000
 F 1 
   1      0.31547000000     1.00000000000
 F 1 
   1      0.12380000000     1.00000000000
 G 1 
   1      0.48820000000     1.00000000000
 G 1 
   1      0.18926000000     1.00000000000

TANTALUM
 S 4 
   1     24.47365094400     0.20537515820
   2     18.72137254900    -0.74477445680
   3     11.50000000000     3.40677710010
   4     10.35000000000    -2.82224003350
 S 1 
   1      3.81254146150     1.00000000000
 S 1 
   1      1.05074306300     1.00000000000
 S 1 
   1      0.49732275750     1.00000000000
 S 1 
   1      0.15602650970     1.00000000000
 S 1 
   1      0.07505644240     1.00000000000
 S 1 
   1      0.03163266880     1.00000000000
 P 4 
   1     17.00000000000    -0.03257730560
   2     12.00818653600     0.10336287370
   3      5.02787605830    -0.28526521700
   4      1.19371241840     0.51790141160
 P 1 
   1      0.57889707050     1.00000000000
 P 1 
   1      0.27225198800     1.00000000000
 P 1 
   1      0.10000000000     1.00000000000
 P 1 
   1      0.04170000000     1.00000000000
 D 3 
   1      7.14197629520     0.08860681420
   2      5.76968691710    -0.17156962220
   3      1.21994839410     0.53547693510
 D 1 
   1      0.52366034250     1.00000000000
 D 1 
   1      0.21384808770     1.00000000000
 D 1 
   1      0.08025425670     1.00000000000
 F 1 
   1      0.95070000000     1.00000000000
 F 1 
   1      0.37386000000     1.00000000000
 F 1 
   1      0.14702000000     1.00000000000
 G 1 
   1      0.65777000000     1.00000000000
 G 1 
   1      0.24314000000     1.00000000000

TUNGSTEN
 S 4 
   1     22.10648788300     0.66320504570
   2     18.95806262000    -1.55761891600
   3     13.12869904900     2.14164854670
   4     10.14941737800    -1.18233649470
 S 1 
   1      4.01603224140     1.00000000000
 S 1 
   1      1.12344961580     1.00000000000
 S 1 
   1      0.53500662820     1.00000000000
 S 1 
   1      0.17127449660     1.00000000000
 S 1 
   1      0.08045289790     1.00000000000
 S 1 
   1      0.03366987220     1.00000000000
 P 4 
   1     17.00000000000    -0.03781776840
   2     12.43197343200     0.10905673840
   3      5.15862176580    -0.29399955020
   4      1.28014548120     0.51560726700
 P 1 
   1      0.62856790900     1.00000000000
 P 1 
   1      0.29380423550     1.00000000000
 P 1 
   1      0.10000000000     1.00000000000
 P 1 
   1      0.04170000000     1.00000000000
 D 3 
   1      7.40647373150     0.08699396300
   2      5.90262686030    -0.17667540010
   3      1.29847567500     0.55145697030
 D 1 
   1      0.57153508540     1.00000000000
 D 1 
   1      0.23845526610     1.00000000000
 D 1 
   1      0.09114426730     1.00000000000
 F 1 
   1      1.09624000000     1.00000000000
 F 1 
   1      0.43199000000     1.00000000000
 F 1 
   1      0.17023000000     1.00000000000
 G 1 
   1      0.84089000000     1.00000000000
 G 1 
   1      0.29702000000     1.00000000000

RHENIUM
 S 4 
   1     24.00000000000     0.26968047160
   2     18.20426274900    -1.35593786230
   3     14.04819248700     1.90037097590
   4      9.51667869540    -0.75626964010
 S 1 
   1      4.17146679810     1.00000000000
 S 1 
   1      1.19442139760     1.00000000000
 S 1 
   1      0.56755447800     1.00000000000
 S 1 
   1      0.17533854870     1.00000000000
 S 1 
   1      0.08201425050     1.00000000000
 S 1 
   1      0.03460789270     1.00000000000
 P 4 
   1     18.00000000000    -0.02689096240
   2     12.31860625000     0.09971149850
   3      5.37192345050    -0.29289398150
   4      1.35066467480     0.51466301430
 P 1 
   1      0.66212816810     1.00000000000
 P 1 
   1      0.31071385190     1.00000000000
 P 1 
   1      0.10800000000     1.00000000000
 P 1 
   1      0.04500000000     1.00000000000
 D 3 
   1      7.73528776720     0.08390179860
   2      6.09494436100    -0.17722258730
   3      1.38711054970     0.55238259690
 D 1 
   1      0.62324027850     1.00000000000
 D 1 
   1      0.26517328550     1.00000000000
 D 1 
   1      0.10321096850     1.00000000000
 F 1 
   1      1.24060000000     1.00000000000
 F 1 
   1      0.48989000000     1.00000000000
 F 1 
   1      0.19345000000     1.00000000000
 F 1 
   1      0.07639000000     1.00000000000
 G 1 
   1      1.03758000000     1.00000000000
 G 1 
   1      0.35090000000     1.00000000000

OSMIUM
 S 4 
   1     24.00000000000     0.24559132970
   2     18.20426274900    -1.30202049250
   3     14.04819248700     1.91148960000
   4      9.51667869540    -0.83098846800
 S 1 
   1      4.25294060420     1.00000000000
 S 1 
   1      1.29995835020     1.00000000000
 S 1 
   1      0.61756850130     1.00000000000
 S 1 
   1      0.18785305470     1.00000000000
 S 1 
   1      0.08786552400     1.00000000000
 S 1 
   1      0.03700424290     1.00000000000
 P 4 
   1     15.50000000000     0.16016463380
   2     14.00000000000    -0.23201520400
   3      5.54582904200     0.29772587270
   4      1.41395022150    -0.54253238180
 P 1 
   1      0.68136686760     1.00000000000
 P 1 
   1      0.30911452650     1.00000000000
 P 1 
   1      0.09000000000     1.00000000000
 P 1 
   1      0.03300000000     1.00000000000
 D 3 
   1      8.55572265230     0.05508130470
   2      6.19272508450    -0.15041777370
   3      1.49167336980     0.55087247580
 D 1 
   1      0.67423241510     1.00000000000
 D 1 
   1      0.28635737080     1.00000000000
 D 1 
   1      0.11074292710     1.00000000000
 F 1 
   1      1.38026000000     1.00000000000
 F 1 
   1      0.55065000000     1.00000000000
 F 1 
   1      0.21968000000     1.00000000000
 F 1 
   1      0.08764000000     1.00000000000
 G 1 
   1      1.22497000000     1.00000000000
 G 1 
   1      0.42803000000     1.00000000000

IRIDIUM
 S 4 
   1     23.46550722200     0.71085679680
   2     20.65709111600    -1.57235477850
   3     15.72510785800     1.29380860010
   4      7.92974636050    -0.42980466970
 S 1 
   1      4.51961201030     1.00000000000
 S 1 
   1      1.33928914020     1.00000000000
 S 1 
   1      0.63692276930     1.00000000000
 S 1 
   1      0.19126770640     1.00000000000
 S 1 
   1      0.08788199900     1.00000000000
 S 1 
   1      0.03764310550     1.00000000000
 P 4 
   1     15.90266414300    -0.16290720100
   2     14.41583069800     0.23483212990
   3      5.75976089910    -0.30305337180
   4      1.50089131080     0.55512982070
 P 1 
   1      0.72348035960     1.00000000000
 P 1 
   1      0.32785980330     1.00000000000
 P 1 
   1      0.09100000000     1.00000000000
 P 1 
   1      0.03500000000     1.00000000000
 D 3 
   1      8.96867816120     0.02975468600
   2      6.44563194980    -0.08224605290
   3      1.58358197400     0.29212392060
 D 1 
   1      0.71871917880     0.45371657860
 D 1 
   1      0.30539233280     0.35080208830
 D 1 
   1      0.11791405500     0.12106264000
 F 1 
   1      1.51348000000     1.00000000000
 F 1 
   1      0.61008000000     1.00000000000
 F 1 
   1      0.24592000000     1.00000000000
 F 1 
   1      0.09913000000     1.00000000000
 G 1 
   1      1.39770000000     1.00000000000
 G 1 
   1      0.50516000000     1.00000000000

PLATINUM
 S 4 
   1     23.46550722200     0.55150926140
   2     20.65709111600    -1.26902741070
   3     15.72510785800     1.12151454700
   4      7.92974636050    -0.42250178030
 S 1 
   1      4.66671162430     1.00000000000
 S 1 
   1      1.42025226330     1.00000000000
 S 1 
   1      0.66786671540     1.00000000000
 S 1 
   1      0.19745059690     1.00000000000
 S 1 
   1      0.09257392040     1.00000000000
 S 1 
   1      0.03889593690     1.00000000000
 P 4 
   1     15.50000000000    -0.15672718630
   2     14.00000000000     0.23853412990
   3      6.11612123390    -0.31041379730
   4      1.57155863850     0.56473525090
 P 1 
   1      0.75132510780     1.00000000000
 P 1 
   1      0.33306466810     1.00000000000
 P 1 
   1      0.09100000000     1.00000000000
 P 1 
   1      0.03500000000     1.00000000000
 D 3 
   1      8.32079376110     0.06294550870
   2      7.42072265200    -0.09027115430
   3      1.65704106390     0.16812340900
 D 1 
   1      0.73943569960     1.00000000000
 D 1 
   1      0.30508290090     1.00000000000
 D 1 
   1      0.11350435920     1.00000000000
 F 1 
   1      1.64025000000     1.00000000000
 F 1 
   1      0.66813000000     1.00000000000
 F 1 
   1      0.27215000000     1.00000000000
 F 1 
   1      0.11086000000     1.00000000000
 G 1 
   1      1.55575000000     1.00000000000
 G 1 
   1      0.58228000000     1.00000000000

GOLD
 S 3 
   1     24.20000000000     1.46450044430
   2     22.00000000000    -3.97701904960
   3     20.00000000000     2.72980335330
 S 1 
   1      5.40435530010     1.00000000000
 S 1 
   1      1.45325467730     1.00000000000
 S 1 
   1      0.68294298420     1.00000000000
 S 1 
   1      0.19002755300     1.00000000000
 S 1 
   1      0.08815598170     1.00000000000
 S 1 
   1      0.03773955520     1.00000000000
 P 4 
   1     15.50000000000     0.15001711880
   2     14.00000000000    -0.23609813180
   3      6.42273682050     0.31458896950
   4      1.65956016810    -0.57279670450
 P 1 
   1      0.79402913990     1.00000000000
 P 1 
   1      0.35125155400     1.00000000000
 P 1 
   1      0.08100000000     1.00000000000
 P 1 
   1      0.02500000000     1.00000000000
 D 3 
   1      8.60000000000     0.15361654680
   2      7.85318993790    -0.20443530660
   3      1.76508567980     0.30781811610
 D 1 
   1      0.79482263260     1.00000000000
 D 1 
   1      0.33085396360     1.00000000000
 D 1 
   1      0.12398535800     1.00000000000
 F 1 
   1      1.76074000000     1.00000000000
 F 1 
   1      0.72482000000     1.00000000000
 F 1 
   1      0.29838000000     1.00000000000
 F 1 
   1      0.12283000000     1.00000000000
 G 1 
   1      1.69917000000     1.00000000000
 G 1 
   1      0.65941000000     1.00000000000

MERCURY
 S 3 
   1     48.01378699000     0.00562414030
   2     21.23987509500    -0.17054083500
   3     15.87610087900     0.35940389660
 S 1 
   1      5.48659394290     1.00000000000
 S 1 
   1      1.55217668950     1.00000000000
 S 1 
   1      0.74742541190     1.00000000000
 S 1 
   1      0.20268838480     1.00000000000
 S 1 
   1      0.09337622920     1.00000000000
 S 1 
   1      0.04124870560     1.00000000000
 P 4 
   1     17.50000000000    -0.08645718730
   2     15.25259485500     0.15327318230
   3      6.44047151690    -0.30274955250
   4      1.81801599200     0.54361285030
 P 1 
   1      0.90067981800     1.00000000000
 P 1 
   1      0.41304540120     1.00000000000
 P 1 
   1      0.11845702650     1.00000000000
 P 1 
   1      0.03608761930     1.00000000000
 D 4 
   1     11.88864898700     0.01331121990
   2      6.77736609540    -0.07334619980
   3      2.09349413400     0.24155986720
   4      1.08170871760     0.38865972360
 D 1 
   1      0.53329136060     1.00000000000
 D 1 
   1      0.24984101830     1.00000000000
 D 1 
   1      0.10879770060     1.00000000000
 F 1 
   1      1.88938000000     1.00000000000
 F 1 
   1      0.79569000000     1.00000000000
 F 1 
   1      0.33510000000     1.00000000000
 F 1 
   1      0.14112000000     1.00000000000
 G 1 
   1      1.83585000000     1.00000000000
 G 1 
   1      0.72249000000     1.00000000000

THALLIUM
 S 9 
   1   9675.55000000000     0.00000800000
   2   1471.48000000000     0.00005700000
   3    323.64800000000     0.00022700000
   4     33.80790000000     0.02166600000
   5     21.13160000000    -0.19589700000
   6     13.20910000000     0.67362000000
   7      8.25611000000    -0.57167600000
   8      5.10014000000    -0.61234400000
   9      1.81943000000     0.75954400000
 S 1 
   1      0.96804610180     1.00000000000
 S 3 
   1     13.43292408100     0.16050252540
   2     11.12695670500    -0.25827112950
   3      2.03511293250     0.52570088360
 S 1 
   1      0.47288027020     1.00000000000
 S 1 
   1      0.21703241770     1.00000000000
 S 1 
   1      0.09955166430     1.00000000000
 S 1 
   1      0.04467447520     1.00000000000
 P 7 
   1     42.52400000000     0.00160500000
   2     21.39570000000    -0.02315900000
   3     13.37370000000     0.11173800000
   4      6.61337000000    -0.34647200000
   5      2.04217000000     0.47507300000
   6      1.11449000000     0.48633500000
   7      0.59800600000     0.20513900000
 P 3 
   1      9.05570320310    -0.05737671270
   2      3.94247739140     0.27305802340
   3      1.23821593850     0.72255078460
 P 1 
   1      0.29943260740     1.00000000000
 P 1 
   1      0.14250182360     1.00000000000
 P 1 
   1      0.06165507250     1.00000000000
 P 1 
   1      0.02605487050     1.00000000000
 D 7 
   1     63.79214937500     0.00019539030
   2     10.85409969700     0.01777584830
   3      6.38852805650    -0.08921365750
   4      2.41208750100     0.18424406190
   5      1.42461707060     0.30659722010
   6      0.83496548780     0.31018961560
   7      0.48634320400     0.23215648110
 D 1 
   1      0.27592111650     1.00000000000
 D 1 
   1      0.14737244060     1.00000000000
 D 1 
   1      0.06770000000     1.00000000000
 F 1 
   1      0.42630000000     1.00000000000
 F 1 
   1      0.16900000000     1.00000000000
 G 1 
   1      0.36930000000     1.00000000000
 F 1 
   1      1.08481000000     1.00000000000
 F 1 
   1      2.30837045340     1.00000000000

LEAD
 S 9 
   1   9368.33000000000     0.00001400000
   2   1366.93000000000     0.00010300000
   3    299.68200000000     0.00037900000
   4     34.85970000000     0.02327400000
   5     21.78890000000    -0.20343600000
   6     13.62000000000     0.69921400000
   7      8.51295000000    -0.60684100000
   8      5.30332000000    -0.61139200000
   9      1.92816000000     0.76522700000
 S 1 
   1      1.03734003120     1.00000000000
 S 3 
   1     13.55994421300     0.15955164160
   2     11.03962004500    -0.26750615830
   3      2.13717227880     0.52500552100
 S 1 
   1      0.51111685690     1.00000000000
 S 1 
   1      0.24673987560     1.00000000000
 S 1 
   1      0.11577976740     1.00000000000
 S 1 
   1      0.05287416780     1.00000000000
 P 7 
   1     59.09010000000     0.00071600000
   2     20.91970000000    -0.02108200000
   3     13.07770000000     0.12706100000
   4      6.89910000000    -0.37228400000
   5      2.19627000000     0.43566300000
   6      1.30486000000     0.43573500000
   7      0.77957200000     0.26094700000
 P 3 
   1      9.13731831340    -0.05531903050
   2      3.95705742490     0.27275707060
   3      1.22466390980     0.72280340690
 P 1 
   1      0.42601564240     1.00000000000
 P 1 
   1      0.20378586290     1.00000000000
 P 1 
   1      0.08816864790     1.00000000000
 P 1 
   1      0.03709470140     1.00000000000
 D 7 
   1     66.34824896100     0.00028507140
   2     13.45589979800     0.00933527880
   3      6.55102731490    -0.07535476350
   4      2.65741369490     0.16674578720
   5      1.60012780050     0.31208757940
   6      0.93304454980     0.32900401820
   7      0.54391365530     0.22655044020
 D 1 
   1      0.32059545270     1.00000000000
 D 1 
   1      0.17922304240     1.00000000000
 D 1 
   1      0.08320000000     1.00000000000
 F 1 
   1      0.44130000000     1.00000000000
 F 1 
   1      0.17820000000     1.00000000000
 G 1 
   1      0.38810000000     1.00000000000
 F 1 
   1      1.16060000000     1.00000000000
 F 1 
   1      2.51849387580     1.00000000000

BISMUTH
 S 9 
   1   8131.09000000000     0.00002900000
   2   1225.77000000000     0.00020000000
   3    274.67200000000     0.00068400000
   4     37.61640000000     0.02021800000
   5     23.48040000000    -0.15932600000
   6     14.10650000000     0.61172600000
   7      8.81305000000    -0.54465300000
   8      5.50778000000    -0.63688400000
   9      2.03977000000     0.77169800000
 S 1 
   1      1.09752272570     1.00000000000
 S 3 
   1     13.61428447400     0.15800789320
   2     11.01088176600    -0.27164962690
   3      2.26300895500     0.52469330210
 S 1 
   1      0.52344449530     1.00000000000
 S 1 
   1      0.26734409210     1.00000000000
 S 1 
   1      0.12836608810     1.00000000000
 S 1 
   1      0.06009773560     1.00000000000
 P 7 
   1     99.59140000000     0.00034600000
   2     19.89640000000    -0.01997600000
   3     12.43760000000     0.17544600000
   4      7.77400000000    -0.37955600000
   5      4.83995000000    -0.05526200000
   6      2.25478000000     0.52888400000
   7      1.18049000000     0.52132400000
 P 3 
   1      9.62132149650    -0.05292035660
   2      4.13213508300     0.26705180210
   3      1.27858277830     0.72824686940
 P 1 
   1      0.59423596260     1.00000000000
 P 1 
   1      0.25794168860     1.00000000000
 P 1 
   1      0.11273595360     1.00000000000
 P 1 
   1      0.04779197470     1.00000000000
 D 7 
   1     69.63279918100     0.00035055800
   2     14.88861496800     0.00815917360
   3      6.59496287130    -0.08390531950
   4      4.17961076400     0.02803421300
   5      2.56979501520     0.20202314190
   6      1.56013648220     0.33621249650
   7      0.89210528770     0.34629017140
 D 1 
   1      0.48093728230     1.00000000000
 D 1 
   1      0.24233621970     1.00000000000
 D 1 
   1      0.10440000000     1.00000000000
 F 1 
   1      0.48030000000     1.00000000000
 F 1 
   1      0.20060000000     1.00000000000
 G 1 
   1      0.42030000000     1.00000000000
 F 1 
   1      1.26256000000     1.00000000000
 F 1 
   1      2.72101754700     1.00000000000

POLONIUM
 S 9 
   1   8913.29000000000     0.00004700000
   2   1338.98000000000     0.00033100000
   3    299.53800000000     0.00116100000
   4     51.14890000000     0.00789900000
   5     23.01560000000    -0.14934700000
   6     14.37650000000     0.63824200000
   7      8.98279000000    -0.61708300000
   8      5.61292000000    -0.60519700000
   9      2.16484000000     0.77608600000
 S 1 
   1      1.17538000000     1.00000000000
 S 3 
   1     14.78776690700     0.15929033130
   2     11.95878120400    -0.27310166990
   3      2.47984550660     0.52423698730
 S 1 
   1      0.55481477790     1.00000000000
 S 1 
   1      0.28581735200     1.00000000000
 S 1 
   1      0.13849439470     1.00000000000
 S 1 
   1      0.06495452380     1.00000000000
 P 7 
   1    113.55700000000     0.00038700000
   2     20.36390000000    -0.01825500000
   3     12.72740000000     0.17477600000
   4      7.94984000000    -0.39870300000
   5      4.96477000000    -0.03181200000
   6      2.30130000000     0.56604700000
   7      1.19545000000     0.51022200000
 P 3 
   1      8.46813000000    -0.23853762000
   2      7.79620170000     0.28579119000
   3      0.66871758000     0.46050656000
 P 1 
   1      0.59152423930     1.00000000000
 P 1 
   1      0.24444843800     1.00000000000
 P 1 
   1      0.11018922460     1.00000000000
 P 1 
   1      0.04814977600     1.00000000000
 D 7 
   1     73.64981824500     0.00043310330
   2     16.74344168600     0.00694369690
   3      5.81630488120    -0.83799240390
   4      5.64937571730     0.79372183420
   5      2.45476861060     0.29055549250
   6      1.39090155930     0.38177920670
   7      0.78934505570     0.29342954210
 D 1 
   1      0.44107648550     1.00000000000
 D 1 
   1      0.23631248810     1.00000000000
 D 1 
   1      0.10930000000     1.00000000000
 F 1 
   1      0.48940000000     1.00000000000
 F 1 
   1      0.20020000000     1.00000000000
 G 1 
   1      0.40740000000     1.00000000000
 F 1 
   1      1.31220000000     1.00000000000
 F 1 
   1      2.82206587140     1.00000000000

ASTATINE
 S 9 
   1   9090.28000000000     0.00003500000
   2   1373.07000000000     0.00024200000
   3    307.95000000000     0.00081500000
   4     48.01760000000     0.00846500000
   5     23.90990000000    -0.14733300000
   6     14.93340000000     0.63241500000
   7      9.33171000000    -0.61640600000
   8      5.83206000000    -0.61925800000
   9      2.28787000000     0.78512400000
 S 1 
   1      1.25372380080     1.00000000000
 S 3 
   1     14.80578087600     0.15771473640
   2     11.85578362800    -0.28007490840
   3      2.58187823600     0.52359428910
 S 1 
   1      0.61460691980     1.00000000000
 S 1 
   1      0.31486716640     1.00000000000
 S 1 
   1      0.15441669150     1.00000000000
 S 1 
   1      0.07286642460     1.00000000000
 P 7 
   1    124.60200000000     0.00046800000
   2     20.88990000000    -0.01612400000
   3     13.05850000000     0.17119600000
   4      8.16061000000    -0.40887500000
   5      5.09808000000    -0.01640700000
   6      2.37876000000     0.58817200000
   7      1.23755000000     0.50099700000
 P 3 
   1      8.79775843210    -0.23832810210
   2      8.09964315020     0.28585830830
   3      0.67629719770     0.46050935970
 P 1 
   1      0.60785017930     1.00000000000
 P 1 
   1      0.26116561420     1.00000000000
 P 1 
   1      0.11948611260     1.00000000000
 P 1 
   1      0.05289908610     1.00000000000
 D 7 
   1     76.15258415500     0.00054645150
   2     17.98209218600     0.00704981170
   3      5.89003165640    -0.59711331050
   4      5.60015031210     0.56517203930
   5      2.47826220620     0.32344318340
   6      1.39287502560     0.39511263460
   7      0.78560551380     0.27094838860
 D 1 
   1      0.44173978740     1.00000000000
 D 1 
   1      0.24984733560     1.00000000000
 D 1 
   1      0.12700000000     1.00000000000
 F 1 
   1      0.53890000000     1.00000000000
 F 1 
   1      0.22870000000     1.00000000000
 G 1 
   1      0.43630000000     1.00000000000
 F 1 
   1      1.42372000000     1.00000000000
 F 1 
   1      3.00864212070     1.00000000000

RADON
 S 9 
   1  12715.60000000000     0.00004700000
   2   1913.30000000000     0.00033800000
   3    429.95600000000     0.00128000000
   4    100.97800000000     0.00278200000
   5     24.47080000000    -0.10042100000
   6     15.29220000000     0.53982400000
   7      9.55483000000    -0.57385600000
   8      5.96661000000    -0.61000000000
   9      2.38939000000     0.79325300000
 S 1 
   1      1.32764775160     1.00000000000
 S 3 
   1     17.19519534100     0.16333005100
   2     14.23030372000    -0.27167744770
   3      3.07603391530     0.52372666490
 S 1 
   1      0.69973866760     1.00000000000
 S 1 
   1      0.33174234890     1.00000000000
 S 1 
   1      0.16093431880     1.00000000000
 S 1 
   1      0.07588359620     1.00000000000
 P 7 
   1    131.70800000000     0.00058500000
   2     21.40160000000    -0.01443800000
   3     13.38260000000     0.17009500000
   4      8.36880000000    -0.42250400000
   5      5.22945000000    -0.00171900000
   6      2.47685000000     0.60115800000
   7      1.30180000000     0.49278000000
 P 3 
   1      9.07685479200    -0.23950411880
   2      8.38223670430     0.28554010270
   3      0.70618692300     0.46017587940
 P 1 
   1      0.64553860370     1.00000000000
 P 1 
   1      0.28380500920     1.00000000000
 P 1 
   1      0.13160518580     1.00000000000
 P 1 
   1      0.05895825980     1.00000000000
 D 8 
   1    183.73000000000     0.00012900000
   2     54.68970000000     0.00094900000
   3     16.42550000000     0.01010000000
   4      7.30500000000    -0.08730900000
   5      4.27477000000     0.07145200000
   6      2.61142000000     0.29537800000
   7      1.56674000000     0.35873100000
   8      0.96097900000     0.25612000000
 D 1 
   1      0.59653500000     1.00000000000
 D 1 
   1      0.34202800000     1.00000000000
 D 1 
   1      0.15160000000     1.00000000000
 F 1 
   1      0.59400000000     1.00000000000
 F 1 
   1      0.26840000000     1.00000000000
 G 1 
   1      0.47630000000     1.00000000000
 F 1 
   1      1.55564000000     1.00000000000
 F 1 
   1      3.24986418940     1.00000000000
$END



! -----------------------------------
!  ECP BASIS SET IN INPUT FORMAT
! -----------------------------------

$ECP
RB-ECP GEN     28     3
3   -------  s-ul potential  ----------
      89.50019800  2         5.03655100
       0.49376100  2         1.97084900
      12.31690000  2         3.84311400
3   -------  p-ul potential  ----------
      58.56897400  2         4.25834100
       0.43179100  2         1.47070900
      12.31690000  2         3.84311400
3   -------  d-ul potential  ----------
      26.22489800  2         3.02312700
       0.96283900  2         0.65038300
      12.31690000  2         3.84311400
1   -------  f-ul potential  ----------
     -12.31690000  2         3.84311400
$END

$ECP
SR-ECP GEN     28     3
3   -------  s-ul potential  ----------
     135.47943000  2         7.40007400
      17.53446300  2         3.60637900
      15.80599200  2         4.63397500
3   -------  p-ul potential  ----------
      88.35970900  2         6.48486800
      15.39437200  2         3.28805300
      15.80599200  2         4.63397500
3   -------  d-ul potential  ----------
      29.88898700  2         4.62284100
       6.65941400  2         2.24690400
      15.80599200  2         4.63397500
1   -------  f-ul potential  ----------
     -15.80599200  2         4.63397500
$END

$ECP
Y -ECP GEN     28     3
4   -------  s-ul potential  ----------
     135.15384410  2         7.48804940
      15.55244130  2         3.74402470
      19.12219810  2         6.58421200
       2.43637540  2         3.29210600
4   -------  p-ul potential  ----------
      87.78499170  2         6.44537720
      11.56406600  2         3.22268860
      19.12219810  2         6.58421200
       2.43637540  2         3.29210600
4   -------  d-ul potential  ----------
      29.70100070  2         4.65844720
       5.53996850  2         2.32922360
      19.12219810  2         6.58421200
       2.43637540  2         3.29210600
2   -------  f-ul potential  ----------
     -19.12219810  2         6.58421200
      -2.43637540  2         3.29210600
$END

$ECP
ZR-ECP GEN     28     3
4   -------  s-ul potential  ----------
     150.26759110  2         8.20000000
      18.97621650  2         4.08972780
      21.09377600  2         7.54000000
       3.08069430  2         3.77000000
4   -------  p-ul potential  ----------
      99.62212370  2         7.11000000
      14.16873330  2         3.59679800
      21.09377600  2         7.54000000
       3.08069430  2         3.77000000
4   -------  d-ul potential  ----------
      35.04512350  2         5.35000000
       6.11125950  2         2.49182150
      21.09377600  2         7.54000000
       3.08069430  2         3.77000000
2   -------  f-ul potential  ----------
     -21.09377600  2         7.54000000
      -3.08069430  2         3.77000000
$END

$ECP
NB-ECP GEN     28     3
4   -------  s-ul potential  ----------
     165.17914350  2         8.90000000
      21.99297440  2         4.43000000
      22.92955000  2         8.49000000
       3.66630990  2         4.25000000
4   -------  p-ul potential  ----------
     111.79441450  2         7.77000000
      16.63348330  2         3.96000000
      22.92955000  2         8.49000000
       3.66630990  2         4.25000000
4   -------  d-ul potential  ----------
      38.11224880  2         6.05000000
       8.03916730  2         2.84000000
      22.92955000  2         8.49000000
       3.66630990  2         4.25000000
2   -------  f-ul potential  ----------
     -22.92955000  2         8.49000000
      -3.66630990  2         4.25000000
$END

$ECP
MO-ECP GEN     28     3
4   -------  s-ul potential  ----------
     180.10310850  2         9.71459380
      24.99722790  2         4.68050040
      24.80517710  2         9.45000000
       4.15378150  2         4.72000000
4   -------  p-ul potential  ----------
     123.77275230  2         8.14213660
      19.53022800  2         4.62598630
      24.80517710  2         9.45000000
       4.15378150  2         4.72000000
4   -------  d-ul potential  ----------
      48.37502230  2         6.61841480
       8.89205270  2         3.24875160
      24.80517710  2         9.45000000
       4.15378150  2         4.72000000
2   -------  f-ul potential  ----------
     -24.80517710  2         9.45000000
      -4.15378150  2         4.72000000
$END

$ECP
TC-ECP GEN     28     3
4   -------  s-ul potential  ----------
     195.15916590  2        10.42234620
      28.09260330  2         5.03651600
      26.56244750  2        10.40000000
       4.58568050  2         5.20000000
4   -------  p-ul potential  ----------
     135.28456620  2         8.95044940
      21.80650430  2         4.85443940
      26.56244750  2        10.40000000
       4.58568050  2         5.20000000
4   -------  d-ul potential  ----------
      54.32972940  2         6.94569680
      11.15506790  2         3.97058490
      26.56244750  2        10.40000000
       4.58568050  2         5.20000000
2   -------  f-ul potential  ----------
     -26.56244750  2        10.40000000
      -4.58568050  2         5.20000000
$END

$ECP
RU-ECP GEN     28     3
4   -------  s-ul potential  ----------
     209.82297120  2        11.10526930
      30.65472640  2         5.41474540
      28.34061630  2        11.36000000
       4.94462920  2         5.68000000
4   -------  p-ul potential  ----------
     146.33618230  2         9.77127070
      24.12787720  2         5.07399080
      28.34061630  2        11.36000000
       4.94462920  2         5.68000000
4   -------  d-ul potential  ----------
      67.51589670  2         7.67142310
       9.87010410  2         4.13656470
      28.34061630  2        11.36000000
       4.94462920  2         5.68000000
2   -------  f-ul potential  ----------
     -28.34061630  2        11.36000000
      -4.94462920  2         5.68000000
$END

$ECP
RH-ECP GEN     28     3
4   -------  s-ul potential  ----------
     225.34775350  2        11.72000000
      32.82318900  2         5.82000000
      30.09345570  2        12.31000000
       5.21848190  2         6.16000000
4   -------  p-ul potential  ----------
     158.70941160  2        10.42000000
      26.44410050  2         5.45000000
      30.09345570  2        12.31000000
       5.21848190  2         6.16000000
4   -------  d-ul potential  ----------
      62.75862570  2         8.82000000
      10.97871950  2         3.87000000
      30.09345570  2        12.31000000
       5.21848190  2         6.16000000
2   -------  f-ul potential  ----------
     -30.09345570  2        12.31000000
      -5.21848190  2         6.16000000
$END

$ECP
PD-ECP GEN     28     3
4   -------  s-ul potential  ----------
     240.22904030  2        12.43000000
      35.17194350  2         6.17075940
      31.92955430  2        13.27000000
       5.39821690  2         6.63000000
4   -------  p-ul potential  ----------
     170.41727600  2        11.08000000
      28.47213290  2         5.82955410
      31.92955430  2        13.27000000
       5.39821690  2         6.63000000
4   -------  d-ul potential  ----------
      69.01384490  2         9.51000000
      11.75086160  2         4.13978110
      31.92955430  2        13.27000000
       5.39821690  2         6.63000000
2   -------  f-ul potential  ----------
     -31.92955430  2        13.27000000
      -5.39821690  2         6.63000000
$END

$ECP
AG-ECP GEN     28     3
4   -------  s-ul potential  ----------
     255.13936450  2        13.13000000
      36.86612150  2         6.51000000
      33.68992010  2        14.22000000
       5.53112020  2         7.11000000
4   -------  p-ul potential  ----------
     182.18186870  2        11.74000000
      30.35775150  2         6.20000000
      33.68992010  2        14.22000000
       5.53112020  2         7.11000000
4   -------  d-ul potential  ----------
      73.71926090  2        10.21000000
      12.50211710  2         4.38000000
      33.68992010  2        14.22000000
       5.53112020  2         7.11000000
2   -------  f-ul potential  ----------
     -33.68992010  2        14.22000000
      -5.53112020  2         7.11000000
$END

$ECP
CD-ECP GEN     28     3
4   -------  s-ul potential  ----------
     270.00948320  2        13.83586890
      38.76730800  2         6.85727040
      35.47662560  2        15.18479570
       5.61767680  2         7.59239780
4   -------  p-ul potential  ----------
     193.82962940  2        12.40497100
      31.89652520  2         6.56779950
      35.47662560  2        15.18479570
       5.61767680  2         7.59239780
4   -------  d-ul potential  ----------
      79.19364700  2        10.89692530
      13.23082670  2         4.64116490
      35.47662560  2        15.18479570
       5.61767680  2         7.59239780
2   -------  f-ul potential  ----------
     -35.47662560  2        15.18479570
      -5.61767680  2         7.59239780
$END

$ECP
IN-ECP GEN     28     3
4   -------  s-ul potential  ----------
     281.12235000  2        15.39282200
      61.90147000  2         8.05586400
      13.72807800  2        12.53905600
      18.20686600  2        12.55256100
6   -------  p-ul potential  ----------
      67.46215400  2        13.92867200
     134.94925000  2        13.34723400
      14.74614000  2         7.61413200
      29.63926200  2         7.31836500
      13.72807800  2        12.53905600
      18.20686600  2        12.55256100
6   -------  d-ul potential  ----------
      35.49325400  2        14.03471500
      53.17877300  2        14.51161600
       9.17728100  2         5.55055000
      12.39241000  2         5.05941500
      13.72807800  2        12.53905600
      18.20686600  2        12.55256100
2   -------  f-ul potential  ----------
     -13.72807800  2        12.53905600
     -18.20686600  2        12.55256100
$END

$ECP
SN-ECP GEN     28     3
4   -------  s-ul potential  ----------
     279.98868200  2        17.42041400
      62.37781000  2         7.63115500
      12.57633300  2        12.28234800
      16.59594400  2        12.27215000
6   -------  p-ul potential  ----------
      66.16252300  2        16.13102400
     132.17439600  2        15.62807700
      16.33941700  2         7.32560800
      32.48895900  2         6.94251900
      12.57633300  2        12.28234800
      16.59594400  2        12.27215000
6   -------  d-ul potential  ----------
      36.38744100  2        15.51497600
      54.50784100  2        15.18816000
       8.69682300  2         5.45602400
      12.84020800  2         5.36310500
      12.57633300  2        12.28234800
      16.59594400  2        12.27215000
2   -------  f-ul potential  ----------
     -12.57633300  2        12.28234800
     -16.59594400  2        12.27215000
$END

$ECP
SB-ECP GEN     28     3
4   -------  s-ul potential  ----------
     281.07158100  2        16.33086500
      61.71660400  2         8.55654200
      15.36680100  2        14.44497800
      20.29613800  2        14.44929500
6   -------  p-ul potential  ----------
      67.45738000  2        14.47033700
     134.93350300  2        13.81619400
      14.71634400  2         8.42492400
      29.51851200  2         8.09272800
      15.36680100  2        14.44497800
      20.29613800  2        14.44929500
6   -------  d-ul potential  ----------
      35.44781500  2        14.88633100
      53.14346600  2        15.14631900
       9.17922300  2         5.90826700
      13.24025300  2         5.59432200
      15.36680100  2        14.44497800
      20.29613800  2        14.44929500
2   -------  f-ul potential  ----------
     -15.36680100  2        14.44497800
     -20.29613800  2        14.44929500
$END

$ECP
TE-ECP GEN     28     3
4   -------  s-ul potential  ----------
     281.04584300  2        16.81447300
      61.62065600  2         8.79352600
      15.74545000  2        15.20616800
      20.74244800  2        15.20170200
6   -------  p-ul potential  ----------
      67.44946400  2        14.87780100
     134.90430400  2        14.26973100
      14.68954700  2         8.72443500
      29.41506300  2         8.29151500
      15.74545000  2        15.20616800
      20.74244800  2        15.20170200
6   -------  d-ul potential  ----------
      35.43205700  2        15.20500800
      53.13568700  2        15.22584800
       9.06980200  2         6.07176900
      13.12230400  2         5.80476000
      15.74545000  2        15.20616800
      20.74244800  2        15.20170200
2   -------  f-ul potential  ----------
     -15.74545000  2        15.20616800
     -20.74244800  2        15.20170200
$END

$ECP
I -ECP GEN     28     3
7   -------  s-ul potential  ----------
      49.99429300  2        40.01583500
     281.02531700  2        17.42974700
      61.57332600  2         9.00548400
      21.84204000  2        19.45860900
      28.46819100  2        19.34926000
       0.24371300  2         4.82376700
       0.32080400  2         4.88431500
8   -------  p-ul potential  ----------
      67.44284100  2        15.35546600
     134.88113700  2        14.97183300
      14.67505100  2         8.96016400
      29.37566600  2         8.25909600
      21.84204000  2        19.45860900
      28.46819100  2        19.34926000
       0.24371300  2         4.82376700
       0.32080400  2         4.88431500
10   -------  d-ul potential  ----------
      35.43952900  2        15.06890800
      53.17605700  2        14.55532200
       9.06719500  2         6.71864700
      13.20693700  2         6.45639300
       0.08933500  2         1.19177900
       0.05238000  2         1.29115700
      21.84204000  2        19.45860900
      28.46819100  2        19.34926000
       0.24371300  2         4.82376700
       0.32080400  2         4.88431500
4   -------  f-ul potential  ----------
     -21.84204000  2        19.45860900
     -28.46819100  2        19.34926000
      -0.24371300  2         4.82376700
      -0.32080400  2         4.88431500
$END

$ECP
XE-ECP GEN     28     3
7   -------  s-ul potential  ----------
      49.99796200  2        40.00518400
     281.01330300  2        17.81221400
      61.53825500  2         9.30415000
      23.08929500  2        20.88155700
      30.07447500  2        20.78344300
       0.28822700  2         5.25338900
       0.38692400  2         5.36118800
8   -------  p-ul potential  ----------
      67.43914200  2        15.70177200
     134.87471100  2        15.25860800
      14.66330000  2         9.29218400
      29.35473000  2         8.55900300
      23.08929500  2        20.88155700
      30.07447500  2        20.78344300
       0.28822700  2         5.25338900
       0.38692400  2         5.36118800
10   -------  d-ul potential  ----------
      35.43690800  2        15.18560000
      53.19577200  2        14.28450000
       9.04623200  2         7.12188900
      13.22368100  2         6.99196300
       0.08485300  2         0.62394600
       0.04415500  2         0.64728400
      23.08929500  2        20.88155700
      30.07447500  2        20.78344300
       0.28822700  2         5.25338900
       0.38692400  2         5.36118800
4   -------  f-ul potential  ----------
     -23.08929500  2        20.88155700
     -30.07447500  2        20.78344300
      -0.28822700  2         5.25338900
      -0.38692400  2         5.36118800
$END

$ECP
CS-ECP GEN     46     3
3   -------  s-ul potential  ----------
      84.54773000  2         4.07975000
      16.65417300  2         2.41740600
      28.88430900  2         3.12326900
3   -------  p-ul potential  ----------
     157.04905900  2         5.51408000
      26.42330700  2         2.16031600
      28.88430900  2         3.12326900
3   -------  d-ul potential  ----------
      13.17275300  2         1.80741000
       3.34283300  2         0.85818200
      28.88430900  2         3.12326900
1   -------  f-ul potential  ----------
     -28.88430900  2         3.12326900
$END

$ECP
BA-ECP GEN     46     3
3   -------  s-ul potential  ----------
     427.84581600  2         9.52698600
     204.41753000  2         4.48751000
      33.47317400  2         3.58946500
3   -------  p-ul potential  ----------
     293.60586400  2         8.31593000
     294.19331600  2         4.29221700
      33.47317400  2         3.58946500
3   -------  d-ul potential  ----------
     112.55040200  2         5.91610800
     181.78262100  2         2.87484200
      33.47317400  2         3.58946500
1   -------  f-ul potential  ----------
     -33.47317400  2         3.58946500
$END

$ECP
LA-ECP GEN     46     3
3   -------  s-ul potential  ----------
      91.93217700  2         3.30990000
      -3.78876400  2         1.65500000
      36.01001600  2         4.02860000
3   -------  p-ul potential  ----------
      63.75948600  2         2.83680000
      -0.64795800  2         1.41840000
      36.01001600  2         4.02860000
3   -------  d-ul potential  ----------
      36.11617300  2         2.02130000
       0.21911400  2         1.01070000
      36.01001600  2         4.02860000
1   -------  f-ul potential  ----------
     -36.01001600  2         4.02860000
$END

$ECP
CE-ECP GEN     28     5
1   -------  s-ul potential  ----------
     580.08345700  2        20.13782900
1   -------  p-ul potential  ----------
     310.30283300  2        15.99848200
1   -------  d-ul potential  ----------
     167.81394400  2        14.97418700
1   -------  f-ul potential  ----------
     -49.39022900  2        23.40245500
1   -------  g-ul potential  ----------
     -21.33187900  2        16.57055300
1   -------  h-ul potential  ----------
       0.00000000  2         1.00000000
$END

$ECP
PR-ECP GEN     28     5
1   -------  s-ul potential  ----------
     577.57312200  2        20.76627800
1   -------  p-ul potential  ----------
     295.78584600  2        16.07844800
1   -------  d-ul potential  ----------
     150.86705500  2        14.70508900
1   -------  f-ul potential  ----------
     -48.73676600  2        23.37896900
1   -------  g-ul potential  ----------
     -22.32948800  2        17.44713800
1   -------  h-ul potential  ----------
       0.00000000  2         1.00000000
$END

$ECP
ND-ECP GEN     28     5
1   -------  s-ul potential  ----------
     574.37098000  2        21.35226700
1   -------  p-ul potential  ----------
     280.94644000  2        16.11926500
1   -------  d-ul potential  ----------
     138.67062700  2        14.49410300
1   -------  f-ul potential  ----------
     -47.52266800  2        23.18386000
1   -------  g-ul potential  ----------
     -23.34458700  2        18.34417400
1   -------  h-ul potential  ----------
       0.00000000  2         1.00000000
$END

$ECP
PM-ECP GEN     28     5
1   -------  s-ul potential  ----------
     575.39574900  2        21.94286500
1   -------  p-ul potential  ----------
     281.70451400  2        16.55516100
1   -------  d-ul potential  ----------
     123.52473700  2        13.96030800
1   -------  f-ul potential  ----------
     -50.74151100  2        24.03354600
1   -------  g-ul potential  ----------
     -24.37251000  2        19.26024500
1   -------  h-ul potential  ----------
       0.00000000  2         1.00000000
$END

$ECP
SM-ECP GEN     28     5
1   -------  s-ul potential  ----------
     572.98533200  2        22.34447100
1   -------  p-ul potential  ----------
     272.35914500  2        16.69459000
1   -------  d-ul potential  ----------
     115.29390000  2        13.72770500
1   -------  f-ul potential  ----------
     -51.10839200  2        24.05909200
1   -------  g-ul potential  ----------
     -25.42188500  2        20.19724900
1   -------  h-ul potential  ----------
       0.00000000  2         1.00000000
$END

$ECP
EU-ECP GEN     28     5
1   -------  s-ul potential  ----------
     607.65933100  2        23.47138400
1   -------  p-ul potential  ----------
     264.38547600  2        16.77247900
1   -------  d-ul potential  ----------
     115.38137500  2        13.98134300
1   -------  f-ul potential  ----------
     -49.40079400  2        23.96288800
1   -------  g-ul potential  ----------
     -26.74827300  2        21.23245800
1   -------  h-ul potential  ----------
       0.00000000  2         1.00000000
$END

$ECP
GD-ECP GEN     28     5
1   -------  s-ul potential  ----------
     637.20086900  2        24.60215100
1   -------  p-ul potential  ----------
     261.68960100  2        16.88925000
1   -------  d-ul potential  ----------
     106.85653300  2        13.64335800
1   -------  f-ul potential  ----------
     -50.68359000  2        24.12691700
1   -------  g-ul potential  ----------
     -27.57963000  2        22.13188700
1   -------  h-ul potential  ----------
       0.00000000  2         1.00000000
$END

$ECP
TB-ECP GEN     28     5
1   -------  s-ul potential  ----------
     668.59715500  2        24.95295600
1   -------  p-ul potential  ----------
     266.98047500  2        17.61089900
1   -------  d-ul potential  ----------
      97.50659600  2        12.97600900
1   -------  f-ul potential  ----------
     -52.17575700  2        24.24886900
1   -------  g-ul potential  ----------
     -28.69426800  2        23.13067200
1   -------  h-ul potential  ----------
       0.00000000  2         1.00000000
$END

$ECP
DY-ECP GEN     28     5
1   -------  s-ul potential  ----------
     705.67122100  2        26.42958600
1   -------  p-ul potential  ----------
     254.86698900  2        17.31703400
1   -------  d-ul potential  ----------
      95.04518700  2        12.91359900
1   -------  f-ul potential  ----------
     -54.57409300  2        24.90787800
1   -------  g-ul potential  ----------
     -29.82827700  2        24.14875300
1   -------  h-ul potential  ----------
       0.00000000  2         1.00000000
$END

$ECP
HO-ECP GEN     28     5
1   -------  s-ul potential  ----------
     755.70313600  2        28.39725700
1   -------  p-ul potential  ----------
     253.55199800  2        17.43863300
1   -------  d-ul potential  ----------
      89.63567700  2        12.43421200
1   -------  f-ul potential  ----------
     -55.48203600  2        25.38701000
1   -------  g-ul potential  ----------
     -30.99112500  2        25.18850100
1   -------  h-ul potential  ----------
       0.00000000  2         1.00000000
$END

$ECP
ER-ECP GEN     28     5
1   -------  s-ul potential  ----------
     800.95287600  2        29.79859200
1   -------  p-ul potential  ----------
     262.01986900  2        18.11423700
1   -------  d-ul potential  ----------
      80.17055200  2        11.36958700
1   -------  f-ul potential  ----------
     -42.33628500  2        21.82123300
1   -------  g-ul potential  ----------
     -32.18527800  2        26.25073500
1   -------  h-ul potential  ----------
       0.00000000  2         1.00000000
$END

$ECP
TM-ECP GEN     28     5
1   -------  s-ul potential  ----------
     845.51074300  2        31.14412200
1   -------  p-ul potential  ----------
     258.58523900  2        18.09235300
1   -------  d-ul potential  ----------
      80.72905900  2        11.46915900
1   -------  f-ul potential  ----------
     -48.70126600  2        23.60554400
1   -------  g-ul potential  ----------
     -33.39549600  2        27.32978100
1   -------  h-ul potential  ----------
       0.00000000  2         1.00000000
$END

$ECP
YB-ECP GEN     28     5
1   -------  s-ul potential  ----------
     891.01377700  2        32.42448400
1   -------  p-ul potential  ----------
     264.03695300  2        18.65623200
1   -------  d-ul potential  ----------
      73.92391900  2        10.49022200
1   -------  f-ul potential  ----------
     -39.59217300  2        20.77418300
1   -------  g-ul potential  ----------
     -34.63863800  2        28.43102800
1   -------  h-ul potential  ----------
       0.00000000  2         1.00000000
$END

$ECP
LU-ECP GEN     28     5
1   -------  s-ul potential  ----------
     989.99558400  2        35.16209700
1   -------  p-ul potential  ----------
     278.86565200  2        19.46440200
1   -------  d-ul potential  ----------
      71.00917800  2        10.00686500
1   -------  f-ul potential  ----------
     -47.40589000  2        23.51793200
1   -------  g-ul potential  ----------
     -35.55714600  2        29.41223800
1   -------  h-ul potential  ----------
       0.00000000  2         1.00000000
$END

$ECP
HF-ECP GEN     60     3
3   -------  s-ul potential  ----------
    1499.28471070  2        14.76995900
      40.28210140  2         7.38497940
     -10.04672250  2         1.78576980
3   -------  p-ul potential  ----------
     397.73300530  2         9.84948950
      19.31640590  2         4.92474450
     -10.04672250  2         1.78576980
3   -------  d-ul potential  ----------
     101.32980530  2         6.09675640
       5.87343820  2         3.04837820
     -10.04672250  2         1.78576980
1   -------  f-ul potential  ----------
      10.04672250  2         1.78576980
$END

$ECP
TA-ECP GEN     60     3
3   -------  s-ul potential  ----------
    1345.88064700  2        14.54640770
      36.76680620  2         7.27320380
     -12.01796090  2         2.01788110
3   -------  p-ul potential  ----------
     378.42530150  2         9.93556530
      22.29309090  2         4.96778240
     -12.01796090  2         2.01788110
3   -------  d-ul potential  ----------
     104.88395570  2         6.34737690
       8.75584810  2         3.17368850
     -12.01796090  2         2.01788110
1   -------  f-ul potential  ----------
      12.01796090  2         2.01788110
$END

$ECP
W -ECP GEN     60     3
3   -------  s-ul potential  ----------
    1192.39588230  2        14.32285640
      32.52293320  2         7.16142810
     -14.15257950  2         2.25888850
3   -------  p-ul potential  ----------
     359.03196710  2        10.02164110
      24.03038020  2         5.01082040
     -14.15257950  2         2.25888850
3   -------  d-ul potential  ----------
     108.30134900  2         6.59799740
      10.98252830  2         3.29899870
     -14.15257950  2         2.25888850
1   -------  f-ul potential  ----------
      14.15257950  2         2.25888850
$END

$ECP
RE-ECP GEN     60     3
3   -------  s-ul potential  ----------
    1038.95157230  2        14.09930510
      29.56173830  2         7.04965250
     -16.44985230  2         2.50865060
3   -------  p-ul potential  ----------
     339.54350960  2        10.10771690
      24.91369650  2         5.05385830
     -16.44985230  2         2.50865060
3   -------  d-ul potential  ----------
     111.69965270  2         6.84861790
      12.62432930  2         3.42430900
     -16.44985230  2         2.50865060
1   -------  f-ul potential  ----------
      16.44985230  2         2.50865060
$END

$ECP
OS-ECP GEN     60     3
3   -------  s-ul potential  ----------
     885.40571910  2        13.87575390
      25.96704010  2         6.93787690
     -18.90945700  2         2.76707510
3   -------  p-ul potential  ----------
     320.08390190  2        10.19379260
      26.14876490  2         5.09689620
     -18.90945700  2         2.76707510
3   -------  d-ul potential  ----------
     115.04484310  2         7.09923850
      13.62257460  2         3.54961920
     -18.90945700  2         2.76707510
1   -------  f-ul potential  ----------
      18.90945700  2         2.76707510
$END

$ECP
IR-ECP GEN     60     3
3   -------  s-ul potential  ----------
     732.26919980  2        13.65220260
      26.48472090  2         6.82610130
     -21.53103110  2         3.03407190
3   -------  p-ul potential  ----------
     299.48947360  2        10.27986840
      26.46623350  2         5.13993410
     -21.53103110  2         3.03407190
3   -------  d-ul potential  ----------
     124.45759450  2         7.34985900
      14.03599520  2         3.67492950
     -21.53103110  2         3.03407190
1   -------  f-ul potential  ----------
      21.53103110  2         3.03407190
$END

$ECP
PT-ECP GEN     60     3
3   -------  s-ul potential  ----------
     579.22386090  2        13.42865130
      29.66949060  2         6.71432560
     -24.31437570  2         3.30956860
3   -------  p-ul potential  ----------
     280.86077420  2        10.36594420
      26.74538200  2         5.18297210
     -24.31437570  2         3.30956860
3   -------  d-ul potential  ----------
     120.39644430  2         7.60047950
      15.81092060  2         3.80023970
     -24.31437570  2         3.30956860
1   -------  f-ul potential  ----------
      24.31437570  2         3.30956860
$END

$ECP
AU-ECP GEN     60     3
4   -------  s-ul potential  ----------
     426.84667920  2        13.20510000
      37.00708290  2         6.60255000
     -30.49008890  2         4.78982000
      -5.17107380  2         2.39491000
4   -------  p-ul potential  ----------
     261.19958040  2        10.45202000
      26.96249600  2         5.22601000
     -30.49008890  2         4.78982000
      -5.17107380  2         2.39491000
4   -------  d-ul potential  ----------
     124.79066560  2         7.85110000
      16.30072570  2         3.92555000
     -30.49008890  2         4.78982000
      -5.17107380  2         2.39491000
2   -------  f-ul potential  ----------
      30.49008890  2         4.78982000
       5.17107380  2         2.39491000
$END

$ECP
HG-ECP GEN     60     3
3   -------  s-ul potential  ----------
     275.73721170  2        12.98154870
      49.08921250  2         6.49077440
     -30.36499640  2         3.88579110
3   -------  p-ul potential  ----------
     241.54007400  2        10.53809580
      27.39659080  2         5.26904790
     -30.36499640  2         3.88579110
3   -------  d-ul potential  ----------
     127.86700760  2         8.10172050
      16.60831150  2         4.05086030
     -30.36499640  2         3.88579110
1   -------  f-ul potential  ----------
      30.36499640  2         3.88579110
$END

$ECP
TL-ECP GEN     60     3
6   -------  s-ul potential  ----------
     281.28466300  2        12.16780500
      62.43425100  2         8.29490900
     -15.82548800  2         5.62639900
     -21.10402100  2         5.54895200
      -2.91512700  2         2.87494600
      -3.89690300  2         2.82145100
8   -------  p-ul potential  ----------
       4.63340800  2         7.15149200
       9.34175600  2         5.17286500
      72.29925300  2         9.89107200
     144.55803700  2         9.00339100
     -15.82548800  2         5.62639900
     -21.10402100  2         5.54895200
      -2.91512700  2         2.87494600
      -3.89690300  2         2.82145100
8   -------  d-ul potential  ----------
      35.94303900  2         7.13021800
      53.90959300  2         6.92690600
      10.38193900  2         5.41757000
      15.58382200  2         5.13868100
     -15.82548800  2         5.62639900
     -21.10402100  2         5.54895200
      -2.91512700  2         2.87494600
      -3.89690300  2         2.82145100
4   -------  f-ul potential  ----------
      15.82548800  2         5.62639900
      21.10402100  2         5.54895200
       2.91512700  2         2.87494600
       3.89690300  2         2.82145100
$END

$ECP
PB-ECP GEN     60     3
4   -------  s-ul potential  ----------
     281.28549900  2        12.29630300
      62.52021700  2         8.63263400
     -12.20989200  2         3.88751200
     -16.19029100  2         3.81196300
6   -------  p-ul potential  ----------
      72.27689700  2        10.24179000
     144.59108300  2         8.92417600
       4.75869300  2         6.58134200
       9.94062100  2         6.25540300
     -12.20989200  2         3.88751200
     -16.19029100  2         3.81196300
6   -------  d-ul potential  ----------
      35.84850700  2         7.75433600
      53.72434200  2         7.72028100
      10.11525600  2         4.97026400
      14.83373100  2         4.56378900
     -12.20989200  2         3.88751200
     -16.19029100  2         3.81196300
2   -------  f-ul potential  ----------
      12.20989200  2         3.88751200
      16.19029100  2         3.81196300
$END

$ECP
BI-ECP GEN     60     3
4   -------  s-ul potential  ----------
     283.26422700  2        13.04309000
      62.47195900  2         8.22168200
     -13.71338300  2         4.21454600
     -18.19430800  2         4.13340000
6   -------  p-ul potential  ----------
      72.00149900  2        10.46777700
     144.00227700  2         9.11890100
       5.00794500  2         6.75479100
       9.99155000  2         6.25259200
     -13.71338300  2         4.21454600
     -18.19430800  2         4.13340000
6   -------  d-ul potential  ----------
      36.39625900  2         8.08147400
      54.59766400  2         7.89059500
       9.98429400  2         4.95555600
      14.98148500  2         4.70455900
     -13.71338300  2         4.21454600
     -18.19430800  2         4.13340000
2   -------  f-ul potential  ----------
      13.71338300  2         4.21454600
      18.19430800  2         4.13340000
$END

$ECP
PO-ECP GEN     60     3
6   -------  s-ul potential  ----------
     283.24470600  2        13.27722700
      62.39646100  2         8.39951800
     -17.42829500  2         5.01327000
     -23.38035300  2         4.98464000
      -0.16339200  2         1.32676000
      -0.32456600  2         1.52875800
8   -------  p-ul potential  ----------
      71.99171600  2        10.66568200
     143.97187100  2         9.28375300
       4.94961500  2         6.87274900
       9.74049900  2         6.32615000
     -17.42829500  2         5.01327000
     -23.38035300  2         4.98464000
      -0.16339200  2         1.32676000
      -0.32456600  2         1.52875800
8   -------  d-ul potential  ----------
      36.37838300  2         8.21486600
      54.56271500  2         8.00869600
       9.88949900  2         5.05522700
      14.69387700  2         4.78255300
     -17.42829500  2         5.01327000
     -23.38035300  2         4.98464000
      -0.16339200  2         1.32676000
      -0.32456600  2         1.52875800
4   -------  f-ul potential  ----------
      17.42829500  2         5.01327000
      23.38035300  2         4.98464000
       0.16339200  2         1.32676000
       0.32456600  2         1.52875800
$END

$ECP
AT-ECP GEN     60     3
7   -------  s-ul potential  ----------
      49.95715800  2        30.20083200
     283.21037100  2        13.61230600
      62.28105200  2         8.52934000
     -19.87019800  2         5.81216300
     -26.41645200  2         5.75371500
      -0.99497000  2         2.51347200
      -1.49070100  2         2.53626100
8   -------  p-ul potential  ----------
      71.98237100  2        10.85406500
     143.90353200  2         9.46822900
       4.87175900  2         7.03111400
       8.98305900  2         6.14385800
     -19.87019800  2         5.81216300
     -26.41645200  2         5.75371500
      -0.99497000  2         2.51347200
      -1.49070100  2         2.53626100
8   -------  d-ul potential  ----------
      36.36323700  2         8.31351500
      54.54897000  2         7.99896500
       9.77628500  2         5.17996600
      14.26475500  2         4.94222600
     -19.87019800  2         5.81216300
     -26.41645200  2         5.75371500
      -0.99497000  2         2.51347200
      -1.49070100  2         2.53626100
4   -------  f-ul potential  ----------
      19.87019800  2         5.81216300
      26.41645200  2         5.75371500
       0.99497000  2         2.51347200
       1.49070100  2         2.53626100
$END

$ECP
RN-ECP GEN     60     3
7   -------  s-ul potential  ----------
      49.96555100  2        30.15124200
     283.07000000  2        14.52124100
      62.00287000  2         8.05203800
     -21.79729000  2         6.34857100
     -28.94680500  2         6.29594900
      -1.44736500  2         2.88211800
      -2.17796400  2         2.90804800
8   -------  p-ul potential  ----------
      71.96911900  2        11.00994200
     143.86055900  2         9.61762500
       4.71476100  2         7.33600800
       9.01306500  2         6.40625300
     -21.79729000  2         6.34857100
     -28.94680500  2         6.29594900
      -1.44736500  2         2.88211800
      -2.17796400  2         2.90804800
8   -------  d-ul potential  ----------
      36.36836500  2         8.36922000
      54.55176100  2         8.11697500
       9.63448700  2         5.35365600
      14.38790200  2         5.09721200
     -21.79729000  2         6.34857100
     -28.94680500  2         6.29594900
      -1.44736500  2         2.88211800
      -2.17796400  2         2.90804800
4   -------  f-ul potential  ----------
      21.79729000  2         6.34857100
      28.94680500  2         6.29594900
       1.44736500  2         2.88211800
       2.17796400  2         2.90804800
$END
