----- Orbital basis set information -----
Your calculation utilizes the basis: def2-SVP
   F. Weigend and R. Ahlrichs, Phys. Chem. Chem. Phys. 7, 3297 (2005).

! -------------------------
!  BASIS SET IN INPUT FORMAT
! -------------------------

$DATA

HYDROGEN
 S 3 
   1     13.01070100000     0.01968215800
   2      1.96225720000     0.13796524000
   3      0.44453796000     0.47831935000
 S 1 
   1      0.12194962000     1.00000000000
 P 1 
   1      0.80000000000     1.00000000000

HELIUM
 S 3 
   1     38.35493673700     0.02381428890
   2      5.76890814790     0.15490906780
   3      1.23994070350     0.46998096630
 S 1 
   1      0.29757815950     1.00000000000
 P 1 
   1      1.00000000000     1.00000000000

LITHIUM
 S 5 
   1    266.27785516000     0.00649201500
   2     40.06978344700     0.04774786320
   3      9.05599443890     0.20268796110
   4      2.45030090510     0.48606574820
   5      0.72209571850     0.43626977960
 S 1 
   1      0.05281088470     1.00000000000
 S 1 
   1      0.02096094880     1.00000000000
 P 2 
   1      1.45000000000     0.25860000000
   2      0.30000000000     1.00000000000
 P 1 
   1      0.08200000000     1.00000000000

BERYLLIUM
 S 5 
   1    515.18616125000     0.00556153080
   2     77.51103759500     0.04119006810
   3     17.55248169300     0.17913378110
   4      4.80289405960     0.44736716450
   5      1.45162143160     0.42009581920
 S 1 
   1      0.13281633620     1.00000000000
 S 1 
   1      0.04583737220     1.00000000000
 P 3 
   1      3.63169171450    -0.02903399830
   2      0.71695694370    -0.16877854030
   3      0.19541932860    -0.51403419630
 P 1 
   1      0.06051546590     1.00000000000

BORON
 S 5 
   1    839.31830086000    -0.00559292010
   2    126.26464843000    -0.04156552080
   3     28.62060076300    -0.18299816980
   4      7.87937227100    -0.46540391870
   5      2.40888571720    -0.44173884790
 S 1 
   1      0.25105109040     1.00000000000
 S 1 
   1      0.08364886610     1.00000000000
 P 3 
   1      6.03322236190    -0.03560367250
   2      1.24991578660    -0.19895775770
   3      0.33871676350    -0.50850202620
 P 1 
   1      0.09641563240     1.00000000000
 D 1 
   1      0.50000000000     1.00000000000

CARBON
 S 5 
   1   1238.40169380000     0.00545688320
   2    186.29004992000     0.04063840920
   3     42.25117634600     0.18025593890
   4     11.67655793200     0.46315121750
   5      3.59305064820     0.44087173310
 S 1 
   1      0.40245147360     1.00000000000
 S 1 
   1      0.13090182670     1.00000000000
 P 3 
   1      9.46809706210     0.03838787170
   2      2.01035451420     0.21117025110
   3      0.54771004710     0.51328172110
 P 1 
   1      0.15268613790     1.00000000000
 D 1 
   1      0.80000000000     1.00000000000

NITROGEN
 S 5 
   1   1712.84158530000    -0.00539341250
   2    257.64812677000    -0.04022158110
   3     58.45824585300    -0.17931144990
   4     16.19836790500    -0.46376317820
   5      5.00526008090    -0.44171422660
 S 1 
   1      0.58731856570     1.00000000000
 S 1 
   1      0.18764592250     1.00000000000
 P 3 
   1     13.57147023300    -0.04007239890
   2      2.92573728740    -0.21807045030
   3      0.79927750750    -0.51294466050
 P 1 
   1      0.21954348030     1.00000000000
 D 1 
   1      1.00000000000     1.00000000000

OXYGEN
 S 5 
   1   2266.17677850000    -0.00534318100
   2    340.87010191000    -0.03989003920
   3     77.36313516700    -0.17853911990
   4     21.47964494000    -0.46427684960
   5      6.65894331240    -0.44309745170
 S 1 
   1      0.80975975670     1.00000000000
 S 1 
   1      0.25530772230     1.00000000000
 P 3 
   1     17.72150431700     0.04339457320
   2      3.86355054400     0.23094120770
   3      1.04809208830     0.51375311060
 P 1 
   1      0.27641544410     1.00000000000
 D 1 
   1      1.20000000000     1.00000000000

FLUORINE
 S 5 
   1   2894.83259900000    -0.00534082560
   2    435.41939120000    -0.03990425890
   3     98.84332886600    -0.17912768040
   4     27.48519800100    -0.46758090820
   5      8.54054981710    -0.44653131020
 S 1 
   1      1.06545780380     1.00000000000
 S 1 
   1      0.33247346750     1.00000000000
 P 3 
   1     22.69663392400    -0.04521287440
   2      4.98723392570    -0.23754317070
   3      1.34916139540    -0.51287353590
 P 1 
   1      0.34829881980     1.00000000000
 D 1 
   1      1.40000000000     1.00000000000

NEON
 S 5 
   1   3598.97366250000    -0.00532592970
   2    541.32073112000    -0.03981741800
   3    122.90450062000    -0.17914358190
   4     34.21661702200    -0.46893582980
   5     10.65058412400    -0.44782537580
 S 1 
   1      1.35459539600     1.00000000000
 S 1 
   1      0.41919362640     1.00000000000
 P 3 
   1     28.42405378500    -0.04603194480
   2      6.28225109530    -0.23993183040
   3      1.69787150790    -0.50871724960
 P 1 
   1      0.43300700170     1.00000000000
 D 1 
   1      1.88800000000     1.00000000000

SODIUM
 S 5 
   1   4098.20039080000    -0.00585359120
   2    616.49374031000    -0.04364716190
   3    139.96644001000    -0.19431465880
   4     39.07344105100    -0.48685065730
   5     11.92984720500    -0.41881705140
 S 3 
   1     20.65996603000     0.08594968990
   2      1.98388609780    -0.56359144040
   3      0.64836323940    -0.51954009050
 S 1 
   1      0.05244396740     1.00000000000
 S 1 
   1      0.02804816070     1.00000000000
 P 5 
   1     75.40186201700     0.01543536250
   2     17.27481897800     0.09973829320
   3      5.18423474250     0.31209593970
   4      1.66012119730     0.49295674810
   5      0.51232528960     0.32420398320
 P 1 
   1      0.05200000000     1.00000000000
 D 1 
   1      0.13100000000     1.00000000000

MAGNESIUM
 S 5 
   1   4953.83391960000    -0.00577789670
   2    745.18044154000    -0.04312476110
   3    169.21604972000    -0.19268216990
   4     47.30067201900    -0.48641439120
   5     14.46133697300    -0.42550894080
 S 3 
   1     24.76817478900     0.08795697000
   2      2.49409453490    -0.55165058130
   3      0.87807584530    -0.53443294830
 S 1 
   1      0.08721278250     1.00000000000
 S 1 
   1      0.03359929380     1.00000000000
 P 5 
   1     98.05301049400    -0.01448056460
   2     22.58693227700    -0.09549575080
   3      6.83915098420    -0.30787672650
   4      2.23328438180    -0.49936292890
   5      0.71606599390    -0.31503476210
 P 1 
   1      0.18914796190     1.00000000000
 P 1 
   1      0.05376875520     1.00000000000
 D 1 
   1      0.10100000000     1.00000000000

ALUMINUM
 S 5 
   1   5887.57270300000     0.00134833480
   2    885.61225996000     0.01007157680
   3    201.13604899000     0.04513245410
   4     56.28497467400     0.11461268040
   5     17.22955124300     0.10159608940
 S 3 
   1     29.34024992200     0.06934745420
   2      3.04396304200    -0.42528117680
   3      1.12855395180    -0.41449832210
 S 1 
   1      0.14234175160     1.00000000000
 S 1 
   1      0.05440019230     1.00000000000
 P 5 
   1    145.11918809000     0.00639633730
   2     33.71789483300     0.04418936000
   3     10.36986308300     0.15581575990
   4      3.51356160360     0.28635286950
   5      1.19800502730     0.22921423250
 P 1 
   1      0.26583005910     1.00000000000
 P 1 
   1      0.07100336200     1.00000000000
 D 1 
   1      0.30000000000     1.00000000000

SILICON
 S 5 
   1   6903.71186860000     0.00133739630
   2   1038.43464190000     0.00999665460
   3    235.87581480000     0.04491016510
   4     66.06938516900     0.11463638540
   5     20.24794576100     0.10280063860
 S 3 
   1     34.35348173000     0.07083728500
   2      3.63707881920    -0.43028836250
   3      1.40020485990    -0.41382774970
 S 1 
   1      0.20484414810     1.00000000000
 S 1 
   1      0.07799409550     1.00000000000
 P 5 
   1    179.83907373000     0.00619166560
   2     41.90725884600     0.04339943200
   3     12.95529436700     0.15632019350
   4      4.43832673930     0.29419996980
   5      1.54622479040     0.23536823810
 P 1 
   1      0.35607612300     1.00000000000
 P 1 
   1      0.10008513760     1.00000000000
 D 1 
   1      0.35000000000     1.00000000000

PHOSPHOROUS
 S 5 
   1   8002.47951060000     0.00575034890
   2   1203.68135900000     0.04300762900
   3    273.44227031000     0.19363986250
   4     76.65554151700     0.49651693400
   5     23.51692743500     0.44983262480
 S 3 
   1     39.79168343900     0.09518812980
   2      4.27703433230    -0.57649840370
   3      1.69402568880    -0.54239583860
 S 1 
   1      0.27567674640     1.00000000000
 S 1 
   1      0.10495590100     1.00000000000
 P 5 
   1    219.50755823000     0.00921005650
   2     51.27415503000     0.06540976570
   3     15.92159589200     0.24033730280
   4      5.50699134810     0.46318321790
   5      1.95377194260     0.37392563380
 P 1 
   1      0.47803397930     1.00000000000
 P 1 
   1      0.13657952620     1.00000000000
 D 1 
   1      0.45000000000     1.00000000000

SULFUR
 S 5 
   1   9184.93030100000    -0.00222943880
   2   1381.51055030000    -0.01668302990
   3    313.87147580000    -0.07526243610
   4     88.05387062300    -0.19376827040
   5     27.03991490500    -0.17718020800
 S 3 
   1     45.64873130300    -0.10736062570
   2      4.96645223260     0.65066293020
   3      2.01162420470     0.59712155350
 S 1 
   1      0.35661077010     1.00000000000
 S 1 
   1      0.13507221480     1.00000000000
 P 5 
   1    261.98233439000    -0.00927299300
   2     61.30689473600    -0.06654766920
   3     19.10372988700    -0.24828595900
   4      6.65677203780    -0.48703847400
   5      2.39596351610    -0.39337850310
 P 1 
   1      0.61776161680     1.00000000000
 P 1 
   1      0.16993376870     1.00000000000
 D 1 
   1      0.55000000000     1.00000000000

CHLORINE
 S 5 
   1  10449.82756600000     0.00197083620
   2   1571.73652210000     0.01475472800
   3    357.12065523000     0.06667911290
   4    100.25185935000     0.17228924080
   5     30.81272755400     0.15883786100
 S 3 
   1     51.92378943400    -0.10009298910
   2      5.70457609750     0.60841752750
   3      2.35083768090     0.54352153350
 S 1 
   1      0.44605124670     1.00000000000
 S 1 
   1      0.16848856190     1.00000000000
 P 5 
   1    307.66790569000    -0.00878014840
   2     72.10201551500    -0.06356335550
   3     22.53268026200    -0.24016428280
   4      7.89917654440    -0.47798866560
   5      2.87672683210    -0.38515850010
 P 1 
   1      0.77459363960     1.00000000000
 P 1 
   1      0.21037699700     1.00000000000
 D 1 
   1      0.65000000000     1.00000000000

ARGON
 S 5 
   1  11797.11976500000     0.00202144800
   2   1774.35227530000     0.01513985270
   3    403.18875733000     0.06852540090
   4    113.24933999000     0.17762929210
   5     34.83529819300     0.16496495000
 S 3 
   1     58.61477504200    -0.10343394000
   2      6.49220450780     0.63133365900
   3      2.71170144030     0.54887572300
 S 1 
   1      0.54412974540     1.00000000000
 S 1 
   1      0.20517411140     1.00000000000
 P 5 
   1    356.28707256000    -0.00873217830
   2     83.59313286600    -0.06368031740
   3     26.18670402900    -0.24311906890
   4      9.22572759250    -0.48956069650
   5      3.39227549540    -0.39229190040
 P 1 
   1      0.94740534010     1.00000000000
 P 1 
   1      0.25659135060     1.00000000000
 D 1 
   1      0.69600000000     1.00000000000

POTASSIUM
 S 6 
   1  31478.74676400000     0.00398386540
   2   4726.88760660000     0.03050175980
   3   1075.43453530000     0.15073752620
   4    303.39811023000     0.51912939800
   5     98.32711283100     1.03669570050
   6     33.63622217700     0.76398963200
 S 3 
   1     65.63920996200    -0.28242617110
   2      7.31625922180     1.69149358600
   3      2.89025801350     1.29653319530
 S 3 
   1      4.54597489650    -0.00763435550
   2      0.70404124060     0.02563571900
   3      0.28266888960     0.01660685920
 S 1 
   1      0.02905816400     1.00000000000
 S 1 
   1      0.01211163820     1.00000000000
 P 5 
   1    361.22492154000     0.02090647980
   2     84.67022216600     0.15043641740
   3     26.46908823600     0.55440061080
   4      9.26580776150     1.04090099910
   5      3.34233882930     0.67825341190
 P 3 
   1      1.51008761040     0.75248191150
   2      0.56568375160     1.37085850310
   3      0.20817008500     0.66047633080
 P 1 
   1      0.04173700000     1.00000000000
 D 1 
   1      0.35300000000     1.00000000000
 D 1 
   1      0.09800000000     1.00000000000

CALCIUM
 S 6 
   1  35138.71392900000     0.00394825210
   2   5276.41113480000     0.03023424360
   3   1200.46925890000     0.14952019680
   4    338.71810542000     0.51597345710
   5    109.85385922000     1.03395102960
   6     37.60888029900     0.76937933530
 S 3 
   1     73.10797755500    -0.28268525010
   2      8.24077056880     1.67960921420
   3      3.29598129930     1.28037660160
 S 3 
   1      5.23418009140    -0.00768686050
   2      0.84187220520     0.02538237600
   3      0.36510294030     0.01651217150
 S 1 
   1      0.05122240290     1.00000000000
 S 1 
   1      0.01982511140     1.00000000000
 P 5 
   1    413.11313893000     0.02032713540
   2     96.93578622400     0.14730276360
   3     30.37215465900     0.54887167320
   4     10.68477683000     1.04406598180
   5      3.88212583500     0.68653490680
 P 3 
   1      1.79930162950     0.75410246870
   2      0.69189056530     1.34092965990
   3      0.26364024100     0.56391989440
 P 1 
   1      0.07497900000     1.00000000000
 D 3 
   1      5.49790938790     0.07377001140
   2      1.31771280320     0.26052853170
   3      0.32188682650     0.45233836380
 D 1 
   1      0.07052861490     1.00000000000

SCANDIUM
 S 6 
   1  38956.08180400000     0.00392932060
   2   5849.57336370000     0.03009322120
   3   1330.88131540000     0.14890370950
   4    375.55534165000     0.51464282910
   5    121.87261370000     1.03377080700
   6     41.76024372900     0.77436851630
 S 3 
   1     81.06063395300    -0.28318552320
   2      9.20598239720     1.67708069840
   3      3.70632157320     1.25947336780
 S 3 
   1      5.98889099880    -0.00778213670
   2      0.97363432380     0.02549969270
   3      0.42041019220     0.01619156080
 S 1 
   1      0.05944055190     1.00000000000
 S 1 
   1      0.02289780630     1.00000000000
 P 5 
   1    466.31481262000     0.01998430040
   2    109.51217097000     0.14561043070
   3     34.37592182700     0.54687466220
   4     12.14209695500     1.04790060120
   5      4.43367676690     0.68894890330
 P 3 
   1      2.09712918660     0.75619214720
   2      0.80977606960     1.31782122350
   3      0.30834046590     0.54312268170
 D 4 
   1     19.24033492800     0.02703908210
   2      5.11789958990     0.13803684740
   3      1.65542788270     0.34869086400
   4      0.54016355610     0.48594185720
 D 1 
   1      0.16211214520     0.34374449690
 P 1 
   1      0.08974800000     1.00000000000
 F 1 
   1      0.34500000000     1.00000000000

TITANIUM
 S 6 
   1  42961.51218500000     0.00391276350
   2   6450.97591690000     0.02996982050
   3   1467.72109150000     0.14836352710
   4    414.20997355000     0.51347285320
   5    134.48715840000     1.03353654830
   6     46.12220979600     0.77854233930
 S 3 
   1     89.44776254300    -0.28385401260
   2     10.22334606000     1.67727853330
   3      4.13537742710     1.24119284560
 S 3 
   1      6.78961814520    -0.00783999950
   2      1.11067306910     0.02549549300
   3      0.47565975580     0.01606117290
 S 1 
   1      0.06598695690     1.00000000000
 S 1 
   1      0.02521034230     1.00000000000
 P 5 
   1    522.03684782000     0.01975417960
   2    122.68649489000     0.14460677620
   3     38.57290361100     0.54669004170
   4     13.67216931900     1.05316475400
   5      5.01185293590     0.69111213360
 P 3 
   1      2.41319282820     0.75803437140
   2      0.93252270050     1.30362413990
   3      0.35429058390     0.53638653300
 D 4 
   1     23.46512595700     0.02653638010
   2      6.33325938320     0.13796453960
   3      2.07664899460     0.35312644230
   4      0.69027361950     0.48647124170
 D 1 
   1      0.21088738550     0.33026314260
 P 1 
   1      0.10156100000     1.00000000000
 F 1 
   1      0.56200000000     1.00000000000

VANADIUM
 S 6 
   1  47160.37606000000     0.00144986890
   2   7081.41108710000     0.01110643530
   3   1611.16212230000     0.05500542360
   4    454.72940551000     0.19060252590
   5    147.71321208000     0.38435022960
   6     50.69953895000     0.29095546790
 S 3 
   1     98.26249266900    -0.10942337860
   2     11.29429309900     0.64539490400
   3      4.58533601050     0.47117880780
 S 3 
   1      7.63596895880    -0.22454949050
   2      1.25398366890     0.72594852760
   3      0.53271935390     0.45560582750
 S 1 
   1      0.07224623960     1.00000000000
 S 1 
   1      0.02735808740     1.00000000000
 P 5 
   1    580.55044988000     0.00973151110
   2    136.52341127000     0.07153124110
   3     42.98395882000     0.27197688410
   4     15.28279876300     0.52618988890
   5      5.62024951540     0.34452533500
 P 3 
   1      2.74853864150     0.34040396500
   2      1.06185500730     0.57983996120
   3      0.40235518650     0.23911643080
 D 4 
   1     27.35843401700     0.02664192700
   2      7.45406042530     0.13995311730
   3      2.46339178470     0.35751066640
   4      0.82480925280     0.48488354150
 D 1 
   1      0.25257904740     0.32332844990
 P 1 
   1      0.11124800000     1.00000000000
 F 1 
   1      0.83100000000     1.00000000000

CHROMIUM
 S 6 
   1  51528.08634900000     0.00144058230
   2   7737.21034870000     0.01103620230
   3   1760.37484700000     0.05467665180
   4    496.87706544000     0.18965038100
   5    161.46520598000     0.38295412850
   6     55.46635226800     0.29090050670
 S 3 
   1    107.54732999000    -0.10932281100
   2     12.40867189700     0.64472599470
   3      5.04236288260     0.46262712560
 S 3 
   1      8.54616401650    -0.22711013290
   2      1.39004412210     0.73301527590
   3      0.56066602880     0.44225565430
 S 1 
   1      0.07148370600     1.00000000000
 S 1 
   1      0.02825068760     1.00000000000
 P 5 
   1    640.48536096000     0.00961267150
   2    150.69711194000     0.07088983470
   3     47.50375529600     0.27065258990
   4     16.93412016500     0.52437343410
   5      6.24096805900     0.34107994710
 P 3 
   1      3.08854632060     0.33973986900
   2      1.17910477690     0.57272062930
   3      0.43369774430     0.24582728210
 D 4 
   1     27.55947942600     0.03061248800
   2      7.46870203270     0.15593270940
   3      2.43459035740     0.36984421280
   4      0.78244754810     0.47071118080
 D 1 
   1      0.21995774310     0.33941649890
 P 1 
   1      0.12067500000     1.00000000000
 F 1 
   1      1.14700000000     1.00000000000

MANGANESE
 S 6 
   1  56137.00903700000     0.00143213050
   2   8429.20639430000     0.01097250920
   3   1917.82772330000     0.05438246870
   4    541.36230198000     0.18884335130
   5    176.00069142000     0.38198025050
   6     60.50047701000     0.29156772600
 S 3 
   1    117.17282882000    -0.10933661330
   2     13.59697336800     0.64305039430
   3      5.54839963410     0.45848970580
 S 3 
   1      9.46628535300    -0.22538977260
   2      1.55950060700     0.72307758660
   3      0.65230205870     0.45300721540
 S 1 
   1      0.08400373450     1.00000000000
 S 1 
   1      0.03125609860     1.00000000000
 P 5 
   1    706.00497535000     0.00950555180
   2    166.19728820000     0.07035627110
   3     52.45206190600     0.27005556980
   4     18.74693286200     0.52574344600
   5      6.92829916220     0.34254033220
 P 3 
   1      3.47722049380     0.33994073740
   2      1.34069064490     0.57203836250
   3      0.50498803040     0.23847605830
 D 4 
   1     35.42326493500     0.02698530410
   2      9.78142214510     0.14383458650
   3      3.26734887670     0.36418958380
   4      1.10264721890     0.48152670660
 D 1 
   1      0.33743205930     0.31458754360
 P 1 
   1      0.12765000000     1.00000000000
 F 1 
   1      1.32600000000     1.00000000000

IRON
 S 6 
   1  60923.64064300000     0.00143022540
   2   9147.88939820000     0.01095879000
   3   2081.35059270000     0.05433255420
   4    587.55977067000     0.18884995010
   5    191.09043990000     0.38253069950
   6     65.73273011200     0.29308335980
 S 3 
   1    127.25891928000    -0.10964564930
   2     14.83091301000     0.64387631330
   3      6.06533074080     0.45472347320
 S 3 
   1     10.44994371000    -0.22539639950
   2      1.72452280030     0.72164398160
   3      0.71772177320     0.44985492920
 S 1 
   1      0.09144982830     1.00000000000
 S 1 
   1      0.03370669100     1.00000000000
 P 5 
   1    773.43750995000     0.00943257350
   2    182.15149714000     0.07002962060
   3     57.54727275800     0.26993652000
   4     20.61498893500     0.52700011050
   5      7.63485578900     0.34284148030
 P 3 
   1      3.87193279900     0.33974402990
   2      1.49247241320     0.56842594010
   3      0.56061284960     0.23649365840
 D 4 
   1     38.96813341900     0.02787966440
   2     10.80006707800     0.14858319980
   3      3.61364579990     0.36905479500
   4      1.21299678880     0.47745100880
 D 1 
   1      0.36524393170     0.31418142300
 P 1 
   1      0.13491500000     1.00000000000
 F 1 
   1      1.59800000000     1.00000000000

COBALT
 S 6 
   1  65902.20825700001     0.00142846150
   2   9895.38960270000     0.01094607280
   3   2251.43057890000     0.05428595390
   4    635.61097084000     0.18885179080
   5    206.78820681000     0.38301634990
   6     71.17924297100     0.29443551270
 S 3 
   1    137.77268040000    -0.10990221740
   2     16.11807924300     0.64455537390
   3      6.60303277100     0.45116787920
 S 3 
   1     11.47991578800    -0.22593846910
   2      1.89564263240     0.72231409010
   3      0.78466232070     0.44903812300
 S 1 
   1      0.09842577440     1.00000000000
 S 1 
   1      0.03594574190     1.00000000000
 P 5 
   1    843.64358575000     0.00938660970
   2    198.76386994000     0.06988020870
   3     62.85496309800     0.27037070350
   4     22.56284228000     0.52904786880
   5      8.37132091270     0.34357029580
 P 3 
   1      4.28587198000     0.34027999040
   2      1.65080418170     0.56693392380
   3      0.61834231100     0.23617979780
 D 4 
   1     42.92786761200     0.02848778840
   2     11.94253305300     0.15206951280
   3      4.00464956640     0.37310914000
   4      1.34131938040     0.47549837680
 D 1 
   1      0.40015009740     0.31346831420
 P 1 
   1      0.14130800000     1.00000000000
 F 1 
   1      1.90300000000     1.00000000000

NICKEL
 S 6 
   1  71074.80321100001     0.00142603870
   2  10672.02094100000     0.01092823700
   3   2428.13890070000     0.05421262690
   4    685.53595148000     0.18874768900
   5    223.10072863000     0.38324616980
   6     76.84201404200     0.29550637140
 S 3 
   1    148.71122016000    -0.11014443060
   2     17.45915498700     0.64521426990
   3      7.16252806650     0.44797838100
 S 3 
   1     12.55613712500    -0.22645403220
   2      2.07357404880     0.72320959290
   3      0.85382640600     0.44868026480
 S 1 
   1      0.10536766270     1.00000000000
 S 1 
   1      0.03813408770     1.00000000000
 P 5 
   1    916.73608662000     0.00934396360
   2    216.06139913000     0.06973737490
   3     68.38391481700     0.27073495010
   4     24.59384395200     0.53078301550
   5      9.13929602040     0.34410229440
 P 3 
   1      4.71933717460     0.34076082020
   2      1.81618492340     0.56580169610
   3      0.67840750720     0.23616717360
 D 4 
   1     47.09383210800     0.02898231690
   2     13.14646397500     0.15494995950
   3      4.41705489250     0.37633115110
   4      1.47715650780     0.47365096010
 D 1 
   1      0.43735921790     0.31247837830
 P 1 
   1      0.14658800000     1.00000000000
 F 1 
   1      2.17400000000     1.00000000000

COPPER
 S 6 
   1  76381.34805600000     0.00143360800
   2  11468.77749900000     0.01098674990
   3   2609.42464950000     0.05451365250
   4    736.75033098000     0.18990128260
   5    239.82419958000     0.38581959210
   6     82.65682925200     0.29790607500
 S 3 
   1    160.13544196000    -0.11146778570
   2     18.83417769500     0.65349301030
   3      7.71765957410     0.44770534420
 S 3 
   1     13.71084671700    -0.22870911120
   2      2.23498956700     0.73464423030
   3      0.87818360070     0.43273070870
 S 1 
   1      0.08718745810     1.00000000000
 S 1 
   1      0.03296911470     1.00000000000
 P 5 
   1    991.24075782000     0.00938784990
   2    233.69376116000     0.07020828250
   3     74.02093092700     0.27323522220
   4     26.66496744700     0.53580792730
   5      9.91920874780     0.34575794910
 P 3 
   1      5.15195539260     0.34229108080
   2      1.96382058280     0.56456592480
   3      0.71560097040     0.24078584320
 D 4 
   1     47.33504959000     0.03237554780
   2     13.16166607700     0.16810218680
   3      4.36937772440     0.38477707980
   4      1.41329251090     0.46147880180
 D 1 
   1      0.38878001450     0.32388873260
 P 1 
   1      0.15506500000     1.00000000000
 F 1 
   1      2.23300000000     1.00000000000

ZINC
 S 6 
   1  82000.71162900000     0.00142107640
   2  12312.47177700000     0.01089149950
   3   2801.39441930000     0.05405718810
   4    790.99424302000     0.18847463900
   5    257.56551079000     0.38346549350
   6     88.81493340000     0.29723794200
 S 3 
   1    171.86353716000    -0.11051849520
   2     20.30253478500     0.64607716980
   3      8.34641230680     0.44220117320
 S 3 
   1     14.84753694000    -0.22705309280
   2      2.44950295070     0.72433217940
   3      0.99845821820     0.44836495590
 S 1 
   1      0.11891307940     1.00000000000
 S 1 
   1      0.04229742880     1.00000000000
 P 5 
   1   1071.51853720000     0.00927677970
   2    252.69712152000     0.06954114940
   3     80.10082912600     0.27156772560
   4     28.90339317200     0.53401355570
   5     10.76889987900     0.34501323450
 P 3 
   1      5.64462125300     0.34129600160
   2      2.16782913470     0.56390521970
   3      0.80540898340     0.23676109740
 D 4 
   1     56.08893919100     0.02958886910
   2     15.75190891700     0.15872571400
   3      5.31158123670     0.37976229160
   4      1.77379049170     0.46898959170
 D 1 
   1      0.51975583670     0.30907149080
 P 1 
   1      0.16245500000     1.00000000000
 F 1 
   1      2.61400000000     1.00000000000

GALLIUM
 S 6 
   1  87842.12629600000     0.00142715890
   2  13189.49640200000     0.01093889410
   3   3000.94821410000     0.05430820010
   4    847.38425966000     0.18951055980
   5    276.00980642000     0.38615185920
   6     95.21667207100     0.30051082720
 S 3 
   1    184.00703968000    -0.11124461960
   2     21.82705143300     0.64831322920
   3      9.00269637610     0.44358383590
 S 3 
   1     16.03317693800    -0.23014299560
   2      2.67077248780     0.72946861520
   3      1.12528341700     0.46214976950
 S 1 
   1      0.15967608830     1.00000000000
 S 1 
   1      0.05764304480     1.00000000000
 P 5 
   1   1167.26658440000     0.00909740210
   2    275.38062789000     0.06845627330
   3     87.37507307000     0.26922293890
   4     31.59725467000     0.53507897880
   5     11.82412279800     0.35279062760
 P 3 
   1      6.28818451330     0.33938244530
   2      2.51998532400     0.56871947610
   3      1.01697263060     0.27717694940
 P 1 
   1      0.24748373600     1.00000000000
 P 1 
   1      0.06668529420     1.00000000000
 D 4 
   1     65.35423767400     0.02737014640
   2     18.50465674700     0.15099463980
   3      6.31796206320     0.37485328550
   4      2.16413894260     0.47510606850
 D 1 
   1      0.66693092750     0.29843287400
 D 1 
   1      0.20700000000     1.00000000000

GERMANIUM
 S 6 
   1  93889.83664199999     0.00142339760
   2  14097.49752800000     0.01091079570
   3   3207.54773090000     0.05418370590
   4    905.76727269000     0.18922820350
   5    295.11014693000     0.38612847000
   6    101.84713141000     0.30164050740
 S 3 
   1    196.56719662000    -0.11118770940
   2     23.40529252200     0.64616007370
   3      9.68391167020     0.44188904570
 S 3 
   1     17.26973654400    -0.23027421380
   2      2.89646221600     0.73017169400
   3      1.25536214120     0.46197222250
 S 1 
   1      0.20213081490     1.00000000000
 S 1 
   1      0.07386791100     1.00000000000
 P 5 
   1   1259.20859950000     0.00901154640
   2    297.15626382000     0.06798684170
   3     94.35338752200     0.26853856490
   4     34.17632967700     0.53659649220
   5     12.81613961500     0.35633514960
 P 3 
   1      6.84710297840     0.33900693120
   2      2.77173639390     0.56809365260
   3      1.14584181750     0.27246539880
 P 1 
   1      0.30679631540     1.00000000000
 P 1 
   1      0.08928364410     1.00000000000
 D 4 
   1     74.78216817700     0.02575586020
   2     21.31084975900     0.14536816130
   3      7.34647923630     0.37134209860
   4      2.56562713950     0.48002998440
 D 1 
   1      0.81981773070     0.28978790740
 D 1 
   1      0.24600000000     1.00000000000

ARSENIC
 S 6 
   1  100146.52554000000     0.00142583500
   2  15036.86171100000     0.01093017700
   3   3421.29028330000     0.05429417460
   4    966.16965717000     0.18976078150
   5    314.87394026000     0.38775195450
   6    108.70823790000     0.30402812040
 S 3 
   1    209.54238950000    -0.11162094200
   2     25.03822113900     0.64697607760
   3     10.39096434300     0.44223608670
 S 3 
   1     18.55509009300    -0.22994190570
   2      3.12812174490     0.73319107610
   3      1.38848850730     0.45533653940
 S 1 
   1      0.24714362140     1.00000000000
 S 1 
   1      0.09142942870     1.00000000000
 P 5 
   1   1355.64435070000     0.00891825080
   2    319.99929270000     0.06745475070
   3    101.67734092000     0.26759772110
   4     36.88632384500     0.53776844520
   5     13.86111590900     0.35992570240
 P 3 
   1      7.42606669120     0.34036849640
   2      3.03162471870     0.57030149330
   3      1.27830783400     0.26606170240
 P 1 
   1      0.37568503360     1.00000000000
 P 1 
   1      0.11394805450     1.00000000000
 D 4 
   1     84.44551453900     0.02451840270
   2     24.19041610200     0.14107454680
   3      8.40450151190     0.36875228920
   4      2.98089707480     0.48409561360
 D 1 
   1      0.97909243360     0.28250268780
 D 1 
   1      0.29300000000     1.00000000000

SELENIUM
 S 6 
   1  106612.20027000000     0.00142748890
   2  16007.60470100000     0.01094352510
   3   3642.16997070000     0.05437417160
   4   1028.59129930000     0.19018092950
   5    335.30298888000     0.38913021700
   6    115.80129154000     0.30620207090
 S 3 
   1    222.93325020000    -0.11198808010
   2     26.72625793400     0.64752124210
   3     11.12450192300     0.44241976650
 S 3 
   1     19.88852006100    -0.22857227760
   2      3.36684738030     0.73591359950
   3      1.52492778390     0.44330199580
 S 1 
   1      0.29630037910     1.00000000000
 S 1 
   1      0.11009288970     1.00000000000
 P 5 
   1   1455.90681200000     0.00882035970
   2    343.75101831000     0.06687585200
   3    109.29554964000     0.26640578080
   4     39.70771102200     0.53834928420
   5     14.95018523200     0.36303281990
 P 3 
   1      8.02089620940     0.34153807020
   2      3.29346497560     0.57257906580
   3      1.40586024380     0.25549813220
 P 1 
   1      0.45076123230     1.00000000000
 P 1 
   1      0.13353413320     1.00000000000
 D 4 
   1     94.49402404400     0.02349010110
   2     27.18818526000     0.13747735770
   3      9.50915673520     0.36649929120
   4      3.41705168530     0.48750989880
 D 1 
   1      1.14795900830     0.27657943380
 D 1 
   1      0.33800000000     1.00000000000

BROMINE
 S 6 
   1  113286.38776000000     0.00142830380
   2  17009.62630300000     0.01095041750
   3   3870.18425670000     0.05442100660
   4   1093.03572270000     0.19047907690
   5    356.39721797000     0.39024642740
   6    123.12539643000     0.30814432510
 S 3 
   1    236.74084007000    -0.11228065670
   2     28.46866107000     0.64775962310
   3     11.88344372200     0.44235575990
 S 3 
   1     21.26963331200    -0.22642576320
   2      3.61292268410     0.73823712010
   3      1.66266489690     0.42683868690
 S 1 
   1      0.34823793230     1.00000000000
 S 1 
   1      0.13019031390     1.00000000000
 P 5 
   1   1560.28018810000     0.00871666690
   2    368.47859205000     0.06624363740
   3    117.22978849000     0.26495610390
   4     42.64890924800     0.53839160590
   5     16.08722509600     0.36579387890
 P 3 
   1      8.63528100580     0.34248787370
   2      3.56136655020     0.57500678210
   3      1.52926266090     0.24330394170
 P 1 
   1      0.53064294850     1.00000000000
 P 1 
   1      0.15702758960     1.00000000000
 D 4 
   1    104.85518642000     0.02265014760
   2     30.28114368800     0.13455483230
   3     10.65139426700     0.36474454540
   4      3.86994562330     0.49044587060
 D 1 
   1      1.32408767620     0.27137289040
 D 1 
   1      0.38900000000     1.00000000000

KRYPTON
 S 6 
   1  120165.64874999999     0.00142942340
   2  18042.50016900000     0.01095959700
   3   4105.18003880000     0.05447964750
   4   1159.44472480000     0.19081239120
   5    378.13810346000     0.39140445950
   6    130.67610045000     0.31007346690
 S 3 
   1    250.96373353000    -0.11258604010
   2     30.26593038000     0.64816322520
   3     12.66811075700     0.44240238990
 S 3 
   1     22.69794010100    -0.22391964910
   2      3.86730173980     0.74060953030
   3      1.80137066710     0.40803658450
 S 1 
   1      0.40308639140     1.00000000000
 S 1 
   1      0.15170527750     1.00000000000
 P 5 
   1   1668.57366230000     0.00862150100
   2    394.13862798000     0.06566550690
   3    125.46644854000     0.26366576700
   4     45.70499272900     0.53867658570
   5     17.27013322900     0.36865167500
 P 3 
   1      9.26994877700     0.34346189020
   2      3.83646177190     0.57784776200
   3      1.64671633120     0.23075615200
 P 1 
   1      0.61479686490     1.00000000000
 P 1 
   1      0.18319467410     1.00000000000
 D 4 
   1    115.55868603000     0.02194548530
   2     33.47798586400     0.13211212880
   3     11.83445020700     0.36333306960
   4      4.34082548940     0.49300484450
 D 1 
   1      1.50792731570     0.26676858910
 D 1 
   1      0.44300000000     1.00000000000

RUBIDIUM
 S 3 
   1      4.66878850710     0.29008526790
   2      2.94424284200    -0.67740090430
   3      0.58171262990     0.45712389490
 S 1 
   1      0.45147933560     1.00000000000
 S 1 
   1      0.21604923530     1.00000000000
 S 1 
   1      0.03208881650     1.00000000000
 S 1 
   1      0.01383387820     1.00000000000
 P 4 
   1      5.52341794800     0.05123472950
   2      3.41201496460    -0.17337025650
   3      0.76899021790     0.43339683190
   4      0.33088071790     0.55354332720
 P 1 
   1      0.13423268440     1.00000000000
 P 1 
   1      0.02064267960     1.00000000000
 D 1 
   1      0.22600000000     1.00000000000
 D 1 
   1      0.02743228070     1.00000000000

STRONTIUM
 S 3 
   1      5.92764287670     0.19698765360
   2      3.06912748140    -0.64852205980
   3      0.70675488030     0.62064729020
 S 1 
   1      0.33824024280     1.00000000000
 S 1 
   1      0.06176886920     1.00000000000
 S 1 
   1      0.02576759310     1.00000000000
 P 4 
   1      2.43247200000    -0.37145059850
   2      1.66423400000     0.37856824230
   3      0.59455471860     0.59874487800
   4      0.26152622000     0.35314019510
 P 1 
   1      0.10258814040     1.00000000000
 P 1 
   1      0.03322340400     1.00000000000
 D 4 
   1      3.61808100000    -0.00750100000
   2      0.99665600000     0.10809800000
   3      0.39073500000     0.27854000000
   4      0.12277000000     0.47731800000
 D 1 
   1      0.03665500000     0.44818300000

YTTRIUM
 S 3 
   1      5.13295800000    -1.38648454570
   2      4.24019200000     1.94595811660
   3      1.29828000000     0.44182603150
 S 1 
   1      0.82904954350     1.00000000000
 S 1 
   1      0.34752758910     1.00000000000
 S 1 
   1      0.06841887860     1.00000000000
 S 1 
   1      0.02732399290     1.00000000000
 P 4 
   1      2.72792000000    -0.37249884910
   2      1.97905000000     0.32572066000
   3      0.79980886800     0.50094655500
   4      0.38409397350     0.44385929490
 P 1 
   1      0.16173582260     1.00000000000
 P 1 
   1      0.03000000000     1.00000000000
 D 4 
   1      3.90308330600    -0.00982097930
   2      1.13632343020     0.19183629660
   3      0.45617043880     0.40597788540
   4      0.17470950750     0.43861485520
 D 1 
   1      0.06197879660     1.00000000000
 F 1 
   1      0.26515000000     1.00000000000

ZIRCONIUM
 S 3 
   1      5.87378900000     0.54255558710
   2      4.28727000000    -0.95241333240
   3      1.46413700000    -0.13703926410
 S 1 
   1      0.83727682340     0.88521584390
 S 1 
   1      0.36849806510     1.00000000000
 S 1 
   1      0.07780685910     1.00000000000
 S 1 
   1      0.03027308830     1.00000000000
 P 4 
   1      2.87422400000    -0.46624086920
   2      2.11990100000     0.45883133890
   3      0.78845821110     0.58853912480
   4      0.36332579850     0.35822232240
 P 1 
   1      0.14951762020     1.00000000000
 P 1 
   1      0.03000000000     1.00000000000
 D 4 
   1      4.28986238780    -0.01221286810
   2      1.36155574980     0.19692423520
   3      0.56937550690     0.42057831660
   4      0.22674948680     0.42757028000
 D 1 
   1      0.08301103160     1.00000000000
 F 1 
   1      0.39261000000     1.00000000000

NIOBIUM
 S 3 
   1      6.56630100000    -0.94917907870
   2      4.58643800000     1.57363728830
   3      3.75377000000     0.36380422980
 S 1 
   1      0.84187717440     1.00000000000
 S 1 
   1      0.38160666180     1.00000000000
 S 1 
   1      0.08581991140     1.00000000000
 S 1 
   1      0.03270233040     1.00000000000
 P 4 
   1      3.07006300000    -0.51025115880
   2      2.23796400000     0.53570598020
   3      0.80801969670     0.63102216350
   4      0.35783343430     0.30205908940
 P 1 
   1      0.13820085280     1.00000000000
 P 1 
   1      0.03600000000     1.00000000000
 D 4 
   1      4.61709758670    -0.01357447700
   2      1.56634384800     0.20374310500
   3      0.66952425830     0.42997453100
   4      0.27140946870     0.41799754850
 D 1 
   1      0.10054426590     1.00000000000
 F 1 
   1      0.52270000000     1.00000000000

MOLYBDENUM
 S 3 
   1      7.20338000000    -0.89310617240
   2      5.05229500000     1.60740957560
   3      2.91353300000     0.27804186090
 S 1 
   1      0.97858218680     1.00000000000
 S 1 
   1      0.44369153750     1.00000000000
 S 1 
   1      0.09215009070     1.00000000000
 S 1 
   1      0.03480224690     1.00000000000
 P 4 
   1      3.15186600000    -0.71873040870
   2      2.45348200000     0.76442887870
   3      0.85030192180     0.64808585640
   4      0.36918237180     0.26792115230
 P 1 
   1      0.13490627460     1.00000000000
 P 1 
   1      0.03820000000     1.00000000000
 D 4 
   1      5.00444454970    -0.02158736490
   2      1.77368233240     0.20958680090
   3      0.76950591700     0.43730880600
   4      0.31530878940     0.41123927010
 D 1 
   1      0.11754374390     1.00000000000
 F 1 
   1      0.65545000000     1.00000000000

TECHNETIUM
 S 3 
   1      7.43440200000    -1.14362899730
   2      5.55132700000     1.87520005590
   3      3.02308600000     0.23952854430
 S 1 
   1      1.06474439900     1.00000000000
 S 1 
   1      0.48127808500     1.00000000000
 S 1 
   1      0.09829901700     1.00000000000
 S 1 
   1      0.03665997790     1.00000000000
 P 4 
   1      3.44900500000    -0.72277510430
   2      2.69273700000     0.76458962800
   3      0.94427370690     0.64533225170
   4      0.41348148620     0.27195668810
 P 1 
   1      0.15488152300     1.00000000000
 P 1 
   1      0.04030000000     1.00000000000
 D 4 
   1      5.09062686990    -0.03217640540
   2      2.01561785100     0.21280802540
   3      0.88113887240     0.44403309170
   4      0.36427094830     0.40796933080
 D 1 
   1      0.13678402300     1.00000000000
 F 1 
   1      0.79085000000     1.00000000000

RUTHENIUM
 S 3 
   1      7.93657000000    -1.17720833500
   2      5.98424500000     1.61970595920
   3      4.88222000000     0.51065807560
 S 1 
   1      1.10310021630     1.00000000000
 S 1 
   1      0.49818875260     1.00000000000
 S 1 
   1      0.10678711390     1.00000000000
 S 1 
   1      0.03919177590     1.00000000000
 P 4 
   1      3.75460900000    -0.70777873560
   2      2.91657100000     0.74954391480
   3      1.03222095680     0.64660609650
   4      0.45249553770     0.27029086820
 P 1 
   1      0.16987042200     1.00000000000
 P 1 
   1      0.04300000000     1.00000000000
 D 4 
   1      5.73418466190    -0.03526611160
   2      2.24836862940     0.21802502220
   3      0.98376978360     0.44709565010
   4      0.40379445580     0.40371732510
 D 1 
   1      0.14978618170     1.00000000000
 F 1 
   1      0.94314000000     1.00000000000

RHODIUM
 S 3 
   1      7.91774400000     1.40140420100
   2      6.84120700000    -1.79750726560
   3      2.95984000000    -0.16225754500
 S 1 
   1      1.31666434410     0.87495110710
 S 1 
   1      0.56907152170     1.00000000000
 S 1 
   1      0.10059695190     1.00000000000
 S 1 
   1      0.03707146080     1.00000000000
 P 4 
   1      4.13607900000    -0.55183328020
   2      2.94628100000     0.61370533520
   3      1.07924319240     0.64005434540
   4      0.46611217770     0.25958050760
 P 1 
   1      0.17453169990     1.00000000000
 P 1 
   1      0.04100000000     1.00000000000
 D 4 
   1      6.88471316410    -0.01596238800
   2      2.38373043910     0.23047555830
   3      1.01843840220     0.44075804030
   4      0.39957494640     0.39567662000
 D 1 
   1      0.13951120260     1.00000000000
 F 1 
   1      1.09499000000     1.00000000000

PALLADIUM
 S 3 
   1      8.47564000000     1.23923910760
   2      7.16571700000    -1.65631099700
   3      3.18211000000    -0.13178619060
 S 1 
   1      1.39736441960     1.00000000000
 S 1 
   1      0.60532955870     1.00000000000
 S 1 
   1      0.10229514210     1.00000000000
 S 1 
   1      0.03733897290     1.00000000000
 P 4 
   1      4.24609700000    -0.82324104970
   2      3.39259400000     0.87084659930
   3      1.19758912640     0.63512225790
   4      0.52673750590     0.27225338750
 P 1 
   1      0.20607094100     1.00000000000
 P 1 
   1      0.03700000000     1.00000000000
 D 4 
   1      7.36132909850    -0.01719988580
   2      2.62910372580     0.23313745280
   3      1.12927446340     0.44536385870
   4      0.44471659900     0.39293650410
 D 1 
   1      0.15544893840     1.00000000000
 F 1 
   1      1.24629000000     1.00000000000

SILVER
 S 3 
   1      9.08844200000    -1.98089187970
   2      7.54073100000     2.75545133470
   3      2.79400500000     0.22715408380
 S 1 
   1      1.49181358490     1.00000000000
 S 1 
   1      0.63579159440     1.00000000000
 S 1 
   1      0.10368414160     1.00000000000
 S 1 
   1      0.03746000440     1.00000000000
 P 4 
   1      4.45124000000    -0.99352103770
   2      3.67526300000     1.05005252370
   3      1.26106209050     0.64747532540
   4      0.54212477500     0.25621550720
 P 1 
   1      0.20221617030     1.00000000000
 P 1 
   1      0.04120000000     1.00000000000
 D 4 
   1      7.79566722920    -0.01704291240
   2      2.89265102380     0.23446154800
   3      1.24742732030     0.44765877530
   4      0.49313817670     0.39064954560
 D 1 
   1      0.17285032600     1.00000000000
 F 1 
   1      1.39711000000     1.00000000000

CADMIUM
 S 3 
   1      9.72701100000    -1.79300753160
   2      7.83752300000     2.61103189710
   3      5.08919400000     0.10748428950
 S 1 
   1      1.49817383270     1.00000000000
 S 1 
   1      0.67281383130     1.00000000000
 S 1 
   1      0.13297424870     1.00000000000
 S 1 
   1      0.04691509050     1.00000000000
 P 4 
   1      4.74271600000    -1.04119230510
   2      3.93665500000     1.10036823320
   3      1.35692431420     0.65366639410
   4      0.58791569540     0.24632369110
 P 1 
   1      0.21371239620     1.00000000000
 P 1 
   1      0.05160000000     1.00000000000
 D 4 
   1      7.86310408590    -0.02137623940
   2      3.29350591330     0.22596399570
   3      1.45036760250     0.45294402970
   4      0.59373316770     0.39218971960
 D 1 
   1      0.21760141520     1.00000000000
 F 1 
   1      1.59813000000     1.00000000000

INDIUM
 S 6 
   1    283.52297445000     0.00070132140
   2     23.32428210100    -0.09088743240
   3     16.86802684400     0.28096825180
   4      6.78664981370    -0.70697832450
   5      1.67825960160     0.98671644910
   6      0.78396870440     0.62568576300
 S 2 
   1      1.82766547750    -0.34151640250
   2      0.83753492530    -0.59696724330
 S 1 
   1      0.16643068970     1.00000000000
 S 1 
   1      0.06114374280     1.00000000000
 P 4 
   1     14.69919182600     0.09224804230
   2      8.87090380510    -0.32437029300
   3      1.13429058890     0.61162217020
   4      0.52667652430     0.17609640390
 P 1 
   1      2.32844336670     1.00000000000
 P 1 
   1      0.16859144930     1.00000000000
 P 1 
   1      0.05007038110     1.00000000000
 D 5 
   1     31.37865592600     0.00540070050
   2     18.29004632600    -0.01120855890
   3      3.25518945900     0.30384519160
   4      1.38748425840     0.54078109980
   5      0.54248962670     0.38232680040
 D 1 
   1      0.18000000000     1.00000000000

TIN
 S 6 
   1    375.95156177000     0.00152248840
   2     23.66181800800    -0.16776065030
   3     19.94628131500     0.33989090390
   4      6.82402704540    -0.84441791530
   5      1.87714887220     0.92646952850
   6      0.82033199230     0.53091094490
 S 2 
   1     10.34154988700    -0.00903311190
   2      1.36725241550     0.22980877710
 S 1 
   1      0.18314843820     1.00000000000
 S 1 
   1      0.06954722610     1.00000000000
 P 4 
   1     21.29359774800     0.03710321830
   2      8.81718424990    -0.32351709660
   3      1.23470283710     0.83846760900
   4      0.57869142620     0.23294977050
 P 1 
   1      2.50840502840     1.00000000000
 P 1 
   1      0.21298577720     1.00000000000
 P 1 
   1      0.06736458470     1.00000000000
 D 5 
   1     39.69302317700     0.00391857340
   2     20.85217927500    -0.00682100740
   3      3.69078327740     0.27938420490
   4      1.58494045300     0.52607409870
   5      0.62772693360     0.36149465350
 D 1 
   1      0.20500000000     1.00000000000

ANTIMONY
 S 6 
   1    372.76139166000     0.00158780570
   2     22.68947859600    -0.15027605580
   3     18.39154703700     0.35915813040
   4      7.64062714140    -0.74805091060
   5      1.90520002350     0.92017581660
   6      0.93007107770     0.46754079600
 S 2 
   1     10.58449698700    -0.01484533680
   2      1.46802427690     0.35289492030
 S 1 
   1      0.21621190030     1.00000000000
 S 1 
   1      0.08354630700     1.00000000000
 P 4 
   1     15.92655095000     0.13206950010
   2     10.05273923700    -0.41511149340
   3      1.26821837260     0.74197972630
   4      0.57196620930     0.15580772750
 P 1 
   1      2.61907512380     1.00000000000
 P 1 
   1      0.25183282650     1.00000000000
 P 1 
   1      0.08338912770     1.00000000000
 D 5 
   1     45.48506336000     0.00325564160
   2     18.50405961700    -0.00549529720
   3      3.91560323080     0.27988806350
   4      1.71421960090     0.51273377760
   5      0.69675478240     0.33288802740
 D 1 
   1      0.23060000000     1.00000000000

TELLURIUM
 S 6 
   1    396.47954659000     0.00263077310
   2     21.91977330900    -0.13203517070
   3     18.06127139000     0.36203197830
   4      8.14034632410    -0.75591120280
   5      2.07059987980     0.79192928400
   6      0.97715185090     0.40558342540
 S 2 
   1     11.26356384100    -0.01521298420
   2      1.61226960620     0.35202140520
 S 1 
   1      0.25095401700     1.00000000000
 S 1 
   1      0.09747845260     1.00000000000
 P 4 
   1     17.47950222100     0.11517799180
   2     10.43394317100    -0.41205302670
   3      1.36230247630     0.78760578080
   4      0.59239616260     0.15283299020
 P 1 
   1      2.79617376700     1.00000000000
 P 1 
   1      0.29766401030     1.00000000000
 P 1 
   1      0.09615109020     1.00000000000
 D 5 
   1     50.82183599100     0.00337634750
   2     18.88409537800    -0.00352214090
   3      4.25273046300     0.28254216060
   4      1.87575570920     0.52039372920
   5      0.77069282850     0.32213541690
 D 1 
   1      0.25000000000     1.00000000000

IODINE
 S 6 
   1    445.90489176000     0.00200372900
   2     23.33684241200    -0.14989397320
   3     19.58344610400     0.36436474910
   4      8.51120891860    -0.75538138200
   5      2.19961618610     0.82816359360
   6      1.06689704540     0.42161048110
 S 2 
   1     11.72054757200    -0.01616023450
   2      1.76259864490     0.35271525190
 S 1 
   1      0.28697476320     1.00000000000
 S 1 
   1      0.11227609610     1.00000000000
 P 4 
   1     20.49902725400     0.07715933570
   2     10.55875457600    -0.38370372780
   3      1.50158954850     0.83554174720
   4      0.64597173100     0.16787259490
 P 1 
   1      3.02886567710     1.00000000000
 P 1 
   1      0.34506591840     1.00000000000
 P 1 
   1      0.11134513810     1.00000000000
 D 5 
   1     51.23535492000     0.00403451300
   2     15.61623948200    -0.00507681090
   3      4.52660021390     0.29151065360
   4      2.05298087660     0.51145783600
   5      0.87640281620     0.31232025300
 D 1 
   1      0.30900000000     1.00000000000

XENON
 S 5 
   1   6420.24816560000     0.00025092170
   2    983.54530664000     0.00162519480
   3    219.43881364000     0.00460371060
   4     23.01258780700    -0.14698707180
   5     18.04832449000     0.57524870350
 S 2 
   1     11.75255016300     0.66038420160
   2      6.23909171990     0.38470524720
 S 1 
   1      2.62572113200     1.00000000000
 S 1 
   1      1.29050429430     1.00000000000
 S 1 
   1      0.36204185060     1.00000000000
 S 1 
   1      0.14069888090     1.00000000000
 P 3 
   1    193.81432545000     0.00095394800
   2     21.72522808600     0.05739335330
   3      9.88916056410    -0.27974266640
 P 4 
   1     13.96068382600    -0.05095015780
   2      4.09289470970     0.36669211800
   3      2.25468154600     0.72619456860
   4      1.15465961840     0.35555871740
 P 1 
   1      0.52321923130     1.00000000000
 P 1 
   1      0.21945569800     1.00000000000
 P 1 
   1      0.08615899680     1.00000000000
 D 6 
   1    135.60300038000     0.00081873540
   2     38.72706269200     0.00608976540
   3     15.37732808900    -0.00927829860
   4      5.26025376860     0.22890785590
   5      2.65906274240     0.44434407050
   6      1.29382051240     0.36029482990
 D 1 
   1      0.58050830140     1.00000000000
 D 1 
   1      0.18000000000     1.00000000000
 F 1 
   1      0.49652793000     1.00000000000
 F 1 
   1      2.50000000000     1.00000000000

CESIUM
 S 3 
   1      5.87781134430     0.12859994980
   2      4.36315382860    -0.34632569730
   3      1.80484751550     0.69930637050
 S 1 
   1      0.37485237140     1.00000000000
 S 1 
   1      0.16384858780     1.00000000000
 S 1 
   1      0.02723046200     1.00000000000
 S 1 
   1      0.01199153320     1.00000000000
 P 4 
   1      4.27518561540     0.04572307420
   2      1.96566633600    -0.25019961980
   3      0.47689195210     0.55660850070
   4      0.21529749590     0.58218553410
 P 1 
   1      0.09145085030     1.00000000000
 P 1 
   1      0.01759207850     1.00000000000
 D 1 
   1      0.13300000000     1.00000000000
 D 1 
   1      0.03321621480     1.00000000000

BARIUM
 S 3 
   1      2.39619000000    -5.95547667100
   2      2.24330500000     6.68056482410
   3      0.71740200000    -0.57055347040
 S 1 
   1      0.27420073550     1.00000000000
 S 1 
   1      0.04093326420     1.00000000000
 S 1 
   1      0.01806015640     1.00000000000
 P 4 
   1      2.92674200000     0.79815276760
   2      2.52071800000    -1.07075488320
   3      0.67578180850     0.34940781450
   4      0.31985844530     0.65041110670
 P 1 
   1      0.13221792450     1.00000000000
 P 1 
   1      0.03303956530     1.00000000000
 D 4 
   1      0.96631500000    -0.90893800000
   2      0.89382800000     0.94724000000
   3      0.27319500000     0.32205700000
   4      0.10389100000     0.47326000000
 D 1 
   1      0.03557800000     0.36597700000
 F 4 
   1     10.00000000000     0.07300000000
   2      3.20000000000     0.21000000000
   3      1.00000000000     0.35000000000
   4      0.32000000000     0.36000000000

LANTHANUM
 S 2 
   1      5.08739900000    -0.44173707860
   2      4.27097800000     0.85812489720
 S 1 
   1      2.18238039990     1.00000000000
 S 1 
   1      0.48954926460     1.00000000000
 S 1 
   1      0.23292032550     1.00000000000
 S 1 
   1      0.05559552990     1.00000000000
 S 1 
   1      0.02279518490     1.00000000000
 P 4 
   1      3.02516100000    -0.28580266650
   2      2.38209500000     0.51718364640
   3      0.67246658080    -0.44823116000
   4      0.32519427170    -0.58864843930
 P 1 
   1      0.13635489370     1.00000000000
 P 1 
   1      0.02510000000     1.00000000000
 D 4 
   1      1.26671820180    -0.17445579380
   2      0.89049882670     0.25137236210
   3      0.32947291040     0.44604068240
   4      0.13398788830     0.44878277150
 D 1 
   1      0.05127550310     1.00000000000
 F 1 
   1      0.25683000000     1.00000000000

CERIUM
 S 5 
   1  66920.68101299999     0.00000533550
   2   7142.41899950000     0.00006290680
   3   1149.22790010000     0.00040871340
   4    626.04740004000     0.00008049060
   5    137.28129971000     0.00355889540
 S 1 
   1     36.63553303800     1.00000000000
 S 1 
   1     25.97559215900     1.00000000000
 S 1 
   1     11.88999957400     1.00000000000
 S 1 
   1      3.02521416130     1.00000000000
 S 1 
   1      1.56687723690     1.00000000000
 S 1 
   1      0.59326815390     1.00000000000
 S 1 
   1      0.26343106490     1.00000000000
 S 1 
   1      0.04913374810     1.00000000000
 S 1 
   1      0.02068554650     1.00000000000
 P 5 
   1    327.07561956000    -0.00033489740
   2    109.94564007000    -0.00026261020
   3     21.57591578300    -0.07067094590
   4     13.20488000100     0.24802797000
   5      2.90045399740    -0.25830993990
 P 3 
   1      6.44265973170    -0.10809252000
   2      3.78745691080    -0.23799975000
   3      1.83282148090    -0.19753993010
 P 1 
   1      1.05377712880     1.00000000000
 P 1 
   1      0.52732910420     1.00000000000
 P 1 
   1      0.21315321770     1.00000000000
 P 1 
   1      0.03489839290     1.00000000000
 D 6 
   1    351.43296951000     0.00015414560
   2    111.98285958000     0.00072060750
   3     35.87159537500     0.00601557630
   4     13.72713227800    -0.06266028170
   5      7.43001899000     0.18024001050
   6      3.36221086380     0.43307484000
 D 1 
   1      1.43123658770     1.00000000000
 D 1 
   1      0.43709174270     1.00000000000
 D 1 
   1      0.12735487200     1.00000000000
 F 5 
   1     79.37899173800     0.00457667740
   2     28.91139699500     0.03344125700
   3     13.74024810600     0.08431825020
   4      6.22662956330     0.21059890000
   5      2.52076442340     0.32118187000
 F 1 
   1      0.94811920470     1.00000000000
 F 1 
   1      0.31387499840     1.00000000000
 G 1 
   1      0.37110000000     1.00000000000

PRASEODYMIUM
 S 5 
   1  66920.68101499999     0.00000763690
   2  10906.62500000000     0.00005156920
   3   2635.41469960000     0.00024501880
   4    713.90510061000     0.00087722410
   5    140.01389967000     0.00417561720
 S 1 
   1     38.10015409300     1.00000000000
 S 1 
   1     27.01655120600     1.00000000000
 S 1 
   1     12.53287159100     1.00000000000
 S 1 
   1      3.16679495430     1.00000000000
 S 1 
   1      1.64775460140     1.00000000000
 S 1 
   1      0.61574974080     1.00000000000
 S 1 
   1      0.27750298060     1.00000000000
 S 1 
   1      0.05219141640     1.00000000000
 S 1 
   1      0.02103969960     1.00000000000
 P 5 
   1    335.08596105000    -0.00039683100
   2    109.62390003000    -0.00088479720
   3     22.09716734800    -0.07060338510
   4     13.61774996900     0.24747715000
   5      2.83379339940    -0.25776134000
 P 3 
   1      6.42598341730    -0.10833966990
   2      4.07164462670    -0.24027339990
   3      1.87661692920    -0.19717944010
 P 1 
   1      0.87659348550     1.00000000000
 P 1 
   1      0.43730332090     1.00000000000
 P 1 
   1      0.18792836190     1.00000000000
 P 1 
   1      0.03568247440     1.00000000000
 D 6 
   1    354.29145885000     0.00019295290
   2    107.35616142000     0.00098261800
   3     36.66897742000     0.00783540860
   4     14.28904504300    -0.04678147380
   5      7.31066697470     0.20224393000
   6      3.38248416210     0.43552238000
 D 1 
   1      1.45478302360     1.00000000000
 D 1 
   1      0.44101265470     1.00000000000
 D 1 
   1      0.12674153310     1.00000000000
 F 5 
   1     80.30893126300     0.00510848840
   2     29.46639381700     0.04058897360
   3     14.27341582200     0.08718234130
   4      6.93861638690     0.20857918010
   5      2.91171573130     0.33235294990
 F 1 
   1      1.12278364290     1.00000000000
 F 1 
   1      0.38494384330     1.00000000000
 G 1 
   1      0.40950000000     1.00000000000

NEODYMIUM
 S 5 
   1  67945.58999800000     0.00001529970
   2   9404.40829990000     0.00012674410
   3   2084.31769930000     0.00061221710
   4    586.98950146000     0.00177394740
   5    142.94059959000     0.00539148130
 S 1 
   1     39.69362413300     1.00000000000
 S 1 
   1     28.13355500300     1.00000000000
 S 1 
   1     13.07386985600     1.00000000000
 S 1 
   1      3.34627332230     1.00000000000
 S 1 
   1      1.72404904070     1.00000000000
 S 1 
   1      0.64202940990     1.00000000000
 S 1 
   1      0.28282444880     1.00000000000
 S 1 
   1      0.05191235430     1.00000000000
 S 1 
   1      0.02170000000     1.00000000000
 P 5 
   1    337.91791098000    -0.00068684740
   2    106.72630985000    -0.00157870110
   3     22.90202193900    -0.07254147380
   4     14.18262699300     0.24738324010
   5      2.98338200080    -0.25916927990
 P 3 
   1      6.69918047930    -0.10880818000
   2      4.13138981950    -0.24075763990
   3      1.92965219500    -0.19053217010
 P 1 
   1      0.98289917090     1.00000000000
 P 1 
   1      0.46725112090     1.00000000000
 P 1 
   1      0.19101301250     1.00000000000
 P 1 
   1      0.03221608310     1.00000000000
 D 6 
   1    349.97103999000     0.00025325850
   2    106.30916032000     0.00199541040
   3     38.08479045600     0.01026402690
   4     15.19026667500    -0.03147936360
   5      7.34684249020     0.22394642000
   6      3.74571862470     0.43695051000
 D 1 
   1      1.82068643750     1.00000000000
 D 1 
   1      0.80467431360     1.00000000000
 D 1 
   1      0.15580459750     1.00000000000
 F 5 
   1     77.66540919300     0.00633076750
   2     29.58487108500     0.04316286760
   3     14.30670086900     0.09841383740
   4      6.79611319070     0.22166241020
   5      2.83126230680     0.33558116990
 F 1 
   1      1.07161502650     1.00000000000
 F 1 
   1      0.35287431860     1.00000000000
 G 1 
   1      0.43120000000     1.00000000000

PROMETHIUM
 S 5 
   1  69643.01617600000     0.00002852450
   2  10512.97599900000     0.00021910590
   3   2302.55779690000     0.00113891510
   4    604.32326068000     0.00368928150
   5    155.76229941000     0.00776256270
 S 1 
   1     43.17380497200     1.00000000000
 S 1 
   1     27.98187536200     1.00000000000
 S 1 
   1     13.75916842500     1.00000000000
 S 1 
   1      3.47262116130     1.00000000000
 S 1 
   1      1.78768097160     1.00000000000
 S 1 
   1      0.66385932620     1.00000000000
 S 1 
   1      0.29432286560     1.00000000000
 S 1 
   1      0.05377737720     1.00000000000
 S 1 
   1      0.02201845670     1.00000000000
 P 5 
   1    339.76458492000    -0.00085533780
   2    106.61582962000    -0.00220847810
   3     23.79494508200    -0.07438334420
   4     14.89009795800     0.24496901990
   5      3.14149300610    -0.26350303010
 P 3 
   1      6.81769258280    -0.10890189000
   2      4.23608906560    -0.23718506000
   3      1.80707007900    -0.19282192000
 P 1 
   1      0.83763790200     1.00000000000
 P 1 
   1      0.33437243500     1.00000000000
 P 1 
   1      0.09666595390     1.00000000000
 P 1 
   1      0.02934537500     1.00000000000
 D 6 
   1    340.78166324000     0.00040090730
   2    103.67954340000     0.00261078650
   3     37.21274709900     0.01416806460
   4     16.60282193900    -0.01102449670
   5      7.17400130830     0.24287043000
   6      3.54818126800     0.43182902000
 D 1 
   1      1.60312271520     1.00000000000
 D 1 
   1      0.52788598860     1.00000000000
 D 1 
   1      0.15181013130     1.00000000000
 F 5 
   1     72.47087423900     0.00932950050
   2     29.75467313500     0.04804808830
   3     15.15945996600     0.10434721030
   4      7.30591585630     0.23374544010
   5      3.12358360740     0.34134276990
 F 1 
   1      1.22965703260     1.00000000000
 F 1 
   1      0.42651965760     1.00000000000
 G 1 
   1      0.45190000000     1.00000000000

SAMARIUM
 S 5 
   1  70078.18399900000     0.00009723020
   2  10598.38400100000     0.00073039920
   3   2413.86598130000     0.00352419690
   4    677.74958354000     0.01087368540
   5    208.50729961000     0.01782337350
 S 1 
   1     39.36183455600     1.00000000000
 S 1 
   1     28.00011758100     1.00000000000
 S 1 
   1     14.35990123000     1.00000000000
 S 1 
   1      3.61150814370     1.00000000000
 S 1 
   1      1.84524366560     1.00000000000
 S 1 
   1      0.68755398750     1.00000000000
 S 1 
   1      0.30004687880     1.00000000000
 S 1 
   1      0.05389852270     1.00000000000
 S 1 
   1      0.02240000040     1.00000000000
 P 5 
   1    365.65286301000    -0.00121968990
   2    105.29773949000    -0.00359090030
   3     24.33955116100    -0.07573114370
   4     15.29351369900     0.24472637000
   5      3.21019593460    -0.25984893010
 P 3 
   1      7.19699272880    -0.10977635010
   2      4.39446090730    -0.24311410010
   3      1.82611311600    -0.18652601990
 P 1 
   1      0.84185848860     1.00000000000
 P 1 
   1      0.32255448000     1.00000000000
 P 1 
   1      0.08796064210     1.00000000000
 P 1 
   1      0.02728184920     1.00000000000
 D 6 
   1    388.42259953000     0.00043263030
   2    117.35866087000     0.00346578440
   3     41.34565094700     0.01663285780
   4     20.62452872000     0.00590041980
   5      7.35112835700     0.26020419030
   6      3.81704091680     0.43198573000
 D 1 
   1      1.84162274370     1.00000000000
 D 1 
   1      0.78138452240     1.00000000000
 D 1 
   1      0.15236207050     1.00000000000
 F 5 
   1     74.43531028600     0.01026539670
   2     29.27058619400     0.05826671100
   3     14.54185232700     0.11504953050
   4      7.12631348320     0.24161326020
   5      3.02790467430     0.34535019980
 F 1 
   1      1.16411166090     1.00000000000
 F 1 
   1      0.38851335320     1.00000000000
 G 1 
   1      0.46380000000     1.00000000000

EUROPIUM
 S 5 
   1  70059.41994900000     0.00009919790
   2  10776.23496600000     0.00070975940
   3   2482.49006990000     0.00336911580
   4    704.07506082000     0.01020990300
   5    216.79260142000     0.01659306050
 S 1 
   1     41.47176683700     1.00000000000
 S 1 
   1     29.49897271000     1.00000000000
 S 1 
   1     15.05731079000     1.00000000000
 S 1 
   1      3.77275539100     1.00000000000
 S 1 
   1      1.92210511720     1.00000000000
 S 1 
   1      0.71313201840     1.00000000000
 S 1 
   1      0.30957297080     1.00000000000
 S 1 
   1      0.05489013720     1.00000000000
 S 1 
   1      0.02270621030     1.00000000000
 P 5 
   1    363.81825643000    -0.00184572410
   2    105.32639881000    -0.00551546840
   3     25.60568530600    -0.07587476000
   4     15.74633005800     0.24469517990
   5      3.31554651320    -0.26310272010
 P 3 
   1      7.38906938780    -0.10983328000
   2      4.56960859190    -0.24311507010
   3      1.94050109190    -0.18613840990
 P 1 
   1      0.90025203110     1.00000000000
 P 1 
   1      0.34467925480     1.00000000000
 P 1 
   1      0.09902656200     1.00000000000
 P 1 
   1      0.02711703050     1.00000000000
 D 6 
   1    388.95843069000     0.00048491160
   2    118.25438952000     0.00405949730
   3     44.98082993000     0.01601429850
   4     22.79411185000     0.01239336450
   5      7.71173399450     0.27043836000
   6      3.92809996680     0.44542158000
 D 1 
   1      1.90187198260     1.00000000000
 D 1 
   1      0.83079077310     1.00000000000
 D 1 
   1      0.15011757360     1.00000000000
 F 5 
   1     77.58375767700     0.01055301250
   2     30.86659697000     0.05887571600
   3     15.18066410500     0.12662002050
   4      7.29160256840     0.25335075020
   5      3.11273945490     0.34800837980
 F 1 
   1      1.20595996670     1.00000000000
 F 1 
   1      0.40570730230     1.00000000000
 G 1 
   1      0.47520000000     1.00000000000

GADOLINIUM
 S 5 
   1  70672.98884200001     0.00013491220
   2  10580.42012300000     0.00100503730
   3   2466.31225780000     0.00460448570
   4    713.68236714000     0.01357815430
   5    223.69591430000     0.02091448170
 S 1 
   1     42.88244085500     1.00000000000
 S 1 
   1     30.59496064900     1.00000000000
 S 1 
   1     15.79629258800     1.00000000000
 S 1 
   1      3.95301228750     1.00000000000
 S 1 
   1      2.00834768830     1.00000000000
 S 1 
   1      0.74791439760     1.00000000000
 S 1 
   1      0.32543426240     1.00000000000
 S 1 
   1      0.05817188010     1.00000000000
 S 1 
   1      0.02366246940     1.00000000000
 P 5 
   1    366.75975373000    -0.00235578700
   2     99.80707781300    -0.00741729700
   3     25.49886241800    -0.07560416000
   4     15.82482718600     0.24452015990
   5      3.46937453690    -0.26401503010
 P 3 
   1      8.22581675600    -0.11016579010
   2      4.78469271510    -0.24309982010
   3      2.01687658350    -0.18593105990
 P 1 
   1      0.97079278530     1.00000000000
 P 1 
   1      0.37486899890     1.00000000000
 P 1 
   1      0.10441243840     1.00000000000
 P 1 
   1      0.02832575540     1.00000000000
 D 6 
   1    405.72356198000     0.00058721240
   2    123.05344944000     0.00514121890
   3     46.08511812700     0.02144897330
   4     20.10438323100     0.02956678850
   5      7.82589976820     0.28823956980
   6      3.94007143220     0.44970385020
 D 1 
   1      1.82158642370     1.00000000000
 D 1 
   1      0.59087478850     1.00000000000
 D 1 
   1      0.16712976330     1.00000000000
 F 5 
   1     83.08138931000     0.01073894530
   2     32.74738757400     0.06266842490
   3     16.03030656500     0.13767548060
   4      7.57997878840     0.27070610990
   5      3.27775931250     0.34421738000
 F 1 
   1      1.32425805690     1.00000000000
 F 1 
   1      0.46934193280     1.00000000000
 G 1 
   1      0.47570000000     1.00000000000

TERBIUM
 S 5 
   1  72673.31148800001     0.00014568220
   2  10989.65047700000     0.00110008210
   3   2521.09838660000     0.00503181250
   4    728.09478097000     0.01480476960
   5    226.99792207000     0.02200676520
 S 1 
   1     45.98967178700     1.00000000000
 S 1 
   1     30.47331220300     1.00000000000
 S 1 
   1     15.77966109100     1.00000000000
 S 1 
   1      4.02793160310     1.00000000000
 S 1 
   1      2.06727987430     1.00000000000
 S 1 
   1      0.74668603710     1.00000000000
 S 1 
   1      0.32664475910     1.00000000000
 S 1 
   1      0.05690950400     1.00000000000
 S 1 
   1      0.02302780090     1.00000000000
 P 5 
   1    357.14642927000    -0.00306819120
   2     94.39979669800    -0.00930263410
   3     26.37081593300    -0.07587727450
   4     16.57845227000     0.24450743000
   5      3.72995806370    -0.26425700010
 P 3 
   1      8.97836678400    -0.11200751000
   2      5.00583878830    -0.24216564000
   3      2.07675568640    -0.18561540980
 P 1 
   1      1.02209614200     1.00000000000
 P 1 
   1      0.38451203840     1.00000000000
 P 1 
   1      0.09340362610     1.00000000000
 P 1 
   1      0.02911632390     1.00000000000
 D 6 
   1    410.38724477000     0.00076762890
   2    124.50624931000     0.00666191090
   3     46.06072379500     0.02796796090
   4     19.25488738500     0.05034823410
   5      7.76116769000     0.30159477010
   6      3.83199677270     0.44821338010
 D 1 
   1      1.73338395940     1.00000000000
 D 1 
   1      0.55146364930     1.00000000000
 D 1 
   1      0.15354959260     1.00000000000
 F 5 
   1     89.37238364600     0.01054799700
   2     34.75722320700     0.06592061410
   3     16.68073012000     0.14943112300
   4      7.80858115960     0.28130485000
   5      3.36369647600     0.35013101000
 F 1 
   1      1.34831612150     1.00000000000
 F 1 
   1      0.47311576500     1.00000000000
 G 1 
   1      0.47760000000     1.00000000000

DYSPROSIUM
 S 5 
   1  78529.94807200000     0.00013813870
   2  11854.69911400000     0.00103613960
   3   2717.99502560000     0.00484547780
   4    778.14268262000     0.01438372630
   5    242.08688500000     0.02160518730
 S 1 
   1     48.35067399800     1.00000000000
 S 1 
   1     31.84393083100     1.00000000000
 S 1 
   1     16.87374224200     1.00000000000
 S 1 
   1      4.20461400950     1.00000000000
 S 1 
   1      2.12911563070     1.00000000000
 S 1 
   1      0.78388753840     1.00000000000
 S 1 
   1      0.34245228530     1.00000000000
 S 1 
   1      0.05919058320     1.00000000000
 S 1 
   1      0.02370081540     1.00000000000
 P 5 
   1    376.96796859000    -0.00378707550
   2     98.85865581700    -0.01187710760
   3     26.88422946100    -0.07136270000
   4     16.40408867800     0.24138094020
   5      3.80087548780    -0.26876671010
 P 3 
   1     11.01020243300    -0.11784210990
   2      5.44230457800    -0.24425209990
   3      2.06607699900    -0.17827309970
 P 1 
   1      1.11290945430     1.00000000000
 P 1 
   1      0.42234512660     1.00000000000
 P 1 
   1      0.12007617080     1.00000000000
 P 1 
   1      0.03238749500     1.00000000000
 D 6 
   1    408.90774405000     0.00097993650
   2    125.19030341000     0.00733475030
   3     46.68802809200     0.03287897460
   4     18.75976915900     0.06340035210
   5      7.78218273680     0.31045745030
   6      3.74249938150     0.44334918010
 D 1 
   1      1.63440444710     1.00000000000
 D 1 
   1      0.48583613490     1.00000000000
 D 1 
   1      0.13345802110     1.00000000000
 F 5 
   1     86.14963262200     0.01327837720
   2     34.71704814700     0.07138505390
   3     16.89912247800     0.15811715080
   4      7.90364660660     0.28912595000
   5      3.41364650410     0.34964378010
 F 1 
   1      1.36940688920     1.00000000000
 F 1 
   1      0.47978951260     1.00000000000
 G 1 
   1      0.47820000000     1.00000000000

HOLMIUM
 S 5 
   1  86373.97197000000     0.00007901580
   2  13014.19999100000     0.00059044150
   3   2974.24168160000     0.00280441660
   4    841.50102397000     0.00836541100
   5    258.12229953000     0.01341745480
 S 1 
   1     49.79743624100     1.00000000000
 S 1 
   1     35.61912943200     1.00000000000
 S 1 
   1     18.13283160300     1.00000000000
 S 1 
   1      4.43884653210     1.00000000000
 S 1 
   1      2.21789970150     1.00000000000
 S 1 
   1      0.82910712500     1.00000000000
 S 1 
   1      0.35754269510     1.00000000000
 S 1 
   1      0.06044830440     1.00000000000
 S 1 
   1      0.02432581350     1.00000000000
 P 5 
   1    375.06118609000    -0.00467960720
   2     99.91316501600    -0.01419574790
   3     27.86491224300    -0.06765644470
   4     16.54934488800     0.23909121020
   5      3.93703819180    -0.28419176010
 P 3 
   1     11.88802976900    -0.12903641990
   2      5.81621131920    -0.22873476010
   3      2.13803119890    -0.17723865990
 P 1 
   1      1.52186726550     1.00000000000
 P 1 
   1      0.62990396450     1.00000000000
 P 1 
   1      0.24707353260     1.00000000000
 P 1 
   1      0.03862397850     1.00000000000
 D 6 
   1    454.17722117000     0.00101108250
   2    138.09620072000     0.00833383140
   3     52.23000780700     0.03561817320
   4     21.83783791700     0.07682012620
   5      8.53712382210     0.29226370020
   6      4.17634916340     0.45716800010
 D 1 
   1      1.85390283820     1.00000000000
 D 1 
   1      0.55365841850     1.00000000000
 D 1 
   1      0.15020740950     1.00000000000
 F 5 
   1    108.24992900000     0.00857648440
   2     40.68543292700     0.06298798740
   3     18.66228066400     0.16365688120
   4      8.34863010920     0.29582468950
   5      3.56653639210     0.34369415010
 F 1 
   1      1.44138810050     1.00000000000
 F 1 
   1      0.50707136520     1.00000000000
 G 1 
   1      0.49850000000     1.00000000000

ERBIUM
 S 5 
   1  89905.08796700000     0.00006278170
   2  13532.87400900000     0.00047657100
   3   3087.30418510000     0.00226054140
   4    870.91988365000     0.00670863200
   5    263.42619956000     0.01087933090
 S 1 
   1     52.50071389500     1.00000000000
 S 1 
   1     37.58138208900     1.00000000000
 S 1 
   1     18.91297167900     1.00000000000
 S 1 
   1      4.62392144980     1.00000000000
 S 1 
   1      2.30419309730     1.00000000000
 S 1 
   1      0.85863413000     1.00000000000
 S 1 
   1      0.37110262830     1.00000000000
 S 1 
   1      0.06166249150     1.00000000000
 S 1 
   1      0.02458444530     1.00000000000
 P 5 
   1    414.60237000000    -0.00486217130
   2    108.84329626000    -0.01595463080
   3     31.61702957500    -0.05626259270
   4     16.75635408800     0.23405978990
   5      4.32468119200    -0.30821373960
 P 3 
   1     12.01623035300    -0.14605900030
   2      6.00541764750    -0.21361596970
   3      2.45562834060    -0.17724687980
 P 1 
   1      1.65863514000     1.00000000000
 P 1 
   1      0.68003410280     1.00000000000
 P 1 
   1      0.27167236100     1.00000000000
 P 1 
   1      0.06857027290     1.00000000000
 P 1 
   1      0.02611840520     1.00000000000
 D 6 
   1    442.45728590000     0.00144786720
   2    134.20246886000     0.01154771110
   3     51.74082034200     0.04684728730
   4     21.67472791000     0.10408299930
   5      8.65659480520     0.28843400030
   6      4.20196529250     0.44983300010
 D 1 
   1      1.84256055470     1.00000000000
 D 1 
   1      0.53932759070     1.00000000000
 D 1 
   1      0.14463366680     1.00000000000
 F 5 
   1     97.46042125400     0.01145764760
   2     37.49755467200     0.07215609840
   3     18.14221445100     0.16596525080
   4      8.61388516250     0.29062700000
   5      3.74528224050     0.35241091000
 F 1 
   1      1.49540253050     1.00000000000
 F 1 
   1      0.52001167740     1.00000000000
 G 1 
   1      0.50180000000     1.00000000000

THULIUM
 S 5 
   1  91965.75922800000     0.00005538440
   2  13821.59435300000     0.00042774410
   3   3143.75217290000     0.00202043500
   4    882.60127815000     0.00593949120
   5    261.84789278000     0.00967672270
 S 1 
   1     55.44625082000     1.00000000000
 S 1 
   1     39.70130653000     1.00000000000
 S 1 
   1     19.61450041100     1.00000000000
 S 1 
   1      4.80552662890     1.00000000000
 S 1 
   1      2.39586219200     1.00000000000
 S 1 
   1      0.88600032870     1.00000000000
 S 1 
   1      0.38296645750     1.00000000000
 S 1 
   1      0.06332439430     1.00000000000
 S 1 
   1      0.02483945320     1.00000000000
 P 5 
   1    447.74034769000    -0.00560827590
   2    126.61598061000    -0.01574070750
   3     42.84603021200    -0.03569323960
   4     14.62014365400     0.23707232640
   5      5.38269253290    -0.30606571370
 P 3 
   1     11.99738008000    -0.15260477350
   2      9.69394886110    -0.20494535360
   3      2.05115631090    -0.19277187880
 P 1 
   1      3.52460202730     1.00000000000
 P 1 
   1      1.07482127480     1.00000000000
 P 1 
   1      0.39017415760     1.00000000000
 P 1 
   1      0.08676580790     1.00000000000
 P 1 
   1      0.02834669970     1.00000000000
 D 6 
   1    463.65232204000     0.00153819610
   2    140.85622654000     0.01243126680
   3     53.71735973100     0.05109832950
   4     22.46868372400     0.11279245570
   5      8.93809833950     0.29452098130
   6      4.34377731680     0.44667107090
 D 1 
   1      1.91837202110     1.00000000000
 D 1 
   1      0.54418575030     1.00000000000
 D 1 
   1      0.14117024770     1.00000000000
 F 5 
   1     96.82779932400     0.01275781440
   2     40.94965318700     0.06300289510
   3     19.69539730900     0.17586841620
   4      8.73155569430     0.30967510650
   5      3.66894684710     0.35085352630
 F 1 
   1      1.44594295500     1.00000000000
 F 1 
   1      0.50245034800     1.00000000000
 G 1 
   1      0.50660000000     1.00000000000

YTTERBIUM
 S 5 
   1  91989.72602700000     0.00005218700
   2  13799.29658500000     0.00036758170
   3   3096.00500390000     0.00183684050
   4    869.11012492000     0.00508402900
   5    250.89341319000     0.00886060650
 S 1 
   1     58.41376958600     1.00000000000
 S 1 
   1     41.78284655700     1.00000000000
 S 1 
   1     20.25977160500     1.00000000000
 S 1 
   1      4.99376854930     1.00000000000
 S 1 
   1      2.48257298000     1.00000000000
 S 1 
   1      0.91759459850     1.00000000000
 S 1 
   1      0.38551515020     1.00000000000
 S 1 
   1      0.06137008330     1.00000000000
 S 1 
   1      0.02499709970     1.00000000000
 P 5 
   1    416.86700956000    -0.01626848130
   2     96.48141768300    -0.05816221800
   3     40.01395967700    -0.04250161070
   4     15.61036073500     0.23912170550
   5      6.08876523590    -0.30582286690
 P 3 
   1      8.35615243070    -0.17001415510
   2      7.22554422170    -0.20297754820
   3      1.92080845250    -0.19289041130
 P 1 
   1      3.77707645170     1.00000000000
 P 1 
   1      1.05459316240     1.00000000000
 P 1 
   1      0.37562761990     1.00000000000
 P 1 
   1      0.07914927080     1.00000000000
 P 1 
   1      0.02535567080     1.00000000000
 D 6 
   1    388.96482736000     0.00255150720
   2    137.49130274000     0.01452860990
   3     55.79234589100     0.06099155730
   4     22.57182704400     0.14412482460
   5      9.00356434740     0.28721178660
   6      4.29768903550     0.44545416260
 D 1 
   1      1.83555805460     1.00000000000
 D 1 
   1      0.51822929530     1.00000000000
 D 1 
   1      0.15172122660     1.00000000000
 F 5 
   1    106.01035185000     0.00996594270
   2     39.24751524500     0.07302289960
   3     17.20438437500     0.19721745080
   4      7.31393677420     0.30638718730
   5      2.98965083290     0.30385067100
 F 1 
   1      1.14711161310     1.00000000000
 F 1 
   1      0.38042267770     1.00000000000
 G 1 
   1      0.51330000000     1.00000000000

LUTETIUM
 S 5 
   1  95170.17099300001     0.00002204810
   2  15488.45999800000     0.00014580380
   3   3776.24659860000     0.00065203150
   4   1079.05220420000     0.00203867350
   5    268.95400890000     0.00512714780
 S 1 
   1     63.48015065400     1.00000000000
 S 1 
   1     45.17823673300     1.00000000000
 S 1 
   1     21.46310106200     1.00000000000
 S 1 
   1      5.35012847380     1.00000000000
 S 1 
   1      2.67843242090     1.00000000000
 S 1 
   1      1.02869963740     1.00000000000
 S 1 
   1      0.44065582250     1.00000000000
 S 1 
   1      0.07910247830     1.00000000000
 S 1 
   1      0.03129576010     1.00000000000
 P 5 
   1    489.41244804000    -0.00591727560
   2    133.95373952000    -0.01737447520
   3     45.49923132200    -0.03543627260
   4     15.56127189400     0.23702673980
   5      5.84878247890    -0.30715978020
 P 3 
   1     12.30449054400    -0.15335298010
   2     11.05119727800    -0.20411242010
   3      2.00695492410    -0.19274218980
 P 1 
   1      3.77505999650     1.00000000000
 P 1 
   1      1.13512512450     1.00000000000
 P 1 
   1      0.40414348910     1.00000000000
 P 1 
   1      0.08187643830     1.00000000000
 P 1 
   1      0.02909107180     1.00000000000
 D 6 
   1    487.98257108000     0.00220037690
   2    146.93406718000     0.01796150210
   3     55.76157991600     0.07413358910
   4     22.89874175900     0.16158924960
   5      9.10457878320     0.30816877030
   6      4.14578463240     0.44860151990
 D 1 
   1      1.73833637950     1.00000000000
 D 1 
   1      0.47338644310     1.00000000000
 D 1 
   1      0.12126581100     1.00000000000
 F 5 
   1    110.27466442000     0.01047314270
   2     41.22324949700     0.07500549750
   3     17.72896718200     0.20262004980
   4      7.42623926410     0.30601327950
   5      3.04345945200     0.29349093030
 F 1 
   1      1.17524626230     1.00000000000
 F 1 
   1      0.38920482900     1.00000000000
 G 1 
   1      0.70090000000     1.00000000000

HAFNIUM
 S 2 
   1     14.59248500000    -0.80196298810
   2     11.54749100000     1.52616028290
 S 1 
   1      4.91129739280     1.00000000000
 S 1 
   1      0.79665469410     1.00000000000
 S 1 
   1      0.34234072890     1.00000000000
 S 1 
   1      0.09810919770     1.00000000000
 S 1 
   1      0.03619098440     1.00000000000
 P 4 
   1      6.72653100000     0.65076205470
   2      5.95997900000    -0.83713508620
   3      1.09211170540     0.50570506290
   4      0.49702823220     0.51965388690
 P 1 
   1      0.20258973790     1.00000000000
 P 1 
   1      0.03360000000     1.00000000000
 D 4 
   1      3.98206232290    -0.04244602390
   2      1.30779877720     0.18409232560
   3      0.53272310300     0.41484423520
   4      0.20564954490     0.44224303500
 D 1 
   1      0.07309985880     1.00000000000
 F 1 
   1      0.31547000000     1.00000000000

TANTALUM
 S 2 
   1     14.40000000000     0.99343296740
   2     12.00000000000    -1.65100779750
 S 1 
   1      5.07014773020     1.00000000000
 S 1 
   1      0.86033356490     1.00000000000
 S 1 
   1      0.37158938890     1.00000000000
 S 1 
   1      0.10745336250     1.00000000000
 S 1 
   1      0.03914277660     1.00000000000
 P 4 
   1      7.41887200000     0.26979695150
   2      5.69841000000    -0.46968874450
   3      1.17772119600     0.50905100160
   4      0.54478533550     0.52298161140
 P 1 
   1      0.22309270120     1.00000000000
 P 1 
   1      0.04310000000     1.00000000000
 D 4 
   1      3.97387962780    -0.05279931070
   2      1.45288848130     0.18558319470
   3      0.61042908540     0.42959071630
   4      0.24216276510     0.43497228230
 D 1 
   1      0.08790931830     1.00000000000
 F 1 
   1      0.37386000000     1.00000000000

TUNGSTEN
 S 2 
   1     15.00000000000    -0.53315505390
   2     12.00000000000     1.00141417480
 S 1 
   1      5.26109677250     1.00000000000
 S 1 
   1      0.92785370310     1.00000000000
 S 1 
   1      0.40334458240     1.00000000000
 S 1 
   1      0.11585976650     1.00000000000
 S 1 
   1      0.04180047410     1.00000000000
 P 4 
   1      7.24965700000     0.45857265530
   2      6.08487600000    -0.66720686320
   3      1.25237778120     0.52090351990
   4      0.58569208920     0.51885687510
 P 1 
   1      0.24106964300     1.00000000000
 P 1 
   1      0.04030000000     1.00000000000
 D 4 
   1      4.01312313320    -0.06341649180
   2      1.62374524500     0.18452733730
   3      0.69187452390     0.44121676840
   4      0.27865835320     0.43158409240
 D 1 
   1      0.10225296450     1.00000000000
 F 1 
   1      0.43199000000     1.00000000000

RHENIUM
 S 2 
   1     14.78186200000    -1.13951938850
   2     12.32407500000     1.93714211210
 S 1 
   1      5.50985972840     1.00000000000
 S 1 
   1      0.98874104690     1.00000000000
 S 1 
   1      0.42833312030     1.00000000000
 S 1 
   1      0.12296804530     1.00000000000
 S 1 
   1      0.04394985160     1.00000000000
 P 4 
   1      7.40400500000     0.54510937860
   2      6.35020600000    -0.76096056540
   3      1.33117134550     0.53252276760
   4      0.62659600550     0.51483045040
 P 1 
   1      0.25922718700     1.00000000000
 P 1 
   1      0.04830000000     1.00000000000
 D 4 
   1      4.06162749160    -0.07666729520
   2      1.84879432860     0.18067495220
   3      0.78702048430     0.45160766940
   4      0.32069843170     0.43261236270
 D 1 
   1      0.11892742980     1.00000000000
 F 1 
   1      0.48989000000     1.00000000000

OSMIUM
 S 2 
   1     15.28673600000    -1.06471144850
   2     12.70063800000     1.84331932690
 S 1 
   1      5.70948325040     1.00000000000
 S 1 
   1      1.06892287440     1.00000000000
 S 1 
   1      0.46783543750     1.00000000000
 S 1 
   1      0.13253456990     1.00000000000
 S 1 
   1      0.04710198290     1.00000000000
 P 4 
   1      7.93627900000     0.33899369660
   2      6.30364100000    -0.56379438340
   3      1.43515796760     0.52360040580
   4      0.68442749720     0.52445339820
 P 1 
   1      0.28347394970     1.00000000000
 P 1 
   1      0.05810000000     1.00000000000
 D 4 
   1      3.58081500000    -0.42773932260
   2      3.19616500000     0.44501403990
   3      1.05502263540     0.43689459720
   4      0.41588406620     0.48220605800
 D 1 
   1      0.14653507870     1.00000000000
 F 1 
   1      0.55065000000     1.00000000000

IRIDIUM
 S 2 
   1     15.29370900000    -1.67318997910
   2     13.57368200000     2.39343789760
 S 1 
   1      5.82134365420     1.00000000000
 S 1 
   1      1.15203642680     1.00000000000
 S 1 
   1      0.51104895340     1.00000000000
 S 1 
   1      0.14084043580     1.00000000000
 S 1 
   1      0.04982867310     1.00000000000
 P 4 
   1      8.66979600000     0.21469187350
   2      6.24561400000    -0.44863071820
   3      1.56570361530     0.50653393260
   4      0.75577412860     0.54052273350
 P 1 
   1      0.31306011110     1.00000000000
 P 1 
   1      0.05480000000     1.00000000000
 D 4 
   1      3.69948500000    -0.54840155960
   2      3.36174300000     0.56835425800
   3      1.11770537100     0.44304381510
   4      0.44322534860     0.47078394930
 D 1 
   1      0.15641305120     1.00000000000
 F 1 
   1      0.61008000000     1.00000000000

PLATINUM
 S 2 
   1     16.55956300000    -0.53808800720
   2     13.89244000000     0.91402161380
 S 1 
   1      5.85310447320     1.00000000000
 S 1 
   1      1.24986406090     1.00000000000
 S 1 
   1      0.55606439460     1.00000000000
 S 1 
   1      0.13793093810     1.00000000000
 S 1 
   1      0.04898903410     1.00000000000
 P 4 
   1      8.10000000000     0.72955608130
   2      7.20000000000    -0.95441807250
   3      1.55884029170     0.57140490320
   4      0.73230402180     0.49508234270
 P 1 
   1      0.30270484670     1.00000000000
 P 1 
   1      0.05000000000     1.00000000000
 D 4 
   1      4.62995368250    -0.08777445060
   2      2.19802412520     0.21158360680
   3      0.93629991260     0.46533857640
   4      0.37160028160     0.41129165520
 D 1 
   1      0.13155928620     1.00000000000
 F 1 
   1      0.66813000000     1.00000000000

GOLD
 S 2 
   1     20.11529900000    -0.15910719390
   2     12.19347700000     0.79105526780
 S 1 
   1      6.07352943680     1.00000000000
 S 1 
   1      1.31744515690     1.00000000000
 S 1 
   1      0.58596768240     1.00000000000
 S 1 
   1      0.13875427350     1.00000000000
 S 1 
   1      0.04887698550     1.00000000000
 P 4 
   1      8.60966500000     0.50053018600
   2      7.33532600000    -0.72681584490
   3      1.65752963650     0.57315511420
   4      0.78159310220     0.49579068860
 P 1 
   1      0.32384840660     1.00000000000
 P 1 
   1      0.05400000000     1.00000000000
 D 4 
   1      4.14394900000    -0.37099566640
   2      3.56825700000     0.40197233760
   3      1.23457571300     0.46001988620
   4      0.48190232340     0.46152130960
 D 1 
   1      0.16490636770     1.00000000000
 F 1 
   1      0.72482000000     1.00000000000

MERCURY
 S 2 
   1     26.84204900000    -0.02684509650
   2     10.32090900000     0.81771278140
 S 1 
   1      6.36562422910     1.00000000000
 S 1 
   1      1.38989320950     1.00000000000
 S 1 
   1      0.63706742700     1.00000000000
 S 1 
   1      0.16047725100     1.00000000000
 S 1 
   1      0.05641042350     1.00000000000
 P 4 
   1      9.77299000000     0.21210940500
   2      7.16909500000    -0.44026342150
   3      1.75595679310     0.58406314460
   4      0.83145670420     0.49359746200
 P 1 
   1      0.34494917660     1.00000000000
 P 1 
   1      0.07000000000     1.00000000000
 D 4 
   1      4.28000000000    -0.32033414310
   2      3.48000000000     0.37748470200
   3      1.25358699260     0.48342275880
   4      0.50841366860     0.43493523160
 D 1 
   1      0.18501599390     1.00000000000
 F 1 
   1      0.79569000000     1.00000000000

THALLIUM
 S 6 
   1     45.35692465500     0.00509381570
   2     20.27884333600    -0.14805704310
   3     14.42061239400     0.36768453560
   4      6.21619097540    -0.66820394620
   5      1.50025111780     0.96232806740
   6      0.76330879300     0.33175999360
 S 2 
   1      7.81931952830    -0.01882863150
   2      1.31769040420     0.32093431470
 S 1 
   1      0.17643545480     1.00000000000
 S 1 
   1      0.06529683520     1.00000000000
 P 4 
   1      9.03230580240     0.22738839090
   2      7.53564196710    -0.35117975890
   3      1.05214219980     0.25690085600
   4      0.50303932660     0.08454994280
 P 1 
   1      2.00676609130     1.00000000000
 P 1 
   1      0.16675605060     1.00000000000
 P 1 
   1      0.04859640150     1.00000000000
 D 5 
   1      9.44219407600     0.05825077700
   2      7.44100033810    -0.11789199300
   3      1.98316177720     0.34232057640
   4      0.91671748570     0.47557282350
   5      0.39647207890     0.30528029430
 D 1 
   1      0.15500000000     1.00000000000

LEAD
 S 6 
   1     55.72752033300     0.00296811530
   2     20.30291282700    -0.14352634360
   3     14.55862875000     0.37554188510
   4      6.53705309730    -0.67253099800
   5      1.59339006860     0.95887533910
   6      0.83051419710     0.32593632540
 S 2 
   1      8.07194736480    -0.02041206120
   2      1.41657374900     0.32865829050
 S 1 
   1      0.20418933370     1.00000000000
 S 1 
   1      0.07715900780     1.00000000000
 P 4 
   1      9.55314121990     0.20542943990
   2      7.53276851290    -0.36407590060
   3      1.11855395670     0.32217481690
   4      0.53739855260     0.09667774300
 P 1 
   1      2.13598698280     1.00000000000
 P 1 
   1      0.20027494800     1.00000000000
 P 1 
   1      0.06340801150     1.00000000000
 D 5 
   1     13.49450573500     0.01157104240
   2      7.06097704110    -0.06674664510
   3      2.15818353750     0.33978760940
   4      1.01485414180     0.48523039270
   5      0.44632672920     0.29682924020
 D 1 
   1      0.17500000000     1.00000000000

BISMUTH
 S 6 
   1    175.19632102000     0.00080278880
   2     19.82014778300    -0.14624461250
   3     14.96011010200     0.37435719890
   4      6.70657855710    -0.68476017750
   5      1.73919675240     0.90967322080
   6      0.94504730590     0.38695797810
 S 2 
   1      8.46368329090    -0.02003718310
   2      1.53178385450     0.31054408680
 S 1 
   1      0.23405391500     1.00000000000
 S 1 
   1      0.09026881460     1.00000000000
 P 4 
   1     10.67204629300     0.14391258790
   2      7.19921859150    -0.37994608600
   3      1.53596975280     0.53268032070
   4      0.72201275730     0.23037698680
 P 1 
   1      2.85086618580     1.00000000000
 P 1 
   1      0.23769418730     1.00000000000
 P 1 
   1      0.07876814050     1.00000000000
 D 5 
   1     15.83427351000     0.00850629930
   2      7.09568960870    -0.06595438000
   3      2.33631370070     0.33707163410
   4      1.12088613660     0.49128719930
   5      0.50309487380     0.29095930640
 D 1 
   1      0.20000000000     1.00000000000

POLONIUM
 S 6 
   1    278.13783916000     0.00091690500
   2     19.65929110500    -0.14713009280
   3     15.01622964700     0.38790413630
   4      7.11499787200    -0.67059966300
   5      1.78792141220     0.91212928330
   6      0.94021655210     0.29153755200
 S 2 
   1      8.75841617490    -0.02156141750
   2      1.65039458660     0.31638990000
 S 1 
   1      0.26329582130     1.00000000000
 S 1 
   1      0.10190654300     1.00000000000
 P 4 
   1     10.44594597300     0.23631841410
   2      8.02931018880    -0.45017819000
   3      1.35887980230     0.44160334660
   4      0.66829182930     0.14575285540
 P 1 
   1      2.44606353870     1.00000000000
 P 1 
   1      0.27242942780     1.00000000000
 P 1 
   1      0.08879603130     1.00000000000
 D 5 
   1     18.29267015000     0.00720309640
   2      7.16955785390    -0.06616054480
   3      2.50292251800     0.34363449380
   4      1.21159454430     0.50529101030
   5      0.54713334240     0.28301155450
 D 1 
   1      0.21500000000     1.00000000000

ASTATINE
 S 6 
   1    303.23376176000     0.00063504970
   2     20.28944924000    -0.13823165350
   3     15.38378312600     0.38333193280
   4      7.47021842320    -0.66837560340
   5      1.87316083460     0.91545877990
   6      0.97426847540     0.25559568000
 S 2 
   1      8.96101124980    -0.02309297760
   2      1.78042842940     0.31690635940
 S 1 
   1      0.29269461140     1.00000000000
 S 1 
   1      0.11395353120     1.00000000000
 P 4 
   1     10.72202313400     0.26194870010
   2      8.48233386560    -0.46607228260
   3      1.34742912940     0.42119853310
   4      0.62824011470     0.10643224460
 P 1 
   1      2.48148968390     1.00000000000
 P 1 
   1      0.31036518470     1.00000000000
 P 1 
   1      0.10144862040     1.00000000000
 D 5 
   1     20.79981960400     0.00652279650
   2      7.16646167700    -0.06778088520
   3      2.69343970480     0.33954991340
   4      1.31751124230     0.50899559180
   5      0.59997066290     0.27526771760
 D 1 
   1      0.23500000000     1.00000000000

RADON
 S 5 
   1   5187.74424680000     0.00016097030
   2    768.14491207000     0.00105082150
   3    159.35182065000     0.00273754380
   4     21.86343272400    -0.55045904900
   5     18.38868997800     0.78321373920
 S 2 
   1     24.81622644800    -0.08263679720
   2      7.29233016770     1.09262560000
 S 1 
   1      2.08504371660     1.00000000000
 S 1 
   1      1.09152459450     1.00000000000
 S 1 
   1      0.34915708430     1.00000000000
 S 1 
   1      0.13648422950     1.00000000000
 P 3 
   1    194.68918723000     0.00026265810
   2     11.21001352500     0.19952302620
   3      7.52983164890    -0.45994479560
 P 4 
   1      9.08450003040    -0.23093917430
   2      6.26314897170     0.39747614190
   3      2.25451937340     0.83026693840
   4      1.11806669180     0.51467013110
 P 1 
   1      0.47444492590     1.00000000000
 P 1 
   1      0.20172354620     1.00000000000
 P 1 
   1      0.07950314440     1.00000000000
 D 6 
   1     75.30272366500     0.00073590240
   2     17.96591383000     0.00894908270
   3      7.37412980330    -0.07664166370
   4      3.22962585780     0.22975404600
   5      1.79378405080     0.43991495310
   6      0.94633319730     0.35259395200
 D 1 
   1      0.46860482220     1.00000000000
 D 1 
   1      0.20000000000     1.00000000000
 F 1 
   1      0.41806000000     1.00000000000
 F 1 
   1      2.10000000000     1.00000000000
$END



! -----------------------------------
!  ECP BASIS SET IN INPUT FORMAT
! -----------------------------------

$ECP
RB-ECP GEN     28     3
3   -------  s-ul potential  ----------
      89.50019800  2         5.03655100
       0.49376100  2         1.97084900
      12.31690000  2         3.84311400
3   -------  p-ul potential  ----------
      58.56897400  2         4.25834100
       0.43179100  2         1.47070900
      12.31690000  2         3.84311400
3   -------  d-ul potential  ----------
      26.22489800  2         3.02312700
       0.96283900  2         0.65038300
      12.31690000  2         3.84311400
1   -------  f-ul potential  ----------
     -12.31690000  2         3.84311400
$END

$ECP
SR-ECP GEN     28     3
3   -------  s-ul potential  ----------
     135.47943000  2         7.40007400
      17.53446300  2         3.60637900
      15.80599200  2         4.63397500
3   -------  p-ul potential  ----------
      88.35970900  2         6.48486800
      15.39437200  2         3.28805300
      15.80599200  2         4.63397500
3   -------  d-ul potential  ----------
      29.88898700  2         4.62284100
       6.65941400  2         2.24690400
      15.80599200  2         4.63397500
1   -------  f-ul potential  ----------
     -15.80599200  2         4.63397500
$END

$ECP
Y -ECP GEN     28     3
4   -------  s-ul potential  ----------
     135.15384410  2         7.48804940
      15.55244130  2         3.74402470
      19.12219810  2         6.58421200
       2.43637540  2         3.29210600
4   -------  p-ul potential  ----------
      87.78499170  2         6.44537720
      11.56406600  2         3.22268860
      19.12219810  2         6.58421200
       2.43637540  2         3.29210600
4   -------  d-ul potential  ----------
      29.70100070  2         4.65844720
       5.53996850  2         2.32922360
      19.12219810  2         6.58421200
       2.43637540  2         3.29210600
2   -------  f-ul potential  ----------
     -19.12219810  2         6.58421200
      -2.43637540  2         3.29210600
$END

$ECP
ZR-ECP GEN     28     3
4   -------  s-ul potential  ----------
     150.26759110  2         8.20000000
      18.97621650  2         4.08972780
      21.09377600  2         7.54000000
       3.08069430  2         3.77000000
4   -------  p-ul potential  ----------
      99.62212370  2         7.11000000
      14.16873330  2         3.59679800
      21.09377600  2         7.54000000
       3.08069430  2         3.77000000
4   -------  d-ul potential  ----------
      35.04512350  2         5.35000000
       6.11125950  2         2.49182150
      21.09377600  2         7.54000000
       3.08069430  2         3.77000000
2   -------  f-ul potential  ----------
     -21.09377600  2         7.54000000
      -3.08069430  2         3.77000000
$END

$ECP
NB-ECP GEN     28     3
4   -------  s-ul potential  ----------
     165.17914350  2         8.90000000
      21.99297440  2         4.43000000
      22.92955000  2         8.49000000
       3.66630990  2         4.25000000
4   -------  p-ul potential  ----------
     111.79441450  2         7.77000000
      16.63348330  2         3.96000000
      22.92955000  2         8.49000000
       3.66630990  2         4.25000000
4   -------  d-ul potential  ----------
      38.11224880  2         6.05000000
       8.03916730  2         2.84000000
      22.92955000  2         8.49000000
       3.66630990  2         4.25000000
2   -------  f-ul potential  ----------
     -22.92955000  2         8.49000000
      -3.66630990  2         4.25000000
$END

$ECP
MO-ECP GEN     28     3
4   -------  s-ul potential  ----------
     180.10310850  2         9.71459380
      24.99722790  2         4.68050040
      24.80517710  2         9.45000000
       4.15378150  2         4.72000000
4   -------  p-ul potential  ----------
     123.77275230  2         8.14213660
      19.53022800  2         4.62598630
      24.80517710  2         9.45000000
       4.15378150  2         4.72000000
4   -------  d-ul potential  ----------
      48.37502230  2         6.61841480
       8.89205270  2         3.24875160
      24.80517710  2         9.45000000
       4.15378150  2         4.72000000
2   -------  f-ul potential  ----------
     -24.80517710  2         9.45000000
      -4.15378150  2         4.72000000
$END

$ECP
TC-ECP GEN     28     3
4   -------  s-ul potential  ----------
     195.15916590  2        10.42234620
      28.09260330  2         5.03651600
      26.56244750  2        10.40000000
       4.58568050  2         5.20000000
4   -------  p-ul potential  ----------
     135.28456620  2         8.95044940
      21.80650430  2         4.85443940
      26.56244750  2        10.40000000
       4.58568050  2         5.20000000
4   -------  d-ul potential  ----------
      54.32972940  2         6.94569680
      11.15506790  2         3.97058490
      26.56244750  2        10.40000000
       4.58568050  2         5.20000000
2   -------  f-ul potential  ----------
     -26.56244750  2        10.40000000
      -4.58568050  2         5.20000000
$END

$ECP
RU-ECP GEN     28     3
4   -------  s-ul potential  ----------
     209.82297120  2        11.10526930
      30.65472640  2         5.41474540
      28.34061630  2        11.36000000
       4.94462920  2         5.68000000
4   -------  p-ul potential  ----------
     146.33618230  2         9.77127070
      24.12787720  2         5.07399080
      28.34061630  2        11.36000000
       4.94462920  2         5.68000000
4   -------  d-ul potential  ----------
      67.51589670  2         7.67142310
       9.87010410  2         4.13656470
      28.34061630  2        11.36000000
       4.94462920  2         5.68000000
2   -------  f-ul potential  ----------
     -28.34061630  2        11.36000000
      -4.94462920  2         5.68000000
$END

$ECP
RH-ECP GEN     28     3
4   -------  s-ul potential  ----------
     225.34775350  2        11.72000000
      32.82318900  2         5.82000000
      30.09345570  2        12.31000000
       5.21848190  2         6.16000000
4   -------  p-ul potential  ----------
     158.70941160  2        10.42000000
      26.44410050  2         5.45000000
      30.09345570  2        12.31000000
       5.21848190  2         6.16000000
4   -------  d-ul potential  ----------
      62.75862570  2         8.82000000
      10.97871950  2         3.87000000
      30.09345570  2        12.31000000
       5.21848190  2         6.16000000
2   -------  f-ul potential  ----------
     -30.09345570  2        12.31000000
      -5.21848190  2         6.16000000
$END

$ECP
PD-ECP GEN     28     3
4   -------  s-ul potential  ----------
     240.22904030  2        12.43000000
      35.17194350  2         6.17075940
      31.92955430  2        13.27000000
       5.39821690  2         6.63000000
4   -------  p-ul potential  ----------
     170.41727600  2        11.08000000
      28.47213290  2         5.82955410
      31.92955430  2        13.27000000
       5.39821690  2         6.63000000
4   -------  d-ul potential  ----------
      69.01384490  2         9.51000000
      11.75086160  2         4.13978110
      31.92955430  2        13.27000000
       5.39821690  2         6.63000000
2   -------  f-ul potential  ----------
     -31.92955430  2        13.27000000
      -5.39821690  2         6.63000000
$END

$ECP
AG-ECP GEN     28     3
4   -------  s-ul potential  ----------
     255.13936450  2        13.13000000
      36.86612150  2         6.51000000
      33.68992010  2        14.22000000
       5.53112020  2         7.11000000
4   -------  p-ul potential  ----------
     182.18186870  2        11.74000000
      30.35775150  2         6.20000000
      33.68992010  2        14.22000000
       5.53112020  2         7.11000000
4   -------  d-ul potential  ----------
      73.71926090  2        10.21000000
      12.50211710  2         4.38000000
      33.68992010  2        14.22000000
       5.53112020  2         7.11000000
2   -------  f-ul potential  ----------
     -33.68992010  2        14.22000000
      -5.53112020  2         7.11000000
$END

$ECP
CD-ECP GEN     28     3
4   -------  s-ul potential  ----------
     270.00948320  2        13.83586890
      38.76730800  2         6.85727040
      35.47662560  2        15.18479570
       5.61767680  2         7.59239780
4   -------  p-ul potential  ----------
     193.82962940  2        12.40497100
      31.89652520  2         6.56779950
      35.47662560  2        15.18479570
       5.61767680  2         7.59239780
4   -------  d-ul potential  ----------
      79.19364700  2        10.89692530
      13.23082670  2         4.64116490
      35.47662560  2        15.18479570
       5.61767680  2         7.59239780
2   -------  f-ul potential  ----------
     -35.47662560  2        15.18479570
      -5.61767680  2         7.59239780
$END

$ECP
IN-ECP GEN     28     3
4   -------  s-ul potential  ----------
     281.12235000  2        15.39282200
      61.90147000  2         8.05586400
      13.72807800  2        12.53905600
      18.20686600  2        12.55256100
6   -------  p-ul potential  ----------
      67.46215400  2        13.92867200
     134.94925000  2        13.34723400
      14.74614000  2         7.61413200
      29.63926200  2         7.31836500
      13.72807800  2        12.53905600
      18.20686600  2        12.55256100
6   -------  d-ul potential  ----------
      35.49325400  2        14.03471500
      53.17877300  2        14.51161600
       9.17728100  2         5.55055000
      12.39241000  2         5.05941500
      13.72807800  2        12.53905600
      18.20686600  2        12.55256100
2   -------  f-ul potential  ----------
     -13.72807800  2        12.53905600
     -18.20686600  2        12.55256100
$END

$ECP
SN-ECP GEN     28     3
4   -------  s-ul potential  ----------
     279.98868200  2        17.42041400
      62.37781000  2         7.63115500
      12.57633300  2        12.28234800
      16.59594400  2        12.27215000
6   -------  p-ul potential  ----------
      66.16252300  2        16.13102400
     132.17439600  2        15.62807700
      16.33941700  2         7.32560800
      32.48895900  2         6.94251900
      12.57633300  2        12.28234800
      16.59594400  2        12.27215000
6   -------  d-ul potential  ----------
      36.38744100  2        15.51497600
      54.50784100  2        15.18816000
       8.69682300  2         5.45602400
      12.84020800  2         5.36310500
      12.57633300  2        12.28234800
      16.59594400  2        12.27215000
2   -------  f-ul potential  ----------
     -12.57633300  2        12.28234800
     -16.59594400  2        12.27215000
$END

$ECP
SB-ECP GEN     28     3
4   -------  s-ul potential  ----------
     281.07158100  2        16.33086500
      61.71660400  2         8.55654200
      15.36680100  2        14.44497800
      20.29613800  2        14.44929500
6   -------  p-ul potential  ----------
      67.45738000  2        14.47033700
     134.93350300  2        13.81619400
      14.71634400  2         8.42492400
      29.51851200  2         8.09272800
      15.36680100  2        14.44497800
      20.29613800  2        14.44929500
6   -------  d-ul potential  ----------
      35.44781500  2        14.88633100
      53.14346600  2        15.14631900
       9.17922300  2         5.90826700
      13.24025300  2         5.59432200
      15.36680100  2        14.44497800
      20.29613800  2        14.44929500
2   -------  f-ul potential  ----------
     -15.36680100  2        14.44497800
     -20.29613800  2        14.44929500
$END

$ECP
TE-ECP GEN     28     3
4   -------  s-ul potential  ----------
     281.04584300  2        16.81447300
      61.62065600  2         8.79352600
      15.74545000  2        15.20616800
      20.74244800  2        15.20170200
6   -------  p-ul potential  ----------
      67.44946400  2        14.87780100
     134.90430400  2        14.26973100
      14.68954700  2         8.72443500
      29.41506300  2         8.29151500
      15.74545000  2        15.20616800
      20.74244800  2        15.20170200
6   -------  d-ul potential  ----------
      35.43205700  2        15.20500800
      53.13568700  2        15.22584800
       9.06980200  2         6.07176900
      13.12230400  2         5.80476000
      15.74545000  2        15.20616800
      20.74244800  2        15.20170200
2   -------  f-ul potential  ----------
     -15.74545000  2        15.20616800
     -20.74244800  2        15.20170200
$END

$ECP
I -ECP GEN     28     3
7   -------  s-ul potential  ----------
      49.99429300  2        40.01583500
     281.02531700  2        17.42974700
      61.57332600  2         9.00548400
      21.84204000  2        19.45860900
      28.46819100  2        19.34926000
       0.24371300  2         4.82376700
       0.32080400  2         4.88431500
8   -------  p-ul potential  ----------
      67.44284100  2        15.35546600
     134.88113700  2        14.97183300
      14.67505100  2         8.96016400
      29.37566600  2         8.25909600
      21.84204000  2        19.45860900
      28.46819100  2        19.34926000
       0.24371300  2         4.82376700
       0.32080400  2         4.88431500
10   -------  d-ul potential  ----------
      35.43952900  2        15.06890800
      53.17605700  2        14.55532200
       9.06719500  2         6.71864700
      13.20693700  2         6.45639300
       0.08933500  2         1.19177900
       0.05238000  2         1.29115700
      21.84204000  2        19.45860900
      28.46819100  2        19.34926000
       0.24371300  2         4.82376700
       0.32080400  2         4.88431500
4   -------  f-ul potential  ----------
     -21.84204000  2        19.45860900
     -28.46819100  2        19.34926000
      -0.24371300  2         4.82376700
      -0.32080400  2         4.88431500
$END

$ECP
XE-ECP GEN     28     3
7   -------  s-ul potential  ----------
      49.99796200  2        40.00518400
     281.01330300  2        17.81221400
      61.53825500  2         9.30415000
      23.08929500  2        20.88155700
      30.07447500  2        20.78344300
       0.28822700  2         5.25338900
       0.38692400  2         5.36118800
8   -------  p-ul potential  ----------
      67.43914200  2        15.70177200
     134.87471100  2        15.25860800
      14.66330000  2         9.29218400
      29.35473000  2         8.55900300
      23.08929500  2        20.88155700
      30.07447500  2        20.78344300
       0.28822700  2         5.25338900
       0.38692400  2         5.36118800
10   -------  d-ul potential  ----------
      35.43690800  2        15.18560000
      53.19577200  2        14.28450000
       9.04623200  2         7.12188900
      13.22368100  2         6.99196300
       0.08485300  2         0.62394600
       0.04415500  2         0.64728400
      23.08929500  2        20.88155700
      30.07447500  2        20.78344300
       0.28822700  2         5.25338900
       0.38692400  2         5.36118800
4   -------  f-ul potential  ----------
     -23.08929500  2        20.88155700
     -30.07447500  2        20.78344300
      -0.28822700  2         5.25338900
      -0.38692400  2         5.36118800
$END

$ECP
CS-ECP GEN     46     3
3   -------  s-ul potential  ----------
      84.54773000  2         4.07975000
      16.65417300  2         2.41740600
      28.88430900  2         3.12326900
3   -------  p-ul potential  ----------
     157.04905900  2         5.51408000
      26.42330700  2         2.16031600
      28.88430900  2         3.12326900
3   -------  d-ul potential  ----------
      13.17275300  2         1.80741000
       3.34283300  2         0.85818200
      28.88430900  2         3.12326900
1   -------  f-ul potential  ----------
     -28.88430900  2         3.12326900
$END

$ECP
BA-ECP GEN     46     3
3   -------  s-ul potential  ----------
     427.84581600  2         9.52698600
     204.41753000  2         4.48751000
      33.47317400  2         3.58946500
3   -------  p-ul potential  ----------
     293.60586400  2         8.31593000
     294.19331600  2         4.29221700
      33.47317400  2         3.58946500
3   -------  d-ul potential  ----------
     112.55040200  2         5.91610800
     181.78262100  2         2.87484200
      33.47317400  2         3.58946500
1   -------  f-ul potential  ----------
     -33.47317400  2         3.58946500
$END

$ECP
LA-ECP GEN     46     3
3   -------  s-ul potential  ----------
      91.93217700  2         3.30990000
      -3.78876400  2         1.65500000
      36.01001600  2         4.02860000
3   -------  p-ul potential  ----------
      63.75948600  2         2.83680000
      -0.64795800  2         1.41840000
      36.01001600  2         4.02860000
3   -------  d-ul potential  ----------
      36.11617300  2         2.02130000
       0.21911400  2         1.01070000
      36.01001600  2         4.02860000
1   -------  f-ul potential  ----------
     -36.01001600  2         4.02860000
$END

$ECP
CE-ECP GEN     28     5
1   -------  s-ul potential  ----------
     580.08345700  2        20.13782900
1   -------  p-ul potential  ----------
     310.30283300  2        15.99848200
1   -------  d-ul potential  ----------
     167.81394400  2        14.97418700
1   -------  f-ul potential  ----------
     -49.39022900  2        23.40245500
1   -------  g-ul potential  ----------
     -21.33187900  2        16.57055300
1   -------  h-ul potential  ----------
       0.00000000  2         1.00000000
$END

$ECP
PR-ECP GEN     28     5
1   -------  s-ul potential  ----------
     577.57312200  2        20.76627800
1   -------  p-ul potential  ----------
     295.78584600  2        16.07844800
1   -------  d-ul potential  ----------
     150.86705500  2        14.70508900
1   -------  f-ul potential  ----------
     -48.73676600  2        23.37896900
1   -------  g-ul potential  ----------
     -22.32948800  2        17.44713800
1   -------  h-ul potential  ----------
       0.00000000  2         1.00000000
$END

$ECP
ND-ECP GEN     28     5
1   -------  s-ul potential  ----------
     574.37098000  2        21.35226700
1   -------  p-ul potential  ----------
     280.94644000  2        16.11926500
1   -------  d-ul potential  ----------
     138.67062700  2        14.49410300
1   -------  f-ul potential  ----------
     -47.52266800  2        23.18386000
1   -------  g-ul potential  ----------
     -23.34458700  2        18.34417400
1   -------  h-ul potential  ----------
       0.00000000  2         1.00000000
$END

$ECP
PM-ECP GEN     28     5
1   -------  s-ul potential  ----------
     575.39574900  2        21.94286500
1   -------  p-ul potential  ----------
     281.70451400  2        16.55516100
1   -------  d-ul potential  ----------
     123.52473700  2        13.96030800
1   -------  f-ul potential  ----------
     -50.74151100  2        24.03354600
1   -------  g-ul potential  ----------
     -24.37251000  2        19.26024500
1   -------  h-ul potential  ----------
       0.00000000  2         1.00000000
$END

$ECP
SM-ECP GEN     28     5
1   -------  s-ul potential  ----------
     572.98533200  2        22.34447100
1   -------  p-ul potential  ----------
     272.35914500  2        16.69459000
1   -------  d-ul potential  ----------
     115.29390000  2        13.72770500
1   -------  f-ul potential  ----------
     -51.10839200  2        24.05909200
1   -------  g-ul potential  ----------
     -25.42188500  2        20.19724900
1   -------  h-ul potential  ----------
       0.00000000  2         1.00000000
$END

$ECP
EU-ECP GEN     28     5
1   -------  s-ul potential  ----------
     607.65933100  2        23.47138400
1   -------  p-ul potential  ----------
     264.38547600  2        16.77247900
1   -------  d-ul potential  ----------
     115.38137500  2        13.98134300
1   -------  f-ul potential  ----------
     -49.40079400  2        23.96288800
1   -------  g-ul potential  ----------
     -26.74827300  2        21.23245800
1   -------  h-ul potential  ----------
       0.00000000  2         1.00000000
$END

$ECP
GD-ECP GEN     28     5
1   -------  s-ul potential  ----------
     637.20086900  2        24.60215100
1   -------  p-ul potential  ----------
     261.68960100  2        16.88925000
1   -------  d-ul potential  ----------
     106.85653300  2        13.64335800
1   -------  f-ul potential  ----------
     -50.68359000  2        24.12691700
1   -------  g-ul potential  ----------
     -27.57963000  2        22.13188700
1   -------  h-ul potential  ----------
       0.00000000  2         1.00000000
$END

$ECP
TB-ECP GEN     28     5
1   -------  s-ul potential  ----------
     668.59715500  2        24.95295600
1   -------  p-ul potential  ----------
     266.98047500  2        17.61089900
1   -------  d-ul potential  ----------
      97.50659600  2        12.97600900
1   -------  f-ul potential  ----------
     -52.17575700  2        24.24886900
1   -------  g-ul potential  ----------
     -28.69426800  2        23.13067200
1   -------  h-ul potential  ----------
       0.00000000  2         1.00000000
$END

$ECP
DY-ECP GEN     28     5
1   -------  s-ul potential  ----------
     705.67122100  2        26.42958600
1   -------  p-ul potential  ----------
     254.86698900  2        17.31703400
1   -------  d-ul potential  ----------
      95.04518700  2        12.91359900
1   -------  f-ul potential  ----------
     -54.57409300  2        24.90787800
1   -------  g-ul potential  ----------
     -29.82827700  2        24.14875300
1   -------  h-ul potential  ----------
       0.00000000  2         1.00000000
$END

$ECP
HO-ECP GEN     28     5
1   -------  s-ul potential  ----------
     755.70313600  2        28.39725700
1   -------  p-ul potential  ----------
     253.55199800  2        17.43863300
1   -------  d-ul potential  ----------
      89.63567700  2        12.43421200
1   -------  f-ul potential  ----------
     -55.48203600  2        25.38701000
1   -------  g-ul potential  ----------
     -30.99112500  2        25.18850100
1   -------  h-ul potential  ----------
       0.00000000  2         1.00000000
$END

$ECP
ER-ECP GEN     28     5
1   -------  s-ul potential  ----------
     800.95287600  2        29.79859200
1   -------  p-ul potential  ----------
     262.01986900  2        18.11423700
1   -------  d-ul potential  ----------
      80.17055200  2        11.36958700
1   -------  f-ul potential  ----------
     -42.33628500  2        21.82123300
1   -------  g-ul potential  ----------
     -32.18527800  2        26.25073500
1   -------  h-ul potential  ----------
       0.00000000  2         1.00000000
$END

$ECP
TM-ECP GEN     28     5
1   -------  s-ul potential  ----------
     845.51074300  2        31.14412200
1   -------  p-ul potential  ----------
     258.58523900  2        18.09235300
1   -------  d-ul potential  ----------
      80.72905900  2        11.46915900
1   -------  f-ul potential  ----------
     -48.70126600  2        23.60554400
1   -------  g-ul potential  ----------
     -33.39549600  2        27.32978100
1   -------  h-ul potential  ----------
       0.00000000  2         1.00000000
$END

$ECP
YB-ECP GEN     28     5
1   -------  s-ul potential  ----------
     891.01377700  2        32.42448400
1   -------  p-ul potential  ----------
     264.03695300  2        18.65623200
1   -------  d-ul potential  ----------
      73.92391900  2        10.49022200
1   -------  f-ul potential  ----------
     -39.59217300  2        20.77418300
1   -------  g-ul potential  ----------
     -34.63863800  2        28.43102800
1   -------  h-ul potential  ----------
       0.00000000  2         1.00000000
$END

$ECP
LU-ECP GEN     28     5
1   -------  s-ul potential  ----------
     989.99558400  2        35.16209700
1   -------  p-ul potential  ----------
     278.86565200  2        19.46440200
1   -------  d-ul potential  ----------
      71.00917800  2        10.00686500
1   -------  f-ul potential  ----------
     -47.40589000  2        23.51793200
1   -------  g-ul potential  ----------
     -35.55714600  2        29.41223800
1   -------  h-ul potential  ----------
       0.00000000  2         1.00000000
$END

$ECP
HF-ECP GEN     60     3
3   -------  s-ul potential  ----------
    1499.28471070  2        14.76995900
      40.28210140  2         7.38497940
     -10.04672250  2         1.78576980
3   -------  p-ul potential  ----------
     397.73300530  2         9.84948950
      19.31640590  2         4.92474450
     -10.04672250  2         1.78576980
3   -------  d-ul potential  ----------
     101.32980530  2         6.09675640
       5.87343820  2         3.04837820
     -10.04672250  2         1.78576980
1   -------  f-ul potential  ----------
      10.04672250  2         1.78576980
$END

$ECP
TA-ECP GEN     60     3
3   -------  s-ul potential  ----------
    1345.88064700  2        14.54640770
      36.76680620  2         7.27320380
     -12.01796090  2         2.01788110
3   -------  p-ul potential  ----------
     378.42530150  2         9.93556530
      22.29309090  2         4.96778240
     -12.01796090  2         2.01788110
3   -------  d-ul potential  ----------
     104.88395570  2         6.34737690
       8.75584810  2         3.17368850
     -12.01796090  2         2.01788110
1   -------  f-ul potential  ----------
      12.01796090  2         2.01788110
$END

$ECP
W -ECP GEN     60     3
3   -------  s-ul potential  ----------
    1192.39588230  2        14.32285640
      32.52293320  2         7.16142810
     -14.15257950  2         2.25888850
3   -------  p-ul potential  ----------
     359.03196710  2        10.02164110
      24.03038020  2         5.01082040
     -14.15257950  2         2.25888850
3   -------  d-ul potential  ----------
     108.30134900  2         6.59799740
      10.98252830  2         3.29899870
     -14.15257950  2         2.25888850
1   -------  f-ul potential  ----------
      14.15257950  2         2.25888850
$END

$ECP
RE-ECP GEN     60     3
3   -------  s-ul potential  ----------
    1038.95157230  2        14.09930510
      29.56173830  2         7.04965250
     -16.44985230  2         2.50865060
3   -------  p-ul potential  ----------
     339.54350960  2        10.10771690
      24.91369650  2         5.05385830
     -16.44985230  2         2.50865060
3   -------  d-ul potential  ----------
     111.69965270  2         6.84861790
      12.62432930  2         3.42430900
     -16.44985230  2         2.50865060
1   -------  f-ul potential  ----------
      16.44985230  2         2.50865060
$END

$ECP
OS-ECP GEN     60     3
3   -------  s-ul potential  ----------
     885.40571910  2        13.87575390
      25.96704010  2         6.93787690
     -18.90945700  2         2.76707510
3   -------  p-ul potential  ----------
     320.08390190  2        10.19379260
      26.14876490  2         5.09689620
     -18.90945700  2         2.76707510
3   -------  d-ul potential  ----------
     115.04484310  2         7.09923850
      13.62257460  2         3.54961920
     -18.90945700  2         2.76707510
1   -------  f-ul potential  ----------
      18.90945700  2         2.76707510
$END

$ECP
IR-ECP GEN     60     3
3   -------  s-ul potential  ----------
     732.26919980  2        13.65220260
      26.48472090  2         6.82610130
     -21.53103110  2         3.03407190
3   -------  p-ul potential  ----------
     299.48947360  2        10.27986840
      26.46623350  2         5.13993410
     -21.53103110  2         3.03407190
3   -------  d-ul potential  ----------
     124.45759450  2         7.34985900
      14.03599520  2         3.67492950
     -21.53103110  2         3.03407190
1   -------  f-ul potential  ----------
      21.53103110  2         3.03407190
$END

$ECP
PT-ECP GEN     60     3
3   -------  s-ul potential  ----------
     579.22386090  2        13.42865130
      29.66949060  2         6.71432560
     -24.31437570  2         3.30956860
3   -------  p-ul potential  ----------
     280.86077420  2        10.36594420
      26.74538200  2         5.18297210
     -24.31437570  2         3.30956860
3   -------  d-ul potential  ----------
     120.39644430  2         7.60047950
      15.81092060  2         3.80023970
     -24.31437570  2         3.30956860
1   -------  f-ul potential  ----------
      24.31437570  2         3.30956860
$END

$ECP
AU-ECP GEN     60     3
4   -------  s-ul potential  ----------
     426.84667920  2        13.20510000
      37.00708290  2         6.60255000
     -30.49008890  2         4.78982000
      -5.17107380  2         2.39491000
4   -------  p-ul potential  ----------
     261.19958040  2        10.45202000
      26.96249600  2         5.22601000
     -30.49008890  2         4.78982000
      -5.17107380  2         2.39491000
4   -------  d-ul potential  ----------
     124.79066560  2         7.85110000
      16.30072570  2         3.92555000
     -30.49008890  2         4.78982000
      -5.17107380  2         2.39491000
2   -------  f-ul potential  ----------
      30.49008890  2         4.78982000
       5.17107380  2         2.39491000
$END

$ECP
HG-ECP GEN     60     3
3   -------  s-ul potential  ----------
     275.73721170  2        12.98154870
      49.08921250  2         6.49077440
     -30.36499640  2         3.88579110
3   -------  p-ul potential  ----------
     241.54007400  2        10.53809580
      27.39659080  2         5.26904790
     -30.36499640  2         3.88579110
3   -------  d-ul potential  ----------
     127.86700760  2         8.10172050
      16.60831150  2         4.05086030
     -30.36499640  2         3.88579110
1   -------  f-ul potential  ----------
      30.36499640  2         3.88579110
$END

$ECP
TL-ECP GEN     60     3
6   -------  s-ul potential  ----------
     281.28466300  2        12.16780500
      62.43425100  2         8.29490900
     -15.82548800  2         5.62639900
     -21.10402100  2         5.54895200
      -2.91512700  2         2.87494600
      -3.89690300  2         2.82145100
8   -------  p-ul potential  ----------
       4.63340800  2         7.15149200
       9.34175600  2         5.17286500
      72.29925300  2         9.89107200
     144.55803700  2         9.00339100
     -15.82548800  2         5.62639900
     -21.10402100  2         5.54895200
      -2.91512700  2         2.87494600
      -3.89690300  2         2.82145100
8   -------  d-ul potential  ----------
      35.94303900  2         7.13021800
      53.90959300  2         6.92690600
      10.38193900  2         5.41757000
      15.58382200  2         5.13868100
     -15.82548800  2         5.62639900
     -21.10402100  2         5.54895200
      -2.91512700  2         2.87494600
      -3.89690300  2         2.82145100
4   -------  f-ul potential  ----------
      15.82548800  2         5.62639900
      21.10402100  2         5.54895200
       2.91512700  2         2.87494600
       3.89690300  2         2.82145100
$END

$ECP
PB-ECP GEN     60     3
4   -------  s-ul potential  ----------
     281.28549900  2        12.29630300
      62.52021700  2         8.63263400
     -12.20989200  2         3.88751200
     -16.19029100  2         3.81196300
6   -------  p-ul potential  ----------
      72.27689700  2        10.24179000
     144.59108300  2         8.92417600
       4.75869300  2         6.58134200
       9.94062100  2         6.25540300
     -12.20989200  2         3.88751200
     -16.19029100  2         3.81196300
6   -------  d-ul potential  ----------
      35.84850700  2         7.75433600
      53.72434200  2         7.72028100
      10.11525600  2         4.97026400
      14.83373100  2         4.56378900
     -12.20989200  2         3.88751200
     -16.19029100  2         3.81196300
2   -------  f-ul potential  ----------
      12.20989200  2         3.88751200
      16.19029100  2         3.81196300
$END

$ECP
BI-ECP GEN     60     3
4   -------  s-ul potential  ----------
     283.26422700  2        13.04309000
      62.47195900  2         8.22168200
     -13.71338300  2         4.21454600
     -18.19430800  2         4.13340000
6   -------  p-ul potential  ----------
      72.00149900  2        10.46777700
     144.00227700  2         9.11890100
       5.00794500  2         6.75479100
       9.99155000  2         6.25259200
     -13.71338300  2         4.21454600
     -18.19430800  2         4.13340000
6   -------  d-ul potential  ----------
      36.39625900  2         8.08147400
      54.59766400  2         7.89059500
       9.98429400  2         4.95555600
      14.98148500  2         4.70455900
     -13.71338300  2         4.21454600
     -18.19430800  2         4.13340000
2   -------  f-ul potential  ----------
      13.71338300  2         4.21454600
      18.19430800  2         4.13340000
$END

$ECP
PO-ECP GEN     60     3
6   -------  s-ul potential  ----------
     283.24470600  2        13.27722700
      62.39646100  2         8.39951800
     -17.42829500  2         5.01327000
     -23.38035300  2         4.98464000
      -0.16339200  2         1.32676000
      -0.32456600  2         1.52875800
8   -------  p-ul potential  ----------
      71.99171600  2        10.66568200
     143.97187100  2         9.28375300
       4.94961500  2         6.87274900
       9.74049900  2         6.32615000
     -17.42829500  2         5.01327000
     -23.38035300  2         4.98464000
      -0.16339200  2         1.32676000
      -0.32456600  2         1.52875800
8   -------  d-ul potential  ----------
      36.37838300  2         8.21486600
      54.56271500  2         8.00869600
       9.88949900  2         5.05522700
      14.69387700  2         4.78255300
     -17.42829500  2         5.01327000
     -23.38035300  2         4.98464000
      -0.16339200  2         1.32676000
      -0.32456600  2         1.52875800
4   -------  f-ul potential  ----------
      17.42829500  2         5.01327000
      23.38035300  2         4.98464000
       0.16339200  2         1.32676000
       0.32456600  2         1.52875800
$END

$ECP
AT-ECP GEN     60     3
7   -------  s-ul potential  ----------
      49.95715800  2        30.20083200
     283.21037100  2        13.61230600
      62.28105200  2         8.52934000
     -19.87019800  2         5.81216300
     -26.41645200  2         5.75371500
      -0.99497000  2         2.51347200
      -1.49070100  2         2.53626100
8   -------  p-ul potential  ----------
      71.98237100  2        10.85406500
     143.90353200  2         9.46822900
       4.87175900  2         7.03111400
       8.98305900  2         6.14385800
     -19.87019800  2         5.81216300
     -26.41645200  2         5.75371500
      -0.99497000  2         2.51347200
      -1.49070100  2         2.53626100
8   -------  d-ul potential  ----------
      36.36323700  2         8.31351500
      54.54897000  2         7.99896500
       9.77628500  2         5.17996600
      14.26475500  2         4.94222600
     -19.87019800  2         5.81216300
     -26.41645200  2         5.75371500
      -0.99497000  2         2.51347200
      -1.49070100  2         2.53626100
4   -------  f-ul potential  ----------
      19.87019800  2         5.81216300
      26.41645200  2         5.75371500
       0.99497000  2         2.51347200
       1.49070100  2         2.53626100
$END

$ECP
RN-ECP GEN     60     3
7   -------  s-ul potential  ----------
      49.96555100  2        30.15124200
     283.07000000  2        14.52124100
      62.00287000  2         8.05203800
     -21.79729000  2         6.34857100
     -28.94680500  2         6.29594900
      -1.44736500  2         2.88211800
      -2.17796400  2         2.90804800
8   -------  p-ul potential  ----------
      71.96911900  2        11.00994200
     143.86055900  2         9.61762500
       4.71476100  2         7.33600800
       9.01306500  2         6.40625300
     -21.79729000  2         6.34857100
     -28.94680500  2         6.29594900
      -1.44736500  2         2.88211800
      -2.17796400  2         2.90804800
8   -------  d-ul potential  ----------
      36.36836500  2         8.36922000
      54.55176100  2         8.11697500
       9.63448700  2         5.35365600
      14.38790200  2         5.09721200
     -21.79729000  2         6.34857100
     -28.94680500  2         6.29594900
      -1.44736500  2         2.88211800
      -2.17796400  2         2.90804800
4   -------  f-ul potential  ----------
      21.79729000  2         6.34857100
      28.94680500  2         6.29594900
       1.44736500  2         2.88211800
       2.17796400  2         2.90804800
$END
